date,cash_type,card,money,coffee_name,time,year,month,day_of_week,hour,time_period,price_tier
2024-03-01,card,ANON-0000-0000-0001,38.7,Latte,10:15:50.520,2024,3,Friday,10,Morning,High
2024-03-01,card,ANON-0000-0000-0002,38.7,Hot Chocolate,12:19:22.539,2024,3,Friday,12,Afternoon,High
2024-03-01,card,ANON-0000-0000-0002,38.7,Hot Chocolate,12:20:18.089,2024,3,Friday,12,Afternoon,High
2024-03-01,card,ANON-0000-0000-0003,28.9,Americano,13:46:33.006,2024,3,Friday,13,Afternoon,Low
2024-03-01,card,ANON-0000-0000-0004,38.7,Latte,13:48:14.626,2024,3,Friday,13,Afternoon,High
2024-03-01,card,ANON-0000-0000-0005,33.8,Americano with Milk,15:39:47.726,2024,3,Friday,15,Afternoon,Medium
2024-03-01,card,ANON-0000-0000-0006,38.7,Hot Chocolate,16:19:02.756,2024,3,Friday,16,Afternoon,High
2024-03-01,card,ANON-0000-0000-0007,33.8,Americano with Milk,18:39:03.580,2024,3,Friday,18,Evening,Medium
2024-03-01,card,ANON-0000-0000-0008,38.7,Cocoa,19:22:01.762,2024,3,Friday,19,Evening,High
2024-03-01,card,ANON-0000-0000-0008,33.8,Americano with Milk,19:23:15.887,2024,3,Friday,19,Evening,Medium
2024-03-01,card,ANON-0000-0000-0009,33.8,Americano with Milk,19:29:17.391,2024,3,Friday,19,Evening,Medium
2024-03-02,card,ANON-0000-0000-0010,28.9,Americano,10:22:06.957,2024,3,Saturday,10,Morning,Low
2024-03-02,cash,Unknown,40.0,Latte,10:30:35.668,2024,3,Saturday,10,Morning,High
2024-03-02,card,ANON-0000-0000-0011,33.8,Americano with Milk,10:41:41.249,2024,3,Saturday,10,Morning,Medium
2024-03-02,card,ANON-0000-0000-0012,33.8,Americano with Milk,11:59:45.484,2024,3,Saturday,11,Morning,Medium
2024-03-02,card,ANON-0000-0000-0013,28.9,Americano,14:38:35.535,2024,3,Saturday,14,Afternoon,Low
2024-03-02,card,ANON-0000-0000-0014,33.8,Americano with Milk,16:37:24.475,2024,3,Saturday,16,Afternoon,Medium
2024-03-02,card,ANON-0000-0000-0004,28.9,Americano,17:34:54.969,2024,3,Saturday,17,Evening,Low
2024-03-03,cash,Unknown,40.0,Latte,10:10:43.981,2024,3,Sunday,10,Morning,High
2024-03-03,card,ANON-0000-0000-0015,38.7,Latte,10:27:18.561,2024,3,Sunday,10,Morning,High
2024-03-03,card,ANON-0000-0000-0016,28.9,Cortado,11:33:56.118,2024,3,Sunday,11,Morning,Low
2024-03-03,card,ANON-0000-0000-0012,28.9,Americano,12:26:56.098,2024,3,Sunday,12,Afternoon,Low
2024-03-03,card,ANON-0000-0000-0017,38.7,Hot Chocolate,13:09:36.321,2024,3,Sunday,13,Afternoon,High
2024-03-03,card,ANON-0000-0000-0018,38.7,Cocoa,17:06:40.271,2024,3,Sunday,17,Evening,High
2024-03-03,card,ANON-0000-0000-0019,28.9,Cortado,17:08:45.895,2024,3,Sunday,17,Evening,Low
2024-03-03,card,ANON-0000-0000-0020,33.8,Americano with Milk,18:03:23.369,2024,3,Sunday,18,Evening,Medium
2024-03-03,card,ANON-0000-0000-0020,33.8,Americano with Milk,18:04:27.946,2024,3,Sunday,18,Evening,Medium
2024-03-03,card,ANON-0000-0000-0020,38.7,Hot Chocolate,18:08:04.959,2024,3,Sunday,18,Evening,High
2024-03-04,card,ANON-0000-0000-0001,38.7,Latte,10:03:51.994,2024,3,Monday,10,Morning,High
2024-03-04,card,ANON-0000-0000-0021,38.7,Latte,10:54:50.958,2024,3,Monday,10,Morning,High
2024-03-04,card,ANON-0000-0000-0012,33.8,Americano with Milk,11:05:16.184,2024,3,Monday,11,Morning,Medium
2024-03-04,card,ANON-0000-0000-0022,24.0,Espresso,14:04:37.734,2024,3,Monday,14,Afternoon,Low
2024-03-05,card,ANON-0000-0000-0001,38.7,Latte,09:59:52.651,2024,3,Tuesday,9,Morning,High
2024-03-05,card,ANON-0000-0000-0023,38.7,Latte,14:34:55.963,2024,3,Tuesday,14,Afternoon,High
2024-03-05,card,ANON-0000-0000-0024,38.7,Latte,17:34:06.043,2024,3,Tuesday,17,Evening,High
2024-03-05,card,ANON-0000-0000-0025,38.7,Hot Chocolate,17:35:25.021,2024,3,Tuesday,17,Evening,High
2024-03-05,card,ANON-0000-0000-0026,38.7,Cocoa,17:36:28.571,2024,3,Tuesday,17,Evening,High
2024-03-05,card,ANON-0000-0000-0027,38.7,Hot Chocolate,17:37:13.659,2024,3,Tuesday,17,Evening,High
2024-03-05,card,ANON-0000-0000-0009,38.7,Hot Chocolate,17:38:09.354,2024,3,Tuesday,17,Evening,High
2024-03-05,card,ANON-0000-0000-0028,28.9,Cortado,17:56:15.776,2024,3,Tuesday,17,Evening,Low
2024-03-05,card,ANON-0000-0000-0028,38.7,Hot Chocolate,18:01:31.242,2024,3,Tuesday,18,Evening,High
2024-03-06,cash,Unknown,35.0,Americano with Milk,12:30:27.089,2024,3,Wednesday,12,Afternoon,Medium
2024-03-06,card,ANON-0000-0000-0012,28.9,Americano,13:24:07.667,2024,3,Wednesday,13,Afternoon,Low
2024-03-06,card,ANON-0000-0000-0012,28.9,Cortado,13:25:14.351,2024,3,Wednesday,13,Afternoon,Low
2024-03-06,card,ANON-0000-0000-0029,38.7,Cappuccino,14:52:01.761,2024,3,Wednesday,14,Afternoon,High
2024-03-06,card,ANON-0000-0000-0029,38.7,Cappuccino,14:53:18.344,2024,3,Wednesday,14,Afternoon,High
2024-03-07,cash,Unknown,40.0,Latte,10:08:58.945,2024,3,Thursday,10,Morning,High
2024-03-07,card,ANON-0000-0000-0030,38.7,Hot Chocolate,10:18:40.543,2024,3,Thursday,10,Morning,High
2024-03-07,card,ANON-0000-0000-0031,38.7,Latte,11:03:58.976,2024,3,Thursday,11,Morning,High
2024-03-07,cash,Unknown,40.0,Latte,11:25:43.977,2024,3,Thursday,11,Morning,High
2024-03-07,card,ANON-0000-0000-0032,28.9,Americano,15:40:22.606,2024,3,Thursday,15,Afternoon,Low
2024-03-07,card,ANON-0000-0000-0033,33.8,Americano with Milk,15:41:28.784,2024,3,Thursday,15,Afternoon,Medium
2024-03-08,card,ANON-0000-0000-0012,28.9,Cortado,10:34:41.283,2024,3,Friday,10,Morning,Low
2024-03-08,card,ANON-0000-0000-0034,38.7,Cappuccino,12:22:28.653,2024,3,Friday,12,Afternoon,High
2024-03-08,card,ANON-0000-0000-0035,28.9,Americano,13:53:02.042,2024,3,Friday,13,Afternoon,Low
2024-03-08,card,ANON-0000-0000-0012,28.9,Americano,14:44:12.686,2024,3,Friday,14,Afternoon,Low
2024-03-08,card,ANON-0000-0000-0033,28.9,Americano,14:45:11.048,2024,3,Friday,14,Afternoon,Low
2024-03-08,card,ANON-0000-0000-0012,33.8,Americano with Milk,14:46:11.155,2024,3,Friday,14,Afternoon,Medium
2024-03-08,card,ANON-0000-0000-0036,38.7,Latte,18:57:51.451,2024,3,Friday,18,Evening,High
2024-03-08,card,ANON-0000-0000-0037,38.7,Latte,18:59:24.941,2024,3,Friday,18,Evening,High
2024-03-09,cash,Unknown,40.0,Hot Chocolate,11:49:37.292,2024,3,Saturday,11,Morning,High
2024-03-09,card,ANON-0000-0000-0038,24.0,Espresso,12:05:15.559,2024,3,Saturday,12,Afternoon,Low
2024-03-09,card,ANON-0000-0000-0039,28.9,Americano,12:07:38.275,2024,3,Saturday,12,Afternoon,Low
2024-03-09,card,ANON-0000-0000-0012,38.7,Cappuccino,12:09:47.714,2024,3,Saturday,12,Afternoon,High
2024-03-09,card,ANON-0000-0000-0040,28.9,Americano,12:13:03.521,2024,3,Saturday,12,Afternoon,Low
2024-03-09,card,ANON-0000-0000-0040,28.9,Americano,12:14:26.458,2024,3,Saturday,12,Afternoon,Low
2024-03-09,card,ANON-0000-0000-0041,38.7,Latte,13:09:22.229,2024,3,Saturday,13,Afternoon,High
2024-03-09,card,ANON-0000-0000-0042,33.8,Americano with Milk,13:41:06.167,2024,3,Saturday,13,Afternoon,Medium
2024-03-09,card,ANON-0000-0000-0043,28.9,Cortado,13:53:10.408,2024,3,Saturday,13,Afternoon,Low
2024-03-09,card,ANON-0000-0000-0043,38.7,Cappuccino,13:54:36.828,2024,3,Saturday,13,Afternoon,High
2024-03-09,card,ANON-0000-0000-0009,33.8,Americano with Milk,14:08:01.829,2024,3,Saturday,14,Afternoon,Medium
2024-03-09,card,ANON-0000-0000-0044,38.7,Hot Chocolate,14:26:52.873,2024,3,Saturday,14,Afternoon,High
2024-03-09,card,ANON-0000-0000-0009,38.7,Cappuccino,19:17:57.572,2024,3,Saturday,19,Evening,High
2024-03-09,card,ANON-0000-0000-0009,38.7,Hot Chocolate,19:19:10.084,2024,3,Saturday,19,Evening,High
2024-03-10,cash,Unknown,30.0,Americano,07:44:18.538,2024,3,Sunday,7,Morning,Medium
2024-03-10,cash,Unknown,35.0,Americano with Milk,07:45:29.441,2024,3,Sunday,7,Morning,Medium
2024-03-10,cash,Unknown,40.0,Latte,10:06:02.960,2024,3,Sunday,10,Morning,High
2024-03-10,card,ANON-0000-0000-0045,24.0,Espresso,11:19:20.764,2024,3,Sunday,11,Morning,Low
2024-03-10,cash,Unknown,35.0,Americano with Milk,17:51:03.048,2024,3,Sunday,17,Evening,Medium
2024-03-10,card,ANON-0000-0000-0046,38.7,Latte,19:34:00.478,2024,3,Sunday,19,Evening,High
2024-03-10,card,ANON-0000-0000-0046,28.9,Cortado,19:35:54.712,2024,3,Sunday,19,Evening,Low
2024-03-11,cash,Unknown,40.0,Latte,10:18:46.724,2024,3,Monday,10,Morning,High
2024-03-11,cash,Unknown,40.0,Cappuccino,11:24:15.022,2024,3,Monday,11,Morning,High
2024-03-11,cash,Unknown,30.0,Cortado,11:24:51.565,2024,3,Monday,11,Morning,Medium
2024-03-11,cash,Unknown,30.0,Americano,11:26:44.221,2024,3,Monday,11,Morning,Medium
2024-03-11,card,ANON-0000-0000-0035,38.7,Cappuccino,11:32:58.781,2024,3,Monday,11,Morning,High
2024-03-11,card,ANON-0000-0000-0047,28.9,Americano,16:24:26.401,2024,3,Monday,16,Afternoon,Low
2024-03-11,card,ANON-0000-0000-0047,38.7,Latte,16:25:45.664,2024,3,Monday,16,Afternoon,High
2024-03-11,card,ANON-0000-0000-0048,28.9,Cortado,16:50:49.608,2024,3,Monday,16,Afternoon,Low
2024-03-12,cash,Unknown,40.0,Latte,10:15:00.297,2024,3,Tuesday,10,Morning,High
2024-03-12,card,ANON-0000-0000-0033,28.9,Americano,10:15:34.543,2024,3,Tuesday,10,Morning,Low
2024-03-12,card,ANON-0000-0000-0033,28.9,Cortado,10:16:24.886,2024,3,Tuesday,10,Morning,Low
2024-03-12,card,ANON-0000-0000-0049,38.7,Hot Chocolate,11:20:45.632,2024,3,Tuesday,11,Morning,High
2024-03-12,card,ANON-0000-0000-0004,33.8,Americano with Milk,12:46:23.275,2024,3,Tuesday,12,Afternoon,Medium
2024-03-12,card,ANON-0000-0000-0004,28.9,Americano,12:47:26.027,2024,3,Tuesday,12,Afternoon,Low
2024-03-12,card,ANON-0000-0000-0050,28.9,Americano,16:15:43.325,2024,3,Tuesday,16,Afternoon,Low
2024-03-13,card,ANON-0000-0000-0048,38.7,Hot Chocolate,11:06:43.038,2024,3,Wednesday,11,Morning,High
2024-03-13,card,ANON-0000-0000-0004,28.9,Americano,11:48:16.753,2024,3,Wednesday,11,Morning,Low
2024-03-13,card,ANON-0000-0000-0051,28.9,Americano,12:18:06.336,2024,3,Wednesday,12,Afternoon,Low
2024-03-13,card,ANON-0000-0000-0051,28.9,Americano,12:19:05.128,2024,3,Wednesday,12,Afternoon,Low
2024-03-13,cash,Unknown,25.0,Espresso,12:34:30.315,2024,3,Wednesday,12,Afternoon,Low
2024-03-13,card,ANON-0000-0000-0052,33.8,Americano with Milk,14:26:40.875,2024,3,Wednesday,14,Afternoon,Medium
2024-03-13,card,ANON-0000-0000-0053,24.0,Espresso,15:40:22.261,2024,3,Wednesday,15,Afternoon,Low
2024-03-13,card,ANON-0000-0000-0053,24.0,Espresso,15:41:20.424,2024,3,Wednesday,15,Afternoon,Low
2024-03-13,card,ANON-0000-0000-0054,24.0,Espresso,16:47:09.373,2024,3,Wednesday,16,Afternoon,Low
2024-03-14,cash,Unknown,40.0,Latte,10:02:12.241,2024,3,Thursday,10,Morning,High
2024-03-14,card,ANON-0000-0000-0055,38.7,Latte,10:28:33.017,2024,3,Thursday,10,Morning,High
2024-03-14,card,ANON-0000-0000-0055,38.7,Hot Chocolate,10:29:34.283,2024,3,Thursday,10,Morning,High
2024-03-14,card,ANON-0000-0000-0012,28.9,Cortado,13:27:29.536,2024,3,Thursday,13,Afternoon,Low
2024-03-14,card,ANON-0000-0000-0012,28.9,Americano,13:28:24.527,2024,3,Thursday,13,Afternoon,Low
2024-03-14,card,ANON-0000-0000-0056,33.8,Americano with Milk,13:51:59.905,2024,3,Thursday,13,Afternoon,Medium
2024-03-14,card,ANON-0000-0000-0057,24.0,Espresso,13:52:56.248,2024,3,Thursday,13,Afternoon,Low
2024-03-14,card,ANON-0000-0000-0058,38.7,Latte,15:20:38.367,2024,3,Thursday,15,Afternoon,High
2024-03-14,card,ANON-0000-0000-0059,33.8,Americano with Milk,16:04:09.506,2024,3,Thursday,16,Afternoon,Medium
2024-03-14,card,ANON-0000-0000-0050,24.0,Espresso,16:54:38.202,2024,3,Thursday,16,Afternoon,Low
2024-03-14,card,ANON-0000-0000-0019,38.7,Hot Chocolate,18:58:55.854,2024,3,Thursday,18,Evening,High
2024-03-14,card,ANON-0000-0000-0012,28.9,Cortado,19:00:08.663,2024,3,Thursday,19,Evening,Low
2024-03-15,cash,Unknown,40.0,Latte,10:02:16.533,2024,3,Friday,10,Morning,High
2024-03-15,card,ANON-0000-0000-0060,38.7,Hot Chocolate,10:53:02.180,2024,3,Friday,10,Morning,High
2024-03-15,card,ANON-0000-0000-0012,28.9,Americano,18:19:27.922,2024,3,Friday,18,Evening,Low
2024-03-16,card,ANON-0000-0000-0061,33.8,Americano with Milk,12:06:55.209,2024,3,Saturday,12,Afternoon,Medium
2024-03-16,card,ANON-0000-0000-0061,28.9,Americano,12:07:53.915,2024,3,Saturday,12,Afternoon,Low
2024-03-16,card,ANON-0000-0000-0009,28.9,Cortado,15:58:18.458,2024,3,Saturday,15,Afternoon,Low
2024-03-16,card,ANON-0000-0000-0009,28.9,Cortado,16:03:21.738,2024,3,Saturday,16,Afternoon,Low
2024-03-16,card,ANON-0000-0000-0012,28.9,Cortado,16:04:11.444,2024,3,Saturday,16,Afternoon,Low
2024-03-16,card,ANON-0000-0000-0062,33.8,Americano with Milk,17:58:07.241,2024,3,Saturday,17,Evening,Medium
2024-03-17,cash,Unknown,40.0,Latte,10:10:21.399,2024,3,Sunday,10,Morning,High
2024-03-17,card,ANON-0000-0000-0063,28.9,Cortado,12:55:26.065,2024,3,Sunday,12,Afternoon,Low
2024-03-18,card,ANON-0000-0000-0064,28.9,Cortado,11:17:59.671,2024,3,Monday,11,Morning,Low
2024-03-18,card,ANON-0000-0000-0003,28.9,Americano,15:31:39.725,2024,3,Monday,15,Afternoon,Low
2024-03-18,card,ANON-0000-0000-0003,28.9,Americano,15:32:38.239,2024,3,Monday,15,Afternoon,Low
2024-03-18,card,ANON-0000-0000-0003,28.9,Americano,15:33:36.708,2024,3,Monday,15,Afternoon,Low
2024-03-19,cash,Unknown,30.0,Cortado,10:20:25.996,2024,3,Tuesday,10,Morning,Medium
2024-03-19,card,ANON-0000-0000-0065,38.7,Latte,14:02:21.536,2024,3,Tuesday,14,Afternoon,High
2024-03-19,card,ANON-0000-0000-0065,38.7,Latte,14:03:19.765,2024,3,Tuesday,14,Afternoon,High
2024-03-19,card,ANON-0000-0000-0049,38.7,Hot Chocolate,15:04:36.309,2024,3,Tuesday,15,Afternoon,High
2024-03-19,card,ANON-0000-0000-0066,33.8,Americano with Milk,16:53:48.706,2024,3,Tuesday,16,Afternoon,Medium
2024-03-19,cash,Unknown,40.0,Hot Chocolate,19:26:32.677,2024,3,Tuesday,19,Evening,High
2024-03-20,card,ANON-0000-0000-0012,28.9,Cortado,11:41:16.403,2024,3,Wednesday,11,Morning,Low
2024-03-20,cash,Unknown,40.0,Latte,12:21:07.728,2024,3,Wednesday,12,Afternoon,High
2024-03-20,card,ANON-0000-0000-0049,28.9,Cortado,12:30:48.968,2024,3,Wednesday,12,Afternoon,Low
2024-03-20,card,ANON-0000-0000-0067,38.7,Cappuccino,13:16:47.394,2024,3,Wednesday,13,Afternoon,High
2024-03-20,card,ANON-0000-0000-0050,38.7,Cocoa,16:42:38.117,2024,3,Wednesday,16,Afternoon,High
2024-03-20,card,ANON-0000-0000-0068,38.7,Latte,17:50:28.781,2024,3,Wednesday,17,Evening,High
2024-03-21,cash,Unknown,40.0,Cappuccino,10:18:56.977,2024,3,Thursday,10,Morning,High
2024-03-21,card,ANON-0000-0000-0012,28.9,Cortado,12:25:09.194,2024,3,Thursday,12,Afternoon,Low
2024-03-21,card,ANON-0000-0000-0012,38.7,Cappuccino,12:26:17.428,2024,3,Thursday,12,Afternoon,High
2024-03-21,cash,Unknown,30.0,Americano,17:21:01.453,2024,3,Thursday,17,Evening,Medium
2024-03-21,card,ANON-0000-0000-0012,28.9,Cortado,17:22:01.353,2024,3,Thursday,17,Evening,Low
2024-03-21,card,ANON-0000-0000-0069,38.7,Latte,19:20:36.508,2024,3,Thursday,19,Evening,High
2024-03-22,card,ANON-0000-0000-0070,33.8,Americano with Milk,10:35:53.619,2024,3,Friday,10,Morning,Medium
2024-03-22,card,ANON-0000-0000-0071,33.8,Americano with Milk,13:29:20.343,2024,3,Friday,13,Afternoon,Medium
2024-03-22,cash,Unknown,40.0,Cappuccino,16:15:14.448,2024,3,Friday,16,Afternoon,High
2024-03-22,card,ANON-0000-0000-0012,28.9,Americano,17:17:03.724,2024,3,Friday,17,Evening,Low
2024-03-22,card,ANON-0000-0000-0012,24.0,Espresso,17:17:58.991,2024,3,Friday,17,Evening,Low
2024-03-22,card,ANON-0000-0000-0050,28.9,Americano,17:20:49.490,2024,3,Friday,17,Evening,Low
2024-03-23,card,ANON-0000-0000-0072,38.7,Latte,10:43:59.559,2024,3,Saturday,10,Morning,High
2024-03-23,card,ANON-0000-0000-0073,33.8,Americano with Milk,10:45:07.157,2024,3,Saturday,10,Morning,Medium
2024-03-23,card,ANON-0000-0000-0074,38.7,Cappuccino,13:10:07.661,2024,3,Saturday,13,Afternoon,High
2024-03-23,card,ANON-0000-0000-0074,38.7,Cocoa,13:11:12.230,2024,3,Saturday,13,Afternoon,High
2024-03-23,card,ANON-0000-0000-0075,33.8,Americano with Milk,14:44:41.276,2024,3,Saturday,14,Afternoon,Medium
2024-03-23,card,ANON-0000-0000-0076,38.7,Latte,15:47:19.062,2024,3,Saturday,15,Afternoon,High
2024-03-23,card,ANON-0000-0000-0076,33.8,Americano with Milk,15:49:33.813,2024,3,Saturday,15,Afternoon,Medium
2024-03-23,card,ANON-0000-0000-0009,28.9,Cortado,16:00:58.386,2024,3,Saturday,16,Afternoon,Low
2024-03-24,cash,Unknown,40.0,Latte,10:03:56.005,2024,3,Sunday,10,Morning,High
2024-03-24,card,ANON-0000-0000-0077,38.7,Latte,18:45:08.397,2024,3,Sunday,18,Evening,High
2024-03-25,card,ANON-0000-0000-0009,38.7,Latte,10:31:47.250,2024,3,Monday,10,Morning,High
2024-03-25,cash,Unknown,35.0,Americano with Milk,11:16:25.671,2024,3,Monday,11,Morning,Medium
2024-03-25,card,ANON-0000-0000-0078,38.7,Latte,14:27:09.163,2024,3,Monday,14,Afternoon,High
2024-03-25,card,ANON-0000-0000-0017,38.7,Latte,14:29:25.343,2024,3,Monday,14,Afternoon,High
2024-03-25,card,ANON-0000-0000-0024,33.8,Americano with Milk,18:37:30.650,2024,3,Monday,18,Evening,Medium
2024-03-25,card,ANON-0000-0000-0079,38.7,Cappuccino,19:34:24.542,2024,3,Monday,19,Evening,High
2024-03-26,card,ANON-0000-0000-0055,38.7,Cocoa,10:35:49.679,2024,3,Tuesday,10,Morning,High
2024-03-26,card,ANON-0000-0000-0055,38.7,Latte,10:36:36.151,2024,3,Tuesday,10,Morning,High
2024-03-26,card,ANON-0000-0000-0080,38.7,Latte,10:42:30.170,2024,3,Tuesday,10,Morning,High
2024-03-26,card,ANON-0000-0000-0009,28.9,Cortado,11:11:47.335,2024,3,Tuesday,11,Morning,Low
2024-03-26,card,ANON-0000-0000-0003,28.9,Americano,13:35:52.773,2024,3,Tuesday,13,Afternoon,Low
2024-03-26,card,ANON-0000-0000-0032,28.9,Cortado,13:36:49.644,2024,3,Tuesday,13,Afternoon,Low
2024-03-26,card,ANON-0000-0000-0059,28.9,Cortado,13:37:59.723,2024,3,Tuesday,13,Afternoon,Low
2024-03-26,card,ANON-0000-0000-0050,28.9,Americano,13:57:53.677,2024,3,Tuesday,13,Afternoon,Low
2024-03-26,card,ANON-0000-0000-0081,38.7,Latte,15:48:02.270,2024,3,Tuesday,15,Afternoon,High
2024-03-26,card,ANON-0000-0000-0024,38.7,Latte,18:33:38.568,2024,3,Tuesday,18,Evening,High
2024-03-26,card,ANON-0000-0000-0009,38.7,Hot Chocolate,18:34:54.648,2024,3,Tuesday,18,Evening,High
2024-03-27,card,ANON-0000-0000-0003,28.9,Cortado,11:04:51.174,2024,3,Wednesday,11,Morning,Low
2024-03-27,card,ANON-0000-0000-0003,33.8,Americano with Milk,11:05:58.236,2024,3,Wednesday,11,Morning,Medium
2024-03-27,card,ANON-0000-0000-0082,33.8,Americano with Milk,12:57:00.462,2024,3,Wednesday,12,Afternoon,Medium
2024-03-27,card,ANON-0000-0000-0083,38.7,Hot Chocolate,13:35:20.039,2024,3,Wednesday,13,Afternoon,High
2024-03-27,card,ANON-0000-0000-0012,38.7,Cappuccino,14:22:31.662,2024,3,Wednesday,14,Afternoon,High
2024-03-27,card,ANON-0000-0000-0012,28.9,Americano,14:23:35.380,2024,3,Wednesday,14,Afternoon,Low
2024-03-27,card,ANON-0000-0000-0084,28.9,Cortado,18:30:11.833,2024,3,Wednesday,18,Evening,Low
2024-03-27,cash,Unknown,40.0,Latte,19:31:12.442,2024,3,Wednesday,19,Evening,High
2024-03-28,card,ANON-0000-0000-0085,28.9,Cortado,14:24:47.092,2024,3,Thursday,14,Afternoon,Low
2024-03-28,card,ANON-0000-0000-0012,28.9,Cortado,17:24:46.244,2024,3,Thursday,17,Evening,Low
2024-03-28,card,ANON-0000-0000-0012,28.9,Americano,17:27:05.304,2024,3,Thursday,17,Evening,Low
2024-03-28,card,ANON-0000-0000-0086,38.7,Latte,17:32:44.652,2024,3,Thursday,17,Evening,High
2024-03-29,card,ANON-0000-0000-0087,38.7,Latte,10:56:19.495,2024,3,Friday,10,Morning,High
2024-03-29,card,ANON-0000-0000-0088,38.7,Cappuccino,12:34:17.383,2024,3,Friday,12,Afternoon,High
2024-03-29,card,ANON-0000-0000-0088,38.7,Cappuccino,12:41:32.125,2024,3,Friday,12,Afternoon,High
2024-03-29,cash,Unknown,40.0,Cappuccino,13:22:44.618,2024,3,Friday,13,Afternoon,High
2024-03-30,card,ANON-0000-0000-0069,38.7,Latte,11:59:19.854,2024,3,Saturday,11,Morning,High
2024-03-30,cash,Unknown,40.0,Cappuccino,13:49:25.815,2024,3,Saturday,13,Afternoon,High
2024-03-30,card,ANON-0000-0000-0017,38.7,Latte,16:12:31.786,2024,3,Saturday,16,Afternoon,High
2024-03-30,card,ANON-0000-0000-0009,38.7,Latte,16:36:40.513,2024,3,Saturday,16,Afternoon,High
2024-03-30,card,ANON-0000-0000-0009,33.8,Americano with Milk,16:37:57.553,2024,3,Saturday,16,Afternoon,Medium
2024-03-31,card,ANON-0000-0000-0089,38.7,Cappuccino,10:40:04.523,2024,3,Sunday,10,Morning,High
2024-03-31,cash,Unknown,30.0,Americano,19:36:45.000,2024,3,Sunday,19,Evening,Medium
2024-04-01,card,ANON-0000-0000-0004,28.9,Americano,10:28:47.601,2024,4,Monday,10,Morning,Low
2024-04-01,card,ANON-0000-0000-0004,33.8,Americano with Milk,10:29:42.318,2024,4,Monday,10,Morning,Medium
2024-04-01,card,ANON-0000-0000-0004,33.8,Americano with Milk,10:30:43.735,2024,4,Monday,10,Morning,Medium
2024-04-01,card,ANON-0000-0000-0009,33.8,Americano with Milk,11:15:43.836,2024,4,Monday,11,Morning,Medium
2024-04-01,cash,Unknown,40.0,Cappuccino,17:01:42.924,2024,4,Monday,17,Evening,High
2024-04-01,card,ANON-0000-0000-0024,33.8,Americano with Milk,18:18:42.372,2024,4,Monday,18,Evening,Medium
2024-04-01,card,ANON-0000-0000-0090,38.7,Hot Chocolate,18:45:27.436,2024,4,Monday,18,Evening,High
2024-04-02,card,ANON-0000-0000-0001,38.7,Latte,10:01:14.022,2024,4,Tuesday,10,Morning,High
2024-04-02,card,ANON-0000-0000-0003,28.9,Americano,16:18:34.169,2024,4,Tuesday,16,Afternoon,Low
2024-04-02,card,ANON-0000-0000-0003,28.9,Cortado,16:19:28.460,2024,4,Tuesday,16,Afternoon,Low
2024-04-02,cash,Unknown,40.0,Cappuccino,19:59:31.942,2024,4,Tuesday,19,Evening,High
2024-04-03,card,ANON-0000-0000-0003,28.9,Cortado,10:19:13.644,2024,4,Wednesday,10,Morning,Low
2024-04-03,card,ANON-0000-0000-0003,28.9,Americano,10:20:07.655,2024,4,Wednesday,10,Morning,Low
2024-04-03,card,ANON-0000-0000-0012,38.7,Cappuccino,13:12:05.367,2024,4,Wednesday,13,Afternoon,High
2024-04-03,cash,Unknown,30.0,Cortado,15:36:11.735,2024,4,Wednesday,15,Afternoon,Medium
2024-04-04,card,ANON-0000-0000-0091,38.7,Latte,10:44:55.988,2024,4,Thursday,10,Morning,High
2024-04-04,card,ANON-0000-0000-0092,38.7,Latte,11:26:38.085,2024,4,Thursday,11,Morning,High
2024-04-04,card,ANON-0000-0000-0093,38.7,Cappuccino,11:27:48.411,2024,4,Thursday,11,Morning,High
2024-04-04,card,ANON-0000-0000-0094,28.9,Cortado,12:23:02.216,2024,4,Thursday,12,Afternoon,Low
2024-04-04,cash,Unknown,40.0,Latte,19:42:07.740,2024,4,Thursday,19,Evening,High
2024-04-05,card,ANON-0000-0000-0095,28.9,Americano,10:40:42.728,2024,4,Friday,10,Morning,Low
2024-04-05,card,ANON-0000-0000-0012,28.9,Americano,10:42:06.204,2024,4,Friday,10,Morning,Low
2024-04-05,card,ANON-0000-0000-0096,28.9,Cortado,11:06:14.643,2024,4,Friday,11,Morning,Low
2024-04-05,card,ANON-0000-0000-0097,33.8,Americano with Milk,12:14:27.975,2024,4,Friday,12,Afternoon,Medium
2024-04-05,card,ANON-0000-0000-0098,38.7,Latte,14:23:40.387,2024,4,Friday,14,Afternoon,High
2024-04-05,card,ANON-0000-0000-0098,28.9,Cortado,14:24:50.417,2024,4,Friday,14,Afternoon,Low
2024-04-05,cash,Unknown,40.0,Latte,15:30:50.383,2024,4,Friday,15,Afternoon,High
2024-04-05,cash,Unknown,40.0,Cappuccino,15:54:15.768,2024,4,Friday,15,Afternoon,High
2024-04-05,cash,Unknown,30.0,Americano,15:55:30.947,2024,4,Friday,15,Afternoon,Medium
2024-04-05,cash,Unknown,40.0,Cocoa,16:17:43.975,2024,4,Friday,16,Afternoon,High
2024-04-05,card,ANON-0000-0000-0003,24.0,Espresso,16:18:23.558,2024,4,Friday,16,Afternoon,Low
2024-04-06,card,ANON-0000-0000-0099,33.8,Americano with Milk,12:32:31.398,2024,4,Saturday,12,Afternoon,Medium
2024-04-06,card,ANON-0000-0000-0040,38.7,Cappuccino,14:13:18.733,2024,4,Saturday,14,Afternoon,High
2024-04-06,card,ANON-0000-0000-0040,28.9,Americano,14:14:27.029,2024,4,Saturday,14,Afternoon,Low
2024-04-06,card,ANON-0000-0000-0009,38.7,Latte,14:49:50.183,2024,4,Saturday,14,Afternoon,High
2024-04-07,card,ANON-0000-0000-0091,38.7,Latte,10:12:53.204,2024,4,Sunday,10,Morning,High
2024-04-07,card,ANON-0000-0000-0040,38.7,Cappuccino,12:44:31.936,2024,4,Sunday,12,Afternoon,High
2024-04-07,card,ANON-0000-0000-0040,38.7,Cappuccino,12:46:05.118,2024,4,Sunday,12,Afternoon,High
2024-04-07,card,ANON-0000-0000-0100,28.9,Cortado,14:16:24.949,2024,4,Sunday,14,Afternoon,Low
2024-04-07,card,ANON-0000-0000-0100,24.0,Espresso,14:17:30.628,2024,4,Sunday,14,Afternoon,Low
2024-04-07,card,ANON-0000-0000-0101,38.7,Hot Chocolate,18:01:16.608,2024,4,Sunday,18,Evening,High
2024-04-07,card,ANON-0000-0000-0101,33.8,Americano with Milk,18:02:03.878,2024,4,Sunday,18,Evening,Medium
2024-04-08,card,ANON-0000-0000-0102,33.8,Americano with Milk,10:58:21.106,2024,4,Monday,10,Morning,Medium
2024-04-08,card,ANON-0000-0000-0103,38.7,Cappuccino,10:59:27.558,2024,4,Monday,10,Morning,High
2024-04-08,card,ANON-0000-0000-0012,28.9,Americano,11:01:20.464,2024,4,Monday,11,Morning,Low
2024-04-08,card,ANON-0000-0000-0104,38.7,Cappuccino,11:04:47.030,2024,4,Monday,11,Morning,High
2024-04-08,cash,Unknown,25.0,Espresso,12:54:25.897,2024,4,Monday,12,Afternoon,Low
2024-04-08,cash,Unknown,35.0,Americano with Milk,15:43:36.881,2024,4,Monday,15,Afternoon,Medium
2024-04-08,card,ANON-0000-0000-0017,38.7,Latte,16:41:37.806,2024,4,Monday,16,Afternoon,High
2024-04-08,card,ANON-0000-0000-0105,28.9,Americano,18:18:09.713,2024,4,Monday,18,Evening,Low
2024-04-08,card,ANON-0000-0000-0024,33.8,Americano with Milk,19:22:27.477,2024,4,Monday,19,Evening,Medium
2024-04-08,card,ANON-0000-0000-0106,38.7,Cappuccino,19:23:59.268,2024,4,Monday,19,Evening,High
2024-04-09,cash,Unknown,40.0,Cappuccino,10:22:27.359,2024,4,Tuesday,10,Morning,High
2024-04-09,cash,Unknown,30.0,Americano,10:24:10.103,2024,4,Tuesday,10,Morning,Medium
2024-04-09,card,ANON-0000-0000-0091,38.7,Latte,11:42:28.468,2024,4,Tuesday,11,Morning,High
2024-04-09,card,ANON-0000-0000-0107,38.7,Hot Chocolate,15:11:48.720,2024,4,Tuesday,15,Afternoon,High
2024-04-09,card,ANON-0000-0000-0049,38.7,Hot Chocolate,17:25:23.936,2024,4,Tuesday,17,Evening,High
2024-04-10,cash,Unknown,25.0,Espresso,10:21:26.175,2024,4,Wednesday,10,Morning,Low
2024-04-10,cash,Unknown,40.0,Hot Chocolate,17:55:07.018,2024,4,Wednesday,17,Evening,High
2024-04-10,card,ANON-0000-0000-0108,24.0,Espresso,17:55:31.244,2024,4,Wednesday,17,Evening,Low
2024-04-10,card,ANON-0000-0000-0009,38.7,Cappuccino,18:24:59.290,2024,4,Wednesday,18,Evening,High
2024-04-10,card,ANON-0000-0000-0109,38.7,Latte,20:04:05.386,2024,4,Wednesday,20,Evening,High
2024-04-11,card,ANON-0000-0000-0110,28.9,Americano,10:41:23.155,2024,4,Thursday,10,Morning,Low
2024-04-11,card,ANON-0000-0000-0110,28.9,Americano,10:42:59.365,2024,4,Thursday,10,Morning,Low
2024-04-11,card,ANON-0000-0000-0017,38.7,Latte,16:35:23.069,2024,4,Thursday,16,Afternoon,High
2024-04-11,card,ANON-0000-0000-0106,38.7,Cappuccino,19:16:56.588,2024,4,Thursday,19,Evening,High
2024-04-11,card,ANON-0000-0000-0024,33.8,Americano with Milk,19:18:36.619,2024,4,Thursday,19,Evening,Medium
2024-04-12,card,ANON-0000-0000-0019,38.7,Hot Chocolate,19:03:43.403,2024,4,Friday,19,Evening,High
2024-04-12,card,ANON-0000-0000-0009,28.9,Cortado,19:38:23.189,2024,4,Friday,19,Evening,Low
2024-04-13,card,ANON-0000-0000-0009,38.7,Latte,12:29:19.823,2024,4,Saturday,12,Afternoon,High
2024-04-13,card,ANON-0000-0000-0012,28.9,Americano,12:43:02.389,2024,4,Saturday,12,Afternoon,Low
2024-04-13,cash,Unknown,40.0,Hot Chocolate,15:06:52.292,2024,4,Saturday,15,Afternoon,High
2024-04-13,cash,Unknown,40.0,Hot Chocolate,15:07:55.966,2024,4,Saturday,15,Afternoon,High
2024-04-13,card,ANON-0000-0000-0111,38.7,Cappuccino,16:18:03.938,2024,4,Saturday,16,Afternoon,High
2024-04-13,card,ANON-0000-0000-0111,38.7,Latte,16:19:39.799,2024,4,Saturday,16,Afternoon,High
2024-04-13,card,ANON-0000-0000-0112,38.7,Cappuccino,17:51:26.026,2024,4,Saturday,17,Evening,High
2024-04-13,card,ANON-0000-0000-0012,38.7,Cappuccino,17:53:19.237,2024,4,Saturday,17,Evening,High
2024-04-14,cash,Unknown,40.0,Latte,10:55:27.406,2024,4,Sunday,10,Morning,High
2024-04-14,card,ANON-0000-0000-0113,38.7,Cappuccino,12:24:39.028,2024,4,Sunday,12,Afternoon,High
2024-04-14,cash,Unknown,30.0,Cortado,12:27:08.951,2024,4,Sunday,12,Afternoon,Medium
2024-04-14,cash,Unknown,30.0,Cortado,12:29:06.877,2024,4,Sunday,12,Afternoon,Medium
2024-04-14,cash,Unknown,35.0,Americano with Milk,12:31:36.036,2024,4,Sunday,12,Afternoon,Medium
2024-04-14,card,ANON-0000-0000-0114,28.9,Cortado,13:21:49.808,2024,4,Sunday,13,Afternoon,Low
2024-04-14,card,ANON-0000-0000-0012,28.9,Americano,14:23:31.631,2024,4,Sunday,14,Afternoon,Low
2024-04-14,card,ANON-0000-0000-0012,28.9,Americano,14:24:26.930,2024,4,Sunday,14,Afternoon,Low
2024-04-14,card,ANON-0000-0000-0012,28.9,Americano,14:25:18.122,2024,4,Sunday,14,Afternoon,Low
2024-04-14,card,ANON-0000-0000-0017,38.7,Cappuccino,15:46:27.733,2024,4,Sunday,15,Afternoon,High
2024-04-14,card,ANON-0000-0000-0012,28.9,Cortado,16:59:54.823,2024,4,Sunday,16,Afternoon,Low
2024-04-14,card,ANON-0000-0000-0019,38.7,Latte,17:00:45.387,2024,4,Sunday,17,Evening,High
2024-04-14,card,ANON-0000-0000-0115,38.7,Cappuccino,18:38:19.649,2024,4,Sunday,18,Evening,High
2024-04-15,card,ANON-0000-0000-0064,28.9,Americano,11:45:24.619,2024,4,Monday,11,Morning,Low
2024-04-15,card,ANON-0000-0000-0003,28.9,Americano,17:01:46.359,2024,4,Monday,17,Evening,Low
2024-04-15,card,ANON-0000-0000-0004,33.8,Americano with Milk,17:02:49.748,2024,4,Monday,17,Evening,Medium
2024-04-15,card,ANON-0000-0000-0009,33.8,Americano with Milk,19:33:03.036,2024,4,Monday,19,Evening,Medium
2024-04-15,cash,Unknown,25.0,Espresso,19:41:58.112,2024,4,Monday,19,Evening,Low
2024-04-16,cash,Unknown,35.0,Americano with Milk,10:43:49.907,2024,4,Tuesday,10,Morning,Medium
2024-04-16,card,ANON-0000-0000-0116,33.8,Americano with Milk,10:46:25.706,2024,4,Tuesday,10,Morning,Medium
2024-04-16,card,ANON-0000-0000-0117,38.7,Cocoa,12:40:47.675,2024,4,Tuesday,12,Afternoon,High
2024-04-16,card,ANON-0000-0000-0064,28.9,Cortado,12:52:07.750,2024,4,Tuesday,12,Afternoon,Low
2024-04-16,card,ANON-0000-0000-0118,28.9,Americano,15:03:16.889,2024,4,Tuesday,15,Afternoon,Low
2024-04-16,card,ANON-0000-0000-0024,33.8,Americano with Milk,17:42:04.208,2024,4,Tuesday,17,Evening,Medium
2024-04-16,card,ANON-0000-0000-0009,38.7,Cappuccino,17:43:22.960,2024,4,Tuesday,17,Evening,High
2024-04-16,card,ANON-0000-0000-0050,38.7,Cocoa,18:09:05.273,2024,4,Tuesday,18,Evening,High
2024-04-17,card,ANON-0000-0000-0012,28.9,Americano,13:32:59.792,2024,4,Wednesday,13,Afternoon,Low
2024-04-17,card,ANON-0000-0000-0119,24.0,Espresso,13:44:00.181,2024,4,Wednesday,13,Afternoon,Low
2024-04-17,cash,Unknown,40.0,Cappuccino,16:13:24.310,2024,4,Wednesday,16,Afternoon,High
2024-04-17,card,ANON-0000-0000-0120,38.7,Cappuccino,17:01:35.149,2024,4,Wednesday,17,Evening,High
2024-04-17,card,ANON-0000-0000-0120,38.7,Cappuccino,17:02:40.687,2024,4,Wednesday,17,Evening,High
2024-04-17,card,ANON-0000-0000-0121,28.9,Cortado,18:14:03.229,2024,4,Wednesday,18,Evening,Low
2024-04-18,card,ANON-0000-0000-0003,28.9,Americano,11:19:01.693,2024,4,Thursday,11,Morning,Low
2024-04-18,card,ANON-0000-0000-0003,28.9,Americano,11:20:05.696,2024,4,Thursday,11,Morning,Low
2024-04-18,card,ANON-0000-0000-0122,33.8,Americano with Milk,13:49:12.720,2024,4,Thursday,13,Afternoon,Medium
2024-04-18,card,ANON-0000-0000-0122,28.9,Cortado,13:50:17.285,2024,4,Thursday,13,Afternoon,Low
2024-04-18,card,ANON-0000-0000-0123,38.7,Cappuccino,14:34:19.818,2024,4,Thursday,14,Afternoon,High
2024-04-18,card,ANON-0000-0000-0123,38.7,Latte,14:35:49.354,2024,4,Thursday,14,Afternoon,High
2024-04-18,card,ANON-0000-0000-0069,38.7,Latte,17:44:15.791,2024,4,Thursday,17,Evening,High
2024-04-18,card,ANON-0000-0000-0085,38.7,Cappuccino,18:21:05.945,2024,4,Thursday,18,Evening,High
2024-04-18,card,ANON-0000-0000-0024,38.7,Hot Chocolate,19:39:51.193,2024,4,Thursday,19,Evening,High
2024-04-18,card,ANON-0000-0000-0009,38.7,Hot Chocolate,19:40:48.954,2024,4,Thursday,19,Evening,High
2024-04-19,card,ANON-0000-0000-0001,38.7,Latte,10:10:36.254,2024,4,Friday,10,Morning,High
2024-04-19,card,ANON-0000-0000-0040,33.8,Americano with Milk,13:11:47.848,2024,4,Friday,13,Afternoon,Medium
2024-04-19,card,ANON-0000-0000-0040,38.7,Cappuccino,13:13:20.876,2024,4,Friday,13,Afternoon,High
2024-04-19,card,ANON-0000-0000-0124,38.7,Hot Chocolate,13:58:54.064,2024,4,Friday,13,Afternoon,High
2024-04-19,card,ANON-0000-0000-0124,38.7,Cappuccino,13:59:49.690,2024,4,Friday,13,Afternoon,High
2024-04-19,card,ANON-0000-0000-0024,38.7,Cocoa,18:23:19.311,2024,4,Friday,18,Evening,High
2024-04-19,card,ANON-0000-0000-0009,33.8,Americano with Milk,18:25:33.440,2024,4,Friday,18,Evening,Medium
2024-04-20,cash,Unknown,35.0,Americano with Milk,11:24:42.681,2024,4,Saturday,11,Morning,Medium
2024-04-20,card,ANON-0000-0000-0125,33.8,Americano with Milk,12:08:35.701,2024,4,Saturday,12,Afternoon,Medium
2024-04-20,card,ANON-0000-0000-0125,33.8,Americano with Milk,12:09:42.664,2024,4,Saturday,12,Afternoon,Medium
2024-04-20,card,ANON-0000-0000-0118,28.9,Americano,13:08:37.378,2024,4,Saturday,13,Afternoon,Low
2024-04-20,card,ANON-0000-0000-0118,33.8,Americano with Milk,13:09:47.905,2024,4,Saturday,13,Afternoon,Medium
2024-04-20,card,ANON-0000-0000-0118,38.7,Hot Chocolate,13:10:55.151,2024,4,Saturday,13,Afternoon,High
2024-04-20,card,ANON-0000-0000-0040,38.7,Cappuccino,14:44:18.118,2024,4,Saturday,14,Afternoon,High
2024-04-20,card,ANON-0000-0000-0009,33.8,Americano with Milk,15:11:00.330,2024,4,Saturday,15,Afternoon,Medium
2024-04-20,card,ANON-0000-0000-0012,32.82,Americano with Milk,15:22:40.717,2024,4,Saturday,15,Afternoon,Medium
2024-04-20,card,ANON-0000-0000-0126,32.82,Americano with Milk,15:49:25.148,2024,4,Saturday,15,Afternoon,Medium
2024-04-20,cash,Unknown,39.0,Cocoa,17:07:57.969,2024,4,Saturday,17,Evening,High
2024-04-20,card,ANON-0000-0000-0127,37.72,Cappuccino,18:27:41.496,2024,4,Saturday,18,Evening,High
2024-04-20,card,ANON-0000-0000-0127,37.72,Cappuccino,18:28:46.900,2024,4,Saturday,18,Evening,High
2024-04-20,card,ANON-0000-0000-0128,37.72,Latte,19:30:55.317,2024,4,Saturday,19,Evening,High
2024-04-21,card,ANON-0000-0000-0001,37.72,Latte,11:16:45.707,2024,4,Sunday,11,Morning,High
2024-04-21,card,ANON-0000-0000-0099,27.92,Americano,14:15:37.541,2024,4,Sunday,14,Afternoon,Low
2024-04-21,cash,Unknown,39.0,Cappuccino,17:09:03.199,2024,4,Sunday,17,Evening,High
2024-04-22,card,ANON-0000-0000-0012,27.92,Americano,11:09:16.412,2024,4,Monday,11,Morning,Low
2024-04-22,card,ANON-0000-0000-0129,32.82,Americano with Milk,11:29:27.099,2024,4,Monday,11,Morning,Medium
2024-04-22,cash,Unknown,39.0,Latte,18:40:33.024,2024,4,Monday,18,Evening,High
2024-04-22,card,ANON-0000-0000-0009,37.72,Latte,19:39:04.759,2024,4,Monday,19,Evening,High
2024-04-22,cash,Unknown,39.0,Cappuccino,20:02:29.165,2024,4,Monday,20,Evening,High
2024-04-23,card,ANON-0000-0000-0025,37.72,Cappuccino,14:22:35.995,2024,4,Tuesday,14,Afternoon,High
2024-04-23,card,ANON-0000-0000-0024,32.82,Americano with Milk,14:23:53.144,2024,4,Tuesday,14,Afternoon,Medium
2024-04-23,card,ANON-0000-0000-0009,37.72,Cappuccino,14:24:57.515,2024,4,Tuesday,14,Afternoon,High
2024-04-23,card,ANON-0000-0000-0130,32.82,Americano with Milk,19:42:27.765,2024,4,Tuesday,19,Evening,Medium
2024-04-23,card,ANON-0000-0000-0130,32.82,Americano with Milk,19:43:26.234,2024,4,Tuesday,19,Evening,Medium
2024-04-24,card,ANON-0000-0000-0001,37.72,Latte,10:19:38.346,2024,4,Wednesday,10,Morning,High
2024-04-24,card,ANON-0000-0000-0131,32.82,Americano with Milk,10:21:27.287,2024,4,Wednesday,10,Morning,Medium
2024-04-24,card,ANON-0000-0000-0132,32.82,Americano with Milk,11:23:46.102,2024,4,Wednesday,11,Morning,Medium
2024-04-24,card,ANON-0000-0000-0133,32.82,Americano with Milk,11:33:26.347,2024,4,Wednesday,11,Morning,Medium
2024-04-24,card,ANON-0000-0000-0059,32.82,Americano with Milk,12:39:09.298,2024,4,Wednesday,12,Afternoon,Medium
2024-04-24,card,ANON-0000-0000-0009,32.82,Americano with Milk,16:39:07.423,2024,4,Wednesday,16,Afternoon,Medium
2024-04-24,card,ANON-0000-0000-0134,32.82,Americano with Milk,19:39:49.983,2024,4,Wednesday,19,Evening,Medium
2024-04-24,card,ANON-0000-0000-0134,37.72,Cappuccino,19:40:54.031,2024,4,Wednesday,19,Evening,High
2024-04-25,card,ANON-0000-0000-0135,27.92,Americano,10:46:08.057,2024,4,Thursday,10,Morning,Low
2024-04-25,card,ANON-0000-0000-0009,37.72,Latte,15:18:26.971,2024,4,Thursday,15,Afternoon,High
2024-04-25,card,ANON-0000-0000-0012,27.92,Americano,17:09:43.534,2024,4,Thursday,17,Evening,Low
2024-04-25,card,ANON-0000-0000-0012,27.92,Americano,17:10:49.153,2024,4,Thursday,17,Evening,Low
2024-04-26,card,ANON-0000-0000-0001,37.72,Latte,10:12:50.618,2024,4,Friday,10,Morning,High
2024-04-26,card,ANON-0000-0000-0136,37.72,Latte,12:01:30.580,2024,4,Friday,12,Afternoon,High
2024-04-26,card,ANON-0000-0000-0137,37.72,Cappuccino,13:31:28.297,2024,4,Friday,13,Afternoon,High
2024-04-26,card,ANON-0000-0000-0012,27.92,Americano,15:32:35.390,2024,4,Friday,15,Afternoon,Low
2024-04-26,card,ANON-0000-0000-0012,27.92,Americano,15:33:33.132,2024,4,Friday,15,Afternoon,Low
2024-04-26,card,ANON-0000-0000-0138,27.92,Cortado,16:23:26.514,2024,4,Friday,16,Afternoon,Low
2024-04-26,card,ANON-0000-0000-0139,27.92,Americano,16:24:33.800,2024,4,Friday,16,Afternoon,Low
2024-04-26,card,ANON-0000-0000-0009,37.72,Hot Chocolate,19:32:07.112,2024,4,Friday,19,Evening,High
2024-04-26,card,ANON-0000-0000-0009,37.72,Cocoa,19:33:30.220,2024,4,Friday,19,Evening,High
2024-04-27,card,ANON-0000-0000-0009,37.72,Cappuccino,15:27:00.680,2024,4,Saturday,15,Afternoon,High
2024-04-28,card,ANON-0000-0000-0001,37.72,Latte,10:32:52.479,2024,4,Sunday,10,Morning,High
2024-04-28,card,ANON-0000-0000-0140,37.72,Cappuccino,12:30:09.749,2024,4,Sunday,12,Afternoon,High
2024-04-28,card,ANON-0000-0000-0012,27.92,Americano,18:27:08.230,2024,4,Sunday,18,Evening,Low
2024-04-28,card,ANON-0000-0000-0012,27.92,Americano,18:28:11.411,2024,4,Sunday,18,Evening,Low
2024-04-28,card,ANON-0000-0000-0019,37.72,Latte,18:29:02.374,2024,4,Sunday,18,Evening,High
2024-04-29,card,ANON-0000-0000-0141,27.92,Cortado,11:26:31.871,2024,4,Monday,11,Morning,Low
2024-04-29,card,ANON-0000-0000-0003,27.92,Americano,13:27:56.949,2024,4,Monday,13,Afternoon,Low
2024-04-29,card,ANON-0000-0000-0003,27.92,Cortado,13:28:53.899,2024,4,Monday,13,Afternoon,Low
2024-04-29,card,ANON-0000-0000-0141,27.92,Cortado,13:53:35.730,2024,4,Monday,13,Afternoon,Low
2024-04-29,card,ANON-0000-0000-0141,32.82,Americano with Milk,13:54:24.357,2024,4,Monday,13,Afternoon,Medium
2024-04-29,card,ANON-0000-0000-0140,37.72,Cappuccino,18:37:48.406,2024,4,Monday,18,Evening,High
2024-04-29,card,ANON-0000-0000-0134,37.72,Cappuccino,19:12:33.194,2024,4,Monday,19,Evening,High
2024-04-29,card,ANON-0000-0000-0134,37.72,Cappuccino,19:13:37.878,2024,4,Monday,19,Evening,High
2024-04-30,card,ANON-0000-0000-0142,37.72,Latte,10:16:41.493,2024,4,Tuesday,10,Morning,High
2024-04-30,card,ANON-0000-0000-0142,32.82,Americano with Milk,10:34:52.250,2024,4,Tuesday,10,Morning,Medium
2024-04-30,card,ANON-0000-0000-0142,32.82,Americano with Milk,10:35:47.617,2024,4,Tuesday,10,Morning,Medium
2024-04-30,card,ANON-0000-0000-0142,27.92,Americano,13:41:52.325,2024,4,Tuesday,13,Afternoon,Low
2024-04-30,card,ANON-0000-0000-0142,32.82,Americano with Milk,13:42:59.977,2024,4,Tuesday,13,Afternoon,Medium
2024-04-30,card,ANON-0000-0000-0142,37.72,Cappuccino,19:19:18.139,2024,4,Tuesday,19,Evening,High
2024-04-30,card,ANON-0000-0000-0142,32.82,Americano with Milk,19:30:04.003,2024,4,Tuesday,19,Evening,Medium
2024-04-30,card,ANON-0000-0000-0142,37.72,Latte,19:31:20.952,2024,4,Tuesday,19,Evening,High
2024-05-02,card,ANON-0000-0000-0143,27.92,Americano,10:33:55.746,2024,5,Thursday,10,Morning,Low
2024-05-02,cash,Unknown,39.0,Latte,11:29:57.080,2024,5,Thursday,11,Morning,High
2024-05-02,card,ANON-0000-0000-0133,32.82,Americano with Milk,13:49:39.898,2024,5,Thursday,13,Afternoon,Medium
2024-05-02,card,ANON-0000-0000-0144,37.72,Cappuccino,18:36:22.138,2024,5,Thursday,18,Evening,High
2024-05-02,card,ANON-0000-0000-0024,32.82,Americano with Milk,18:41:11.220,2024,5,Thursday,18,Evening,Medium
2024-05-02,card,ANON-0000-0000-0145,37.72,Latte,19:18:33.084,2024,5,Thursday,19,Evening,High
2024-05-02,card,ANON-0000-0000-0145,37.72,Cappuccino,19:19:56.359,2024,5,Thursday,19,Evening,High
2024-05-03,cash,Unknown,39.0,Latte,10:11:53.399,2024,5,Friday,10,Morning,High
2024-05-03,card,ANON-0000-0000-0146,37.72,Latte,14:30:00.923,2024,5,Friday,14,Afternoon,High
2024-05-03,card,ANON-0000-0000-0147,37.72,Latte,17:03:24.905,2024,5,Friday,17,Evening,High
2024-05-06,card,ANON-0000-0000-0148,27.92,Americano,10:05:17.920,2024,5,Monday,10,Morning,Low
2024-05-06,card,ANON-0000-0000-0149,37.72,Cappuccino,10:06:51.625,2024,5,Monday,10,Morning,High
2024-05-06,card,ANON-0000-0000-0149,32.82,Americano with Milk,10:08:05.863,2024,5,Monday,10,Morning,Medium
2024-05-06,card,ANON-0000-0000-0150,27.92,Americano,10:09:07.977,2024,5,Monday,10,Morning,Low
2024-05-06,card,ANON-0000-0000-0141,27.92,Cortado,10:39:12.641,2024,5,Monday,10,Morning,Low
2024-05-06,cash,Unknown,29.0,Americano,11:34:20.640,2024,5,Monday,11,Morning,Low
2024-05-06,card,ANON-0000-0000-0148,27.92,Cortado,13:18:10.990,2024,5,Monday,13,Afternoon,Low
2024-05-06,card,ANON-0000-0000-0148,27.92,Americano,13:19:00.811,2024,5,Monday,13,Afternoon,Low
2024-05-06,card,ANON-0000-0000-0151,37.72,Cappuccino,19:18:12.989,2024,5,Monday,19,Evening,High
2024-05-06,card,ANON-0000-0000-0151,37.72,Cappuccino,19:19:49.548,2024,5,Monday,19,Evening,High
2024-05-07,card,ANON-0000-0000-0148,37.72,Cocoa,10:44:55.582,2024,5,Tuesday,10,Morning,High
2024-05-07,card,ANON-0000-0000-0141,27.92,Cortado,11:21:58.493,2024,5,Tuesday,11,Morning,Low
2024-05-07,card,ANON-0000-0000-0077,27.92,Cortado,13:23:34.943,2024,5,Tuesday,13,Afternoon,Low
2024-05-07,card,ANON-0000-0000-0148,37.72,Cocoa,16:42:07.900,2024,5,Tuesday,16,Afternoon,High
2024-05-07,card,ANON-0000-0000-0152,27.92,Americano,16:55:38.805,2024,5,Tuesday,16,Afternoon,Low
2024-05-07,card,ANON-0000-0000-0153,37.72,Cappuccino,17:37:46.412,2024,5,Tuesday,17,Evening,High
2024-05-07,card,ANON-0000-0000-0153,37.72,Latte,17:38:48.195,2024,5,Tuesday,17,Evening,High
2024-05-07,cash,Unknown,34.0,Americano with Milk,18:35:37.235,2024,5,Tuesday,18,Evening,Medium
2024-05-07,card,ANON-0000-0000-0154,37.72,Cappuccino,19:12:12.524,2024,5,Tuesday,19,Evening,High
2024-05-07,card,ANON-0000-0000-0154,37.72,Cappuccino,19:13:12.195,2024,5,Tuesday,19,Evening,High
2024-05-08,card,ANON-0000-0000-0001,37.72,Latte,10:07:28.863,2024,5,Wednesday,10,Morning,High
2024-05-09,card,ANON-0000-0000-0155,37.72,Cappuccino,12:54:21.812,2024,5,Thursday,12,Afternoon,High
2024-05-09,card,ANON-0000-0000-0156,27.92,Americano,13:03:58.556,2024,5,Thursday,13,Afternoon,Low
2024-05-09,card,ANON-0000-0000-0156,37.72,Latte,13:04:57.647,2024,5,Thursday,13,Afternoon,High
2024-05-09,card,ANON-0000-0000-0156,37.72,Latte,13:06:11.261,2024,5,Thursday,13,Afternoon,High
2024-05-09,card,ANON-0000-0000-0156,37.72,Latte,13:07:16.409,2024,5,Thursday,13,Afternoon,High
2024-05-09,card,ANON-0000-0000-0118,27.92,Americano,16:55:14.601,2024,5,Thursday,16,Afternoon,Low
2024-05-09,card,ANON-0000-0000-0118,27.92,Americano,16:56:14.989,2024,5,Thursday,16,Afternoon,Low
2024-05-09,card,ANON-0000-0000-0157,27.92,Americano,18:01:29.895,2024,5,Thursday,18,Evening,Low
2024-05-09,card,ANON-0000-0000-0143,32.82,Americano with Milk,18:13:56.226,2024,5,Thursday,18,Evening,Medium
2024-05-10,cash,Unknown,39.0,Latte,10:09:21.972,2024,5,Friday,10,Morning,High
2024-05-10,card,ANON-0000-0000-0158,37.72,Latte,15:46:21.511,2024,5,Friday,15,Afternoon,High
2024-05-10,card,ANON-0000-0000-0158,37.72,Latte,15:47:32.508,2024,5,Friday,15,Afternoon,High
2024-05-10,cash,Unknown,34.0,Americano with Milk,16:20:15.084,2024,5,Friday,16,Afternoon,Medium
2024-05-11,card,ANON-0000-0000-0069,37.72,Latte,11:39:52.878,2024,5,Saturday,11,Morning,High
2024-05-11,cash,Unknown,39.0,Latte,17:02:43.648,2024,5,Saturday,17,Evening,High
2024-05-11,card,ANON-0000-0000-0009,32.82,Americano with Milk,17:20:30.398,2024,5,Saturday,17,Evening,Medium
2024-05-11,card,ANON-0000-0000-0026,37.72,Cocoa,17:21:56.117,2024,5,Saturday,17,Evening,High
2024-05-11,card,ANON-0000-0000-0040,37.72,Cappuccino,17:23:57.301,2024,5,Saturday,17,Evening,High
2024-05-11,card,ANON-0000-0000-0012,32.82,Americano with Milk,17:28:54.132,2024,5,Saturday,17,Evening,Medium
2024-05-11,card,ANON-0000-0000-0115,37.72,Cappuccino,18:35:40.257,2024,5,Saturday,18,Evening,High
2024-05-11,card,ANON-0000-0000-0159,37.72,Latte,19:38:16.096,2024,5,Saturday,19,Evening,High
2024-05-12,card,ANON-0000-0000-0001,37.72,Latte,10:20:42.512,2024,5,Sunday,10,Morning,High
2024-05-12,card,ANON-0000-0000-0160,37.72,Latte,13:24:03.465,2024,5,Sunday,13,Afternoon,High
2024-05-12,card,ANON-0000-0000-0161,27.92,Americano,13:27:39.043,2024,5,Sunday,13,Afternoon,Low
2024-05-12,card,ANON-0000-0000-0077,37.72,Latte,15:16:19.815,2024,5,Sunday,15,Afternoon,High
2024-05-12,card,ANON-0000-0000-0162,32.82,Americano with Milk,15:38:02.422,2024,5,Sunday,15,Afternoon,Medium
2024-05-12,card,ANON-0000-0000-0163,32.82,Americano with Milk,15:52:14.871,2024,5,Sunday,15,Afternoon,Medium
2024-05-12,card,ANON-0000-0000-0012,32.82,Americano with Milk,16:04:21.133,2024,5,Sunday,16,Afternoon,Medium
2024-05-12,card,ANON-0000-0000-0009,32.82,Americano with Milk,19:41:30.569,2024,5,Sunday,19,Evening,Medium
2024-05-13,card,ANON-0000-0000-0164,32.82,Americano with Milk,11:03:53.348,2024,5,Monday,11,Morning,Medium
2024-05-13,cash,Unknown,29.0,Americano,15:31:10.763,2024,5,Monday,15,Afternoon,Low
2024-05-13,cash,Unknown,29.0,Americano,15:31:50.907,2024,5,Monday,15,Afternoon,Low
2024-05-14,card,ANON-0000-0000-0012,27.92,Americano,08:38:14.581,2024,5,Tuesday,8,Morning,Low
2024-05-14,card,ANON-0000-0000-0012,27.92,Americano,08:39:25.455,2024,5,Tuesday,8,Morning,Low
2024-05-14,card,ANON-0000-0000-0012,27.92,Americano,08:40:17.484,2024,5,Tuesday,8,Morning,Low
2024-05-14,card,ANON-0000-0000-0012,37.72,Cappuccino,10:19:23.174,2024,5,Tuesday,10,Morning,High
2024-05-14,card,ANON-0000-0000-0165,37.72,Latte,11:32:29.372,2024,5,Tuesday,11,Morning,High
2024-05-14,card,ANON-0000-0000-0165,37.72,Cappuccino,11:34:12.851,2024,5,Tuesday,11,Morning,High
2024-05-14,card,ANON-0000-0000-0025,37.72,Cappuccino,14:04:54.580,2024,5,Tuesday,14,Afternoon,High
2024-05-14,card,ANON-0000-0000-0009,32.82,Americano with Milk,14:06:00.378,2024,5,Tuesday,14,Afternoon,Medium
2024-05-14,card,ANON-0000-0000-0040,27.92,Americano,15:01:54.785,2024,5,Tuesday,15,Afternoon,Low
2024-05-14,card,ANON-0000-0000-0166,32.82,Americano with Milk,16:57:57.224,2024,5,Tuesday,16,Afternoon,Medium
2024-05-14,card,ANON-0000-0000-0166,37.72,Cappuccino,16:59:10.194,2024,5,Tuesday,16,Afternoon,High
2024-05-14,card,ANON-0000-0000-0167,37.72,Hot Chocolate,22:51:25.227,2024,5,Tuesday,22,Evening,High
2024-05-15,card,ANON-0000-0000-0168,37.72,Latte,08:40:05.661,2024,5,Wednesday,8,Morning,High
2024-05-15,card,ANON-0000-0000-0012,23.02,Espresso,11:14:19.353,2024,5,Wednesday,11,Morning,Low
2024-05-15,card,ANON-0000-0000-0012,27.92,Americano,11:19:10.049,2024,5,Wednesday,11,Morning,Low
2024-05-15,card,ANON-0000-0000-0003,27.92,Americano,13:34:35.102,2024,5,Wednesday,13,Afternoon,Low
2024-05-15,card,ANON-0000-0000-0003,27.92,Americano,13:35:29.171,2024,5,Wednesday,13,Afternoon,Low
2024-05-15,card,ANON-0000-0000-0003,27.92,Americano,13:36:27.339,2024,5,Wednesday,13,Afternoon,Low
2024-05-15,card,ANON-0000-0000-0164,32.82,Americano with Milk,13:55:28.999,2024,5,Wednesday,13,Afternoon,Medium
2024-05-15,cash,Unknown,29.0,Americano,14:38:10.847,2024,5,Wednesday,14,Afternoon,Low
2024-05-15,card,ANON-0000-0000-0169,27.92,Cortado,14:38:52.347,2024,5,Wednesday,14,Afternoon,Low
2024-05-15,card,ANON-0000-0000-0012,27.92,Cortado,14:39:44.367,2024,5,Wednesday,14,Afternoon,Low
2024-05-15,card,ANON-0000-0000-0170,23.02,Espresso,17:28:58.620,2024,5,Wednesday,17,Evening,Low
2024-05-15,card,ANON-0000-0000-0171,37.72,Cappuccino,20:20:34.769,2024,5,Wednesday,20,Evening,High
2024-05-16,card,ANON-0000-0000-0097,32.82,Americano with Milk,10:38:42.458,2024,5,Thursday,10,Morning,Medium
2024-05-16,card,ANON-0000-0000-0172,32.82,Americano with Milk,10:39:49.431,2024,5,Thursday,10,Morning,Medium
2024-05-16,cash,Unknown,39.0,Latte,11:42:50.285,2024,5,Thursday,11,Morning,High
2024-05-16,cash,Unknown,39.0,Cappuccino,11:44:20.811,2024,5,Thursday,11,Morning,High
2024-05-16,card,ANON-0000-0000-0173,32.82,Americano with Milk,12:14:00.097,2024,5,Thursday,12,Afternoon,Medium
2024-05-16,card,ANON-0000-0000-0174,37.72,Hot Chocolate,15:15:16.315,2024,5,Thursday,15,Afternoon,High
2024-05-16,card,ANON-0000-0000-0069,37.72,Latte,17:44:31.548,2024,5,Thursday,17,Evening,High
2024-05-16,card,ANON-0000-0000-0175,37.72,Hot Chocolate,18:12:56.934,2024,5,Thursday,18,Evening,High
2024-05-16,card,ANON-0000-0000-0175,37.72,Latte,18:13:58.191,2024,5,Thursday,18,Evening,High
2024-05-17,card,ANON-0000-0000-0033,27.92,Americano,09:00:48.456,2024,5,Friday,9,Morning,Low
2024-05-17,card,ANON-0000-0000-0164,32.82,Americano with Milk,11:30:27.553,2024,5,Friday,11,Morning,Medium
2024-05-17,cash,Unknown,34.0,Americano with Milk,14:58:03.060,2024,5,Friday,14,Afternoon,Medium
2024-05-17,card,ANON-0000-0000-0012,32.82,Americano with Milk,19:55:18.534,2024,5,Friday,19,Evening,Medium
2024-05-17,card,ANON-0000-0000-0009,37.72,Cappuccino,19:56:46.751,2024,5,Friday,19,Evening,High
2024-05-17,card,ANON-0000-0000-0176,37.72,Cappuccino,20:37:52.930,2024,5,Friday,20,Evening,High
2024-05-17,card,ANON-0000-0000-0177,27.92,Americano,22:34:50.797,2024,5,Friday,22,Evening,Low
2024-05-17,card,ANON-0000-0000-0178,37.72,Latte,22:36:33.357,2024,5,Friday,22,Evening,High
2024-05-17,card,ANON-0000-0000-0179,37.72,Latte,22:37:42.821,2024,5,Friday,22,Evening,High
2024-05-18,card,ANON-0000-0000-0180,37.72,Cappuccino,08:01:37.898,2024,5,Saturday,8,Morning,High
2024-05-18,card,ANON-0000-0000-0180,37.72,Cappuccino,08:02:39.959,2024,5,Saturday,8,Morning,High
2024-05-18,card,ANON-0000-0000-0181,32.82,Americano with Milk,11:15:56.089,2024,5,Saturday,11,Morning,Medium
2024-05-18,card,ANON-0000-0000-0172,32.82,Americano with Milk,16:48:29.374,2024,5,Saturday,16,Afternoon,Medium
2024-05-18,card,ANON-0000-0000-0097,32.82,Americano with Milk,16:49:27.131,2024,5,Saturday,16,Afternoon,Medium
2024-05-18,card,ANON-0000-0000-0040,32.82,Americano with Milk,19:58:44.210,2024,5,Saturday,19,Evening,Medium
2024-05-18,card,ANON-0000-0000-0009,37.72,Latte,20:22:53.111,2024,5,Saturday,20,Evening,High
2024-05-18,cash,Unknown,39.0,Cappuccino,22:05:27.473,2024,5,Saturday,22,Evening,High
2024-05-19,card,ANON-0000-0000-0182,27.92,Americano,07:58:38.312,2024,5,Sunday,7,Morning,Low
2024-05-19,card,ANON-0000-0000-0182,27.92,Americano,07:59:33.549,2024,5,Sunday,7,Morning,Low
2024-05-19,card,ANON-0000-0000-0183,37.72,Cappuccino,08:00:35.061,2024,5,Sunday,8,Morning,High
2024-05-19,cash,Unknown,24.0,Espresso,09:28:49.723,2024,5,Sunday,9,Morning,Low
2024-05-19,card,ANON-0000-0000-0184,32.82,Americano with Milk,12:14:26.676,2024,5,Sunday,12,Afternoon,Medium
2024-05-19,card,ANON-0000-0000-0012,27.92,Americano,14:43:40.049,2024,5,Sunday,14,Afternoon,Low
2024-05-19,card,ANON-0000-0000-0185,32.82,Americano with Milk,15:58:58.192,2024,5,Sunday,15,Afternoon,Medium
2024-05-19,card,ANON-0000-0000-0186,32.82,Americano with Milk,18:12:36.304,2024,5,Sunday,18,Evening,Medium
2024-05-19,card,ANON-0000-0000-0186,23.02,Espresso,18:13:47.762,2024,5,Sunday,18,Evening,Low
2024-05-19,card,ANON-0000-0000-0186,37.72,Hot Chocolate,18:16:30.022,2024,5,Sunday,18,Evening,High
2024-05-19,card,ANON-0000-0000-0187,37.72,Cappuccino,19:51:06.979,2024,5,Sunday,19,Evening,High
2024-05-19,card,ANON-0000-0000-0188,37.72,Cappuccino,21:15:41.761,2024,5,Sunday,21,Evening,High
2024-05-19,card,ANON-0000-0000-0189,37.72,Cappuccino,21:18:36.101,2024,5,Sunday,21,Evening,High
2024-05-20,card,ANON-0000-0000-0190,32.82,Americano with Milk,10:05:59.163,2024,5,Monday,10,Morning,Medium
2024-05-20,card,ANON-0000-0000-0191,37.72,Latte,10:17:51.867,2024,5,Monday,10,Morning,High
2024-05-20,card,ANON-0000-0000-0001,37.72,Latte,10:58:48.379,2024,5,Monday,10,Morning,High
2024-05-20,card,ANON-0000-0000-0143,27.92,Americano,11:15:16.363,2024,5,Monday,11,Morning,Low
2024-05-20,card,ANON-0000-0000-0143,27.92,Americano,11:16:19.637,2024,5,Monday,11,Morning,Low
2024-05-20,card,ANON-0000-0000-0003,27.92,Americano,13:27:13.420,2024,5,Monday,13,Afternoon,Low
2024-05-20,card,ANON-0000-0000-0003,27.92,Americano,13:28:10.440,2024,5,Monday,13,Afternoon,Low
2024-05-20,card,ANON-0000-0000-0192,32.82,Americano with Milk,14:13:19.017,2024,5,Monday,14,Afternoon,Medium
2024-05-20,card,ANON-0000-0000-0192,37.72,Cappuccino,14:14:31.354,2024,5,Monday,14,Afternoon,High
2024-05-20,cash,Unknown,29.0,Americano,14:32:21.252,2024,5,Monday,14,Afternoon,Low
2024-05-20,card,ANON-0000-0000-0120,37.72,Latte,17:12:51.121,2024,5,Monday,17,Evening,High
2024-05-20,card,ANON-0000-0000-0193,37.72,Latte,17:13:56.897,2024,5,Monday,17,Evening,High
2024-05-20,card,ANON-0000-0000-0194,32.82,Americano with Milk,20:36:48.320,2024,5,Monday,20,Evening,Medium
2024-05-20,card,ANON-0000-0000-0194,37.72,Cocoa,20:37:57.316,2024,5,Monday,20,Evening,High
2024-05-20,card,ANON-0000-0000-0195,27.92,Cortado,20:46:52.085,2024,5,Monday,20,Evening,Low
2024-05-20,card,ANON-0000-0000-0012,32.82,Americano with Milk,21:36:53.986,2024,5,Monday,21,Evening,Medium
2024-05-20,card,ANON-0000-0000-0012,32.82,Americano with Milk,21:37:57.777,2024,5,Monday,21,Evening,Medium
2024-05-21,card,ANON-0000-0000-0196,37.72,Latte,08:27:38.230,2024,5,Tuesday,8,Morning,High
2024-05-21,cash,Unknown,29.0,Americano,09:43:50.690,2024,5,Tuesday,9,Morning,Low
2024-05-21,cash,Unknown,34.0,Americano with Milk,09:44:40.309,2024,5,Tuesday,9,Morning,Medium
2024-05-21,cash,Unknown,39.0,Cocoa,09:46:09.430,2024,5,Tuesday,9,Morning,High
2024-05-21,cash,Unknown,39.0,Latte,10:05:08.033,2024,5,Tuesday,10,Morning,High
2024-05-21,card,ANON-0000-0000-0197,37.72,Latte,16:10:19.956,2024,5,Tuesday,16,Afternoon,High
2024-05-21,card,ANON-0000-0000-0012,23.02,Espresso,18:13:23.998,2024,5,Tuesday,18,Evening,Low
2024-05-21,card,ANON-0000-0000-0198,37.72,Cappuccino,19:11:09.212,2024,5,Tuesday,19,Evening,High
2024-05-21,card,ANON-0000-0000-0199,37.72,Cappuccino,20:13:48.358,2024,5,Tuesday,20,Evening,High
2024-05-22,card,ANON-0000-0000-0200,37.72,Cappuccino,09:34:41.818,2024,5,Wednesday,9,Morning,High
2024-05-22,card,ANON-0000-0000-0191,32.82,Americano with Milk,10:49:47.044,2024,5,Wednesday,10,Morning,Medium
2024-05-22,card,ANON-0000-0000-0141,27.92,Cortado,11:18:14.265,2024,5,Wednesday,11,Morning,Low
2024-05-22,card,ANON-0000-0000-0097,32.82,Americano with Milk,11:34:54.968,2024,5,Wednesday,11,Morning,Medium
2024-05-22,card,ANON-0000-0000-0012,27.92,Americano,12:29:50.841,2024,5,Wednesday,12,Afternoon,Low
2024-05-22,card,ANON-0000-0000-0012,27.92,Americano,12:30:43.347,2024,5,Wednesday,12,Afternoon,Low
2024-05-22,card,ANON-0000-0000-0009,32.82,Americano with Milk,14:00:20.499,2024,5,Wednesday,14,Afternoon,Medium
2024-05-22,card,ANON-0000-0000-0134,37.72,Cappuccino,19:24:58.098,2024,5,Wednesday,19,Evening,High
2024-05-22,card,ANON-0000-0000-0134,37.72,Cappuccino,19:25:58.574,2024,5,Wednesday,19,Evening,High
2024-05-22,card,ANON-0000-0000-0180,37.72,Hot Chocolate,21:23:53.000,2024,5,Wednesday,21,Evening,High
2024-05-22,card,ANON-0000-0000-0180,37.72,Cappuccino,21:24:49.584,2024,5,Wednesday,21,Evening,High
2024-05-23,card,ANON-0000-0000-0201,37.72,Cappuccino,10:10:19.640,2024,5,Thursday,10,Morning,High
2024-05-23,card,ANON-0000-0000-0202,23.02,Espresso,12:22:06.605,2024,5,Thursday,12,Afternoon,Low
2024-05-23,card,ANON-0000-0000-0180,37.72,Cappuccino,15:55:16.628,2024,5,Thursday,15,Afternoon,High
2024-05-23,card,ANON-0000-0000-0203,37.72,Cappuccino,15:56:27.237,2024,5,Thursday,15,Afternoon,High
2024-05-23,card,ANON-0000-0000-0180,37.72,Cappuccino,16:18:14.053,2024,5,Thursday,16,Afternoon,High
2024-05-23,card,ANON-0000-0000-0077,37.72,Latte,16:41:00.043,2024,5,Thursday,16,Afternoon,High
2024-05-23,card,ANON-0000-0000-0153,37.72,Cappuccino,17:14:33.237,2024,5,Thursday,17,Evening,High
2024-05-23,card,ANON-0000-0000-0153,37.72,Latte,17:15:44.861,2024,5,Thursday,17,Evening,High
2024-05-23,card,ANON-0000-0000-0204,27.92,Cortado,19:03:53.856,2024,5,Thursday,19,Evening,Low
2024-05-23,card,ANON-0000-0000-0134,37.72,Cappuccino,19:17:28.431,2024,5,Thursday,19,Evening,High
2024-05-23,card,ANON-0000-0000-0205,37.72,Cappuccino,19:18:26.418,2024,5,Thursday,19,Evening,High
2024-05-23,card,ANON-0000-0000-0206,37.72,Cappuccino,19:42:31.546,2024,5,Thursday,19,Evening,High
2024-05-23,card,ANON-0000-0000-0207,37.72,Cappuccino,20:15:01.429,2024,5,Thursday,20,Evening,High
2024-05-23,card,ANON-0000-0000-0207,37.72,Latte,20:16:24.205,2024,5,Thursday,20,Evening,High
2024-05-23,card,ANON-0000-0000-0208,32.82,Americano with Milk,22:48:10.813,2024,5,Thursday,22,Evening,Medium
2024-05-23,cash,Unknown,39.0,Hot Chocolate,22:55:36.926,2024,5,Thursday,22,Evening,High
2024-05-24,card,ANON-0000-0000-0141,27.92,Cortado,11:11:59.182,2024,5,Friday,11,Morning,Low
2024-05-24,card,ANON-0000-0000-0012,27.92,Americano,11:15:08.341,2024,5,Friday,11,Morning,Low
2024-05-24,card,ANON-0000-0000-0012,27.92,Americano,11:16:13.016,2024,5,Friday,11,Morning,Low
2024-05-24,card,ANON-0000-0000-0081,37.72,Hot Chocolate,16:07:19.816,2024,5,Friday,16,Afternoon,High
2024-05-24,card,ANON-0000-0000-0209,27.92,Cortado,18:17:40.330,2024,5,Friday,18,Evening,Low
2024-05-24,card,ANON-0000-0000-0209,27.92,Cortado,18:18:36.698,2024,5,Friday,18,Evening,Low
2024-05-24,card,ANON-0000-0000-0210,32.82,Americano with Milk,22:30:40.198,2024,5,Friday,22,Evening,Medium
2024-05-25,cash,Unknown,29.0,Americano,07:40:58.818,2024,5,Saturday,7,Morning,Low
2024-05-25,card,ANON-0000-0000-0211,37.72,Latte,12:13:53.388,2024,5,Saturday,12,Afternoon,High
2024-05-25,cash,Unknown,29.0,Americano,12:40:23.587,2024,5,Saturday,12,Afternoon,Low
2024-05-25,card,ANON-0000-0000-0212,32.82,Americano with Milk,12:42:10.258,2024,5,Saturday,12,Afternoon,Medium
2024-05-25,card,ANON-0000-0000-0212,32.82,Americano with Milk,12:43:13.275,2024,5,Saturday,12,Afternoon,Medium
2024-05-25,card,ANON-0000-0000-0213,32.82,Americano with Milk,12:58:12.049,2024,5,Saturday,12,Afternoon,Medium
2024-05-25,card,ANON-0000-0000-0040,32.82,Americano with Milk,16:47:09.557,2024,5,Saturday,16,Afternoon,Medium
2024-05-25,card,ANON-0000-0000-0040,27.92,Americano,16:48:16.834,2024,5,Saturday,16,Afternoon,Low
2024-05-26,card,ANON-0000-0000-0001,37.72,Latte,10:20:02.233,2024,5,Sunday,10,Morning,High
2024-05-26,card,ANON-0000-0000-0214,32.82,Americano with Milk,14:24:49.812,2024,5,Sunday,14,Afternoon,Medium
2024-05-26,card,ANON-0000-0000-0215,27.92,Cortado,14:26:05.248,2024,5,Sunday,14,Afternoon,Low
2024-05-26,card,ANON-0000-0000-0216,32.82,Americano with Milk,14:40:58.882,2024,5,Sunday,14,Afternoon,Medium
2024-05-26,card,ANON-0000-0000-0217,37.72,Cappuccino,17:19:15.521,2024,5,Sunday,17,Evening,High
2024-05-26,card,ANON-0000-0000-0218,37.72,Hot Chocolate,18:09:52.843,2024,5,Sunday,18,Evening,High
2024-05-26,card,ANON-0000-0000-0218,37.72,Hot Chocolate,18:11:02.204,2024,5,Sunday,18,Evening,High
2024-05-26,card,ANON-0000-0000-0218,27.92,Americano,18:13:14.299,2024,5,Sunday,18,Evening,Low
2024-05-26,card,ANON-0000-0000-0219,37.72,Latte,18:39:18.794,2024,5,Sunday,18,Evening,High
2024-05-26,card,ANON-0000-0000-0220,37.72,Hot Chocolate,20:59:14.954,2024,5,Sunday,20,Evening,High
2024-05-26,card,ANON-0000-0000-0220,37.72,Cappuccino,21:00:05.568,2024,5,Sunday,21,Evening,High
2024-05-26,card,ANON-0000-0000-0221,27.92,Cortado,21:02:36.935,2024,5,Sunday,21,Evening,Low
2024-05-26,card,ANON-0000-0000-0222,37.72,Cappuccino,21:03:51.772,2024,5,Sunday,21,Evening,High
2024-05-26,card,ANON-0000-0000-0221,37.72,Latte,21:04:58.824,2024,5,Sunday,21,Evening,High
2024-05-26,card,ANON-0000-0000-0223,37.72,Cappuccino,21:06:02.621,2024,5,Sunday,21,Evening,High
2024-05-27,card,ANON-0000-0000-0012,27.92,Americano,11:34:55.252,2024,5,Monday,11,Morning,Low
2024-05-27,card,ANON-0000-0000-0224,32.82,Americano with Milk,14:05:21.688,2024,5,Monday,14,Afternoon,Medium
2024-05-27,card,ANON-0000-0000-0224,37.72,Cocoa,14:06:43.564,2024,5,Monday,14,Afternoon,High
2024-05-27,card,ANON-0000-0000-0225,27.92,Americano,15:11:34.061,2024,5,Monday,15,Afternoon,Low
2024-05-27,card,ANON-0000-0000-0225,27.92,Americano,15:14:05.788,2024,5,Monday,15,Afternoon,Low
2024-05-27,card,ANON-0000-0000-0203,37.72,Latte,17:50:55.763,2024,5,Monday,17,Evening,High
2024-05-27,card,ANON-0000-0000-0226,27.92,Americano,18:00:50.983,2024,5,Monday,18,Evening,Low
2024-05-27,card,ANON-0000-0000-0227,37.72,Latte,19:16:27.404,2024,5,Monday,19,Evening,High
2024-05-27,card,ANON-0000-0000-0228,37.72,Latte,19:17:38.729,2024,5,Monday,19,Evening,High
2024-05-27,card,ANON-0000-0000-0192,32.82,Americano with Milk,21:29:07.085,2024,5,Monday,21,Evening,Medium
2024-05-27,card,ANON-0000-0000-0206,37.72,Cappuccino,21:30:19.772,2024,5,Monday,21,Evening,High
2024-05-28,card,ANON-0000-0000-0012,32.82,Americano with Milk,08:37:09.028,2024,5,Tuesday,8,Morning,Medium
2024-05-28,card,ANON-0000-0000-0097,32.82,Americano with Milk,09:20:10.736,2024,5,Tuesday,9,Morning,Medium
2024-05-28,card,ANON-0000-0000-0229,37.72,Cappuccino,11:48:18.494,2024,5,Tuesday,11,Morning,High
2024-05-28,card,ANON-0000-0000-0230,37.72,Cappuccino,13:14:40.435,2024,5,Tuesday,13,Afternoon,High
2024-05-28,card,ANON-0000-0000-0194,37.72,Cocoa,14:10:53.691,2024,5,Tuesday,14,Afternoon,High
2024-05-28,card,ANON-0000-0000-0141,27.92,Cortado,16:25:39.330,2024,5,Tuesday,16,Afternoon,Low
2024-05-28,cash,Unknown,39.0,Cappuccino,17:21:43.967,2024,5,Tuesday,17,Evening,High
2024-05-28,card,ANON-0000-0000-0231,27.92,Americano,19:09:29.069,2024,5,Tuesday,19,Evening,Low
2024-05-28,card,ANON-0000-0000-0231,37.72,Latte,19:10:31.070,2024,5,Tuesday,19,Evening,High
2024-05-28,card,ANON-0000-0000-0009,32.82,Americano with Milk,20:24:32.205,2024,5,Tuesday,20,Evening,Medium
2024-05-28,card,ANON-0000-0000-0012,27.92,Americano,20:50:19.449,2024,5,Tuesday,20,Evening,Low
2024-05-29,card,ANON-0000-0000-0232,37.72,Latte,09:14:43.704,2024,5,Wednesday,9,Morning,High
2024-05-29,cash,Unknown,39.0,Latte,10:48:46.781,2024,5,Wednesday,10,Morning,High
2024-05-29,card,ANON-0000-0000-0233,37.72,Hot Chocolate,11:14:02.855,2024,5,Wednesday,11,Morning,High
2024-05-29,card,ANON-0000-0000-0234,27.92,Americano,15:10:48.545,2024,5,Wednesday,15,Afternoon,Low
2024-05-29,card,ANON-0000-0000-0235,37.72,Latte,15:22:56.321,2024,5,Wednesday,15,Afternoon,High
2024-05-29,card,ANON-0000-0000-0236,37.72,Cappuccino,15:45:12.738,2024,5,Wednesday,15,Afternoon,High
2024-05-29,card,ANON-0000-0000-0237,37.72,Latte,16:45:03.950,2024,5,Wednesday,16,Afternoon,High
2024-05-29,card,ANON-0000-0000-0238,27.92,Cortado,18:24:03.334,2024,5,Wednesday,18,Evening,Low
2024-05-29,card,ANON-0000-0000-0238,37.72,Latte,18:24:59.311,2024,5,Wednesday,18,Evening,High
2024-05-29,card,ANON-0000-0000-0239,37.72,Hot Chocolate,20:30:42.240,2024,5,Wednesday,20,Evening,High
2024-05-29,card,ANON-0000-0000-0240,37.72,Cocoa,20:32:35.200,2024,5,Wednesday,20,Evening,High
2024-05-30,card,ANON-0000-0000-0241,37.72,Cappuccino,08:29:06.277,2024,5,Thursday,8,Morning,High
2024-05-30,card,ANON-0000-0000-0241,37.72,Latte,08:30:21.586,2024,5,Thursday,8,Morning,High
2024-05-30,card,ANON-0000-0000-0242,32.82,Americano with Milk,08:37:05.382,2024,5,Thursday,8,Morning,Medium
2024-05-30,card,ANON-0000-0000-0001,37.72,Latte,09:47:59.092,2024,5,Thursday,9,Morning,High
2024-05-30,card,ANON-0000-0000-0097,32.82,Americano with Milk,14:56:15.473,2024,5,Thursday,14,Afternoon,Medium
2024-05-30,card,ANON-0000-0000-0243,23.02,Espresso,15:16:15.665,2024,5,Thursday,15,Afternoon,Low
2024-05-30,card,ANON-0000-0000-0012,23.02,Espresso,15:17:38.656,2024,5,Thursday,15,Afternoon,Low
2024-05-30,card,ANON-0000-0000-0206,37.72,Cappuccino,19:53:11.189,2024,5,Thursday,19,Evening,High
2024-05-30,card,ANON-0000-0000-0244,37.72,Latte,20:31:05.430,2024,5,Thursday,20,Evening,High
2024-05-30,card,ANON-0000-0000-0009,37.72,Hot Chocolate,20:46:13.835,2024,5,Thursday,20,Evening,High
2024-05-30,card,ANON-0000-0000-0009,32.82,Americano with Milk,20:47:21.586,2024,5,Thursday,20,Evening,Medium
2024-05-31,card,ANON-0000-0000-0245,32.82,Americano with Milk,07:53:57.274,2024,5,Friday,7,Morning,Medium
2024-05-31,card,ANON-0000-0000-0246,37.72,Latte,09:21:07.821,2024,5,Friday,9,Morning,High
2024-05-31,cash,Unknown,39.0,Latte,09:23:58.791,2024,5,Friday,9,Morning,High
2024-05-31,card,ANON-0000-0000-0247,37.72,Hot Chocolate,10:38:07.861,2024,5,Friday,10,Morning,High
2024-05-31,card,ANON-0000-0000-0248,37.72,Cocoa,10:39:06.136,2024,5,Friday,10,Morning,High
2024-05-31,card,ANON-0000-0000-0249,32.82,Americano with Milk,14:50:12.976,2024,5,Friday,14,Afternoon,Medium
2024-05-31,card,ANON-0000-0000-0250,37.72,Latte,18:23:44.636,2024,5,Friday,18,Evening,High
2024-05-31,card,ANON-0000-0000-0250,37.72,Latte,18:25:03.271,2024,5,Friday,18,Evening,High
2024-05-31,card,ANON-0000-0000-0180,37.72,Cappuccino,20:06:39.166,2024,5,Friday,20,Evening,High
2024-05-31,card,ANON-0000-0000-0134,32.82,Americano with Milk,20:33:06.403,2024,5,Friday,20,Evening,Medium
2024-05-31,card,ANON-0000-0000-0134,37.72,Latte,20:34:32.903,2024,5,Friday,20,Evening,High
2024-05-31,card,ANON-0000-0000-0206,37.72,Cappuccino,22:05:47.070,2024,5,Friday,22,Evening,High
2024-05-31,card,ANON-0000-0000-0206,32.82,Americano with Milk,22:06:52.490,2024,5,Friday,22,Evening,Medium
2024-05-31,card,ANON-0000-0000-0206,27.92,Cortado,22:07:55.368,2024,5,Friday,22,Evening,Low
2024-06-01,card,ANON-0000-0000-0141,27.92,Cortado,08:27:01.745,2024,6,Saturday,8,Morning,Low
2024-06-01,card,ANON-0000-0000-0232,37.72,Latte,09:48:24.750,2024,6,Saturday,9,Morning,High
2024-06-01,card,ANON-0000-0000-0250,37.72,Latte,11:38:09.371,2024,6,Saturday,11,Morning,High
2024-06-01,card,ANON-0000-0000-0097,32.82,Americano with Milk,14:28:53.739,2024,6,Saturday,14,Afternoon,Medium
2024-06-01,card,ANON-0000-0000-0251,32.82,Americano with Milk,18:20:12.780,2024,6,Saturday,18,Evening,Medium
2024-06-01,card,ANON-0000-0000-0251,32.82,Americano with Milk,18:21:15.363,2024,6,Saturday,18,Evening,Medium
2024-06-01,card,ANON-0000-0000-0154,37.72,Cappuccino,20:50:10.488,2024,6,Saturday,20,Evening,High
2024-06-01,card,ANON-0000-0000-0154,37.72,Cappuccino,20:51:13.565,2024,6,Saturday,20,Evening,High
2024-06-01,cash,Unknown,39.0,Cocoa,20:54:59.267,2024,6,Saturday,20,Evening,High
2024-06-01,card,ANON-0000-0000-0252,37.72,Cocoa,20:59:09.689,2024,6,Saturday,20,Evening,High
2024-06-01,card,ANON-0000-0000-0009,32.82,Americano with Milk,21:51:04.971,2024,6,Saturday,21,Evening,Medium
2024-06-02,card,ANON-0000-0000-0009,37.72,Latte,20:03:25.799,2024,6,Sunday,20,Evening,High
2024-06-02,card,ANON-0000-0000-0040,32.82,Americano with Milk,20:24:02.449,2024,6,Sunday,20,Evening,Medium
2024-06-02,card,ANON-0000-0000-0040,37.72,Cappuccino,20:25:07.238,2024,6,Sunday,20,Evening,High
2024-06-02,card,ANON-0000-0000-0097,32.82,Americano with Milk,21:07:20.531,2024,6,Sunday,21,Evening,Medium
2024-06-02,card,ANON-0000-0000-0253,37.72,Latte,21:30:12.430,2024,6,Sunday,21,Evening,High
2024-06-02,cash,Unknown,34.0,Americano with Milk,22:43:10.636,2024,6,Sunday,22,Evening,Medium
2024-06-03,card,ANON-0000-0000-0001,37.72,Latte,10:12:04.141,2024,6,Monday,10,Morning,High
2024-06-03,card,ANON-0000-0000-0191,37.72,Latte,10:27:49.797,2024,6,Monday,10,Morning,High
2024-06-03,card,ANON-0000-0000-0025,37.72,Cappuccino,14:31:42.338,2024,6,Monday,14,Afternoon,High
2024-06-03,card,ANON-0000-0000-0024,32.82,Americano with Milk,14:33:00.952,2024,6,Monday,14,Afternoon,Medium
2024-06-03,card,ANON-0000-0000-0009,37.72,Latte,14:34:06.922,2024,6,Monday,14,Afternoon,High
2024-06-03,cash,Unknown,34.0,Americano with Milk,21:42:51.734,2024,6,Monday,21,Evening,Medium
2024-06-03,cash,Unknown,34.0,Americano with Milk,21:43:37.471,2024,6,Monday,21,Evening,Medium
2024-06-04,card,ANON-0000-0000-0141,27.92,Cortado,09:23:42.898,2024,6,Tuesday,9,Morning,Low
2024-06-04,card,ANON-0000-0000-0097,32.82,Americano with Milk,10:27:13.975,2024,6,Tuesday,10,Morning,Medium
2024-06-04,card,ANON-0000-0000-0254,37.72,Latte,12:02:10.213,2024,6,Tuesday,12,Afternoon,High
2024-06-04,card,ANON-0000-0000-0254,37.72,Hot Chocolate,12:05:29.186,2024,6,Tuesday,12,Afternoon,High
2024-06-04,card,ANON-0000-0000-0255,37.72,Latte,15:30:32.455,2024,6,Tuesday,15,Afternoon,High
2024-06-04,card,ANON-0000-0000-0192,27.92,Cortado,17:46:36.661,2024,6,Tuesday,17,Evening,Low
2024-06-04,card,ANON-0000-0000-0192,37.72,Cappuccino,17:47:28.847,2024,6,Tuesday,17,Evening,High
2024-06-04,card,ANON-0000-0000-0256,37.72,Hot Chocolate,20:13:01.204,2024,6,Tuesday,20,Evening,High
2024-06-04,card,ANON-0000-0000-0257,37.72,Cappuccino,20:50:33.896,2024,6,Tuesday,20,Evening,High
2024-06-04,card,ANON-0000-0000-0258,27.92,Cortado,21:31:58.908,2024,6,Tuesday,21,Evening,Low
2024-06-04,card,ANON-0000-0000-0259,32.82,Americano with Milk,21:33:02.621,2024,6,Tuesday,21,Evening,Medium
2024-06-04,card,ANON-0000-0000-0260,32.82,Americano with Milk,21:34:55.667,2024,6,Tuesday,21,Evening,Medium
2024-06-04,card,ANON-0000-0000-0260,32.82,Americano with Milk,21:36:06.924,2024,6,Tuesday,21,Evening,Medium
2024-06-04,card,ANON-0000-0000-0260,32.82,Americano with Milk,21:37:15.164,2024,6,Tuesday,21,Evening,Medium
2024-06-05,card,ANON-0000-0000-0261,37.72,Cappuccino,08:21:48.964,2024,6,Wednesday,8,Morning,High
2024-06-05,card,ANON-0000-0000-0261,37.72,Cappuccino,08:23:06.723,2024,6,Wednesday,8,Morning,High
2024-06-05,card,ANON-0000-0000-0262,27.92,Americano,09:22:43.108,2024,6,Wednesday,9,Morning,Low
2024-06-05,card,ANON-0000-0000-0001,37.72,Latte,10:28:50.620,2024,6,Wednesday,10,Morning,High
2024-06-05,card,ANON-0000-0000-0097,32.82,Americano with Milk,10:40:53.188,2024,6,Wednesday,10,Morning,Medium
2024-06-05,card,ANON-0000-0000-0263,32.82,Americano with Milk,19:43:57.675,2024,6,Wednesday,19,Evening,Medium
2024-06-05,card,ANON-0000-0000-0264,37.72,Latte,19:59:53.527,2024,6,Wednesday,19,Evening,High
2024-06-05,card,ANON-0000-0000-0220,37.72,Cocoa,20:10:47.623,2024,6,Wednesday,20,Evening,High
2024-06-05,card,ANON-0000-0000-0220,27.92,Cortado,20:12:01.658,2024,6,Wednesday,20,Evening,Low
2024-06-06,card,ANON-0000-0000-0097,32.82,Americano with Milk,08:52:56.351,2024,6,Thursday,8,Morning,Medium
2024-06-06,card,ANON-0000-0000-0097,32.82,Americano with Milk,08:54:08.455,2024,6,Thursday,8,Morning,Medium
2024-06-06,card,ANON-0000-0000-0001,37.72,Latte,10:36:09.667,2024,6,Thursday,10,Morning,High
2024-06-06,card,ANON-0000-0000-0265,27.92,Americano,12:17:41.474,2024,6,Thursday,12,Afternoon,Low
2024-06-06,card,ANON-0000-0000-0224,32.82,Americano with Milk,15:11:14.185,2024,6,Thursday,15,Afternoon,Medium
2024-06-06,card,ANON-0000-0000-0266,37.72,Cappuccino,15:24:06.221,2024,6,Thursday,15,Afternoon,High
2024-06-06,card,ANON-0000-0000-0267,37.72,Latte,21:14:05.102,2024,6,Thursday,21,Evening,High
2024-06-06,card,ANON-0000-0000-0267,37.72,Latte,21:15:42.227,2024,6,Thursday,21,Evening,High
2024-06-06,card,ANON-0000-0000-0206,37.72,Cappuccino,21:18:26.713,2024,6,Thursday,21,Evening,High
2024-06-06,card,ANON-0000-0000-0206,32.82,Americano with Milk,21:19:30.436,2024,6,Thursday,21,Evening,Medium
2024-06-06,card,ANON-0000-0000-0267,37.72,Latte,21:21:04.440,2024,6,Thursday,21,Evening,High
2024-06-07,card,ANON-0000-0000-0268,37.72,Cappuccino,08:18:04.296,2024,6,Friday,8,Morning,High
2024-06-07,card,ANON-0000-0000-0269,23.02,Espresso,10:35:28.104,2024,6,Friday,10,Morning,Low
2024-06-07,card,ANON-0000-0000-0164,32.82,Americano with Milk,13:34:18.297,2024,6,Friday,13,Afternoon,Medium
2024-06-07,card,ANON-0000-0000-0270,27.92,Cortado,16:45:42.218,2024,6,Friday,16,Afternoon,Low
2024-06-07,card,ANON-0000-0000-0270,27.92,Cortado,16:47:15.481,2024,6,Friday,16,Afternoon,Low
2024-06-08,card,ANON-0000-0000-0271,27.92,Cortado,09:04:20.016,2024,6,Saturday,9,Morning,Low
2024-06-08,card,ANON-0000-0000-0097,32.82,Americano with Milk,09:26:11.160,2024,6,Saturday,9,Morning,Medium
2024-06-08,card,ANON-0000-0000-0134,37.72,Cappuccino,20:24:54.320,2024,6,Saturday,20,Evening,High
2024-06-08,card,ANON-0000-0000-0134,37.72,Cappuccino,20:25:56.316,2024,6,Saturday,20,Evening,High
2024-06-09,card,ANON-0000-0000-0097,37.72,Latte,08:15:52.760,2024,6,Sunday,8,Morning,High
2024-06-09,card,ANON-0000-0000-0272,37.72,Latte,10:30:04.461,2024,6,Sunday,10,Morning,High
2024-06-09,card,ANON-0000-0000-0273,37.72,Cappuccino,10:52:05.797,2024,6,Sunday,10,Morning,High
2024-06-09,card,ANON-0000-0000-0141,27.92,Cortado,11:04:41.306,2024,6,Sunday,11,Morning,Low
2024-06-09,card,ANON-0000-0000-0274,23.02,Espresso,11:07:08.108,2024,6,Sunday,11,Morning,Low
2024-06-09,card,ANON-0000-0000-0275,37.72,Cappuccino,11:52:49.616,2024,6,Sunday,11,Morning,High
2024-06-09,card,ANON-0000-0000-0276,32.82,Americano with Milk,12:11:23.640,2024,6,Sunday,12,Afternoon,Medium
2024-06-09,card,ANON-0000-0000-0276,37.72,Latte,12:13:08.067,2024,6,Sunday,12,Afternoon,High
2024-06-09,card,ANON-0000-0000-0276,37.72,Latte,12:14:10.783,2024,6,Sunday,12,Afternoon,High
2024-06-09,card,ANON-0000-0000-0277,27.92,Cortado,15:10:30.692,2024,6,Sunday,15,Afternoon,Low
2024-06-09,card,ANON-0000-0000-0278,37.72,Cappuccino,16:17:28.189,2024,6,Sunday,16,Afternoon,High
2024-06-09,card,ANON-0000-0000-0279,32.82,Americano with Milk,19:21:19.277,2024,6,Sunday,19,Evening,Medium
2024-06-09,card,ANON-0000-0000-0280,27.92,Americano,21:05:08.844,2024,6,Sunday,21,Evening,Low
2024-06-10,card,ANON-0000-0000-0281,37.72,Cappuccino,12:47:49.861,2024,6,Monday,12,Afternoon,High
2024-06-10,card,ANON-0000-0000-0097,37.72,Latte,12:56:48.268,2024,6,Monday,12,Afternoon,High
2024-06-10,card,ANON-0000-0000-0282,37.72,Hot Chocolate,19:04:28.106,2024,6,Monday,19,Evening,High
2024-06-10,card,ANON-0000-0000-0282,37.72,Hot Chocolate,19:05:22.770,2024,6,Monday,19,Evening,High
2024-06-10,card,ANON-0000-0000-0283,37.72,Latte,19:37:23.602,2024,6,Monday,19,Evening,High
2024-06-10,card,ANON-0000-0000-0283,37.72,Latte,19:38:19.678,2024,6,Monday,19,Evening,High
2024-06-11,card,ANON-0000-0000-0284,32.82,Americano with Milk,10:38:03.953,2024,6,Tuesday,10,Morning,Medium
2024-06-11,card,ANON-0000-0000-0285,37.72,Latte,18:48:25.292,2024,6,Tuesday,18,Evening,High
2024-06-11,card,ANON-0000-0000-0285,37.72,Latte,18:49:36.428,2024,6,Tuesday,18,Evening,High
2024-06-11,card,ANON-0000-0000-0286,37.72,Hot Chocolate,21:17:03.344,2024,6,Tuesday,21,Evening,High
2024-06-11,card,ANON-0000-0000-0287,32.82,Americano with Milk,21:27:41.900,2024,6,Tuesday,21,Evening,Medium
2024-06-11,card,ANON-0000-0000-0287,32.82,Americano with Milk,21:28:50.220,2024,6,Tuesday,21,Evening,Medium
2024-06-12,card,ANON-0000-0000-0288,37.72,Hot Chocolate,10:18:18.786,2024,6,Wednesday,10,Morning,High
2024-06-12,card,ANON-0000-0000-0289,37.72,Cappuccino,11:51:43.858,2024,6,Wednesday,11,Morning,High
2024-06-12,card,ANON-0000-0000-0283,37.72,Latte,17:41:17.179,2024,6,Wednesday,17,Evening,High
2024-06-12,card,ANON-0000-0000-0290,37.72,Latte,17:47:27.878,2024,6,Wednesday,17,Evening,High
2024-06-12,card,ANON-0000-0000-0256,37.72,Hot Chocolate,20:16:33.648,2024,6,Wednesday,20,Evening,High
2024-06-12,card,ANON-0000-0000-0291,32.82,Americano with Milk,20:25:34.239,2024,6,Wednesday,20,Evening,Medium
2024-06-13,card,ANON-0000-0000-0292,27.92,Americano,08:54:24.207,2024,6,Thursday,8,Morning,Low
2024-06-13,card,ANON-0000-0000-0097,37.72,Latte,08:57:25.592,2024,6,Thursday,8,Morning,High
2024-06-13,card,ANON-0000-0000-0293,32.82,Americano with Milk,09:50:25.038,2024,6,Thursday,9,Morning,Medium
2024-06-13,card,ANON-0000-0000-0141,27.92,Cortado,09:57:11.518,2024,6,Thursday,9,Morning,Low
2024-06-13,card,ANON-0000-0000-0294,32.82,Americano with Milk,17:04:58.601,2024,6,Thursday,17,Evening,Medium
2024-06-13,card,ANON-0000-0000-0295,37.72,Hot Chocolate,17:27:46.626,2024,6,Thursday,17,Evening,High
2024-06-13,card,ANON-0000-0000-0296,37.72,Latte,19:22:19.083,2024,6,Thursday,19,Evening,High
2024-06-13,card,ANON-0000-0000-0012,32.82,Americano with Milk,20:20:51.762,2024,6,Thursday,20,Evening,Medium
2024-06-13,card,ANON-0000-0000-0012,23.02,Espresso,20:43:45.991,2024,6,Thursday,20,Evening,Low
2024-06-13,card,ANON-0000-0000-0295,23.02,Espresso,20:45:00.615,2024,6,Thursday,20,Evening,Low
2024-06-13,card,ANON-0000-0000-0009,32.82,Americano with Milk,20:48:17.902,2024,6,Thursday,20,Evening,Medium
2024-06-13,card,ANON-0000-0000-0009,32.82,Americano with Milk,21:02:28.377,2024,6,Thursday,21,Evening,Medium
2024-06-14,card,ANON-0000-0000-0141,27.92,Cortado,07:46:13.238,2024,6,Friday,7,Morning,Low
2024-06-14,card,ANON-0000-0000-0297,27.92,Americano,10:30:31.584,2024,6,Friday,10,Morning,Low
2024-06-14,card,ANON-0000-0000-0097,37.72,Latte,12:14:41.696,2024,6,Friday,12,Afternoon,High
2024-06-14,card,ANON-0000-0000-0298,32.82,Americano with Milk,18:29:53.399,2024,6,Friday,18,Evening,Medium
2024-06-15,card,ANON-0000-0000-0299,37.72,Cappuccino,11:26:01.974,2024,6,Saturday,11,Morning,High
2024-06-15,card,ANON-0000-0000-0300,37.72,Latte,12:21:28.135,2024,6,Saturday,12,Afternoon,High
2024-06-15,card,ANON-0000-0000-0300,32.82,Americano with Milk,12:22:46.942,2024,6,Saturday,12,Afternoon,Medium
2024-06-15,card,ANON-0000-0000-0300,23.02,Espresso,12:23:52.166,2024,6,Saturday,12,Afternoon,Low
2024-06-15,card,ANON-0000-0000-0300,37.72,Cocoa,12:24:35.130,2024,6,Saturday,12,Afternoon,High
2024-06-15,card,ANON-0000-0000-0300,32.82,Americano with Milk,12:25:23.960,2024,6,Saturday,12,Afternoon,Medium
2024-06-15,card,ANON-0000-0000-0301,32.82,Americano with Milk,16:03:29.909,2024,6,Saturday,16,Afternoon,Medium
2024-06-15,card,ANON-0000-0000-0302,27.92,Americano,18:14:04.623,2024,6,Saturday,18,Evening,Low
2024-06-16,card,ANON-0000-0000-0059,32.82,Americano with Milk,10:43:51.456,2024,6,Sunday,10,Morning,Medium
2024-06-16,card,ANON-0000-0000-0303,37.72,Latte,10:58:41.366,2024,6,Sunday,10,Morning,High
2024-06-16,card,ANON-0000-0000-0303,37.72,Hot Chocolate,11:00:38.191,2024,6,Sunday,11,Morning,High
2024-06-16,card,ANON-0000-0000-0303,37.72,Hot Chocolate,11:01:41.488,2024,6,Sunday,11,Morning,High
2024-06-16,card,ANON-0000-0000-0276,32.82,Americano with Milk,12:49:27.624,2024,6,Sunday,12,Afternoon,Medium
2024-06-16,card,ANON-0000-0000-0274,23.02,Espresso,14:00:38.992,2024,6,Sunday,14,Afternoon,Low
2024-06-16,card,ANON-0000-0000-0304,32.82,Americano with Milk,15:02:36.332,2024,6,Sunday,15,Afternoon,Medium
2024-06-16,card,ANON-0000-0000-0304,32.82,Americano with Milk,15:05:10.421,2024,6,Sunday,15,Afternoon,Medium
2024-06-16,card,ANON-0000-0000-0305,37.72,Hot Chocolate,15:43:59.593,2024,6,Sunday,15,Afternoon,High
2024-06-16,card,ANON-0000-0000-0306,37.72,Hot Chocolate,16:47:36.521,2024,6,Sunday,16,Afternoon,High
2024-06-16,card,ANON-0000-0000-0059,32.82,Americano with Milk,17:45:17.267,2024,6,Sunday,17,Evening,Medium
2024-06-16,card,ANON-0000-0000-0059,32.82,Americano with Milk,17:46:16.554,2024,6,Sunday,17,Evening,Medium
2024-06-17,card,ANON-0000-0000-0307,27.92,Americano,08:57:24.044,2024,6,Monday,8,Morning,Low
2024-06-17,card,ANON-0000-0000-0308,27.92,Cortado,10:12:05.139,2024,6,Monday,10,Morning,Low
2024-06-17,card,ANON-0000-0000-0308,27.92,Cortado,10:13:37.575,2024,6,Monday,10,Morning,Low
2024-06-17,card,ANON-0000-0000-0042,37.72,Cappuccino,10:55:51.608,2024,6,Monday,10,Morning,High
2024-06-17,card,ANON-0000-0000-0164,37.72,Cappuccino,14:51:35.381,2024,6,Monday,14,Afternoon,High
2024-06-17,card,ANON-0000-0000-0012,37.72,Cappuccino,16:50:13.441,2024,6,Monday,16,Afternoon,High
2024-06-17,card,ANON-0000-0000-0012,37.72,Cappuccino,16:51:11.038,2024,6,Monday,16,Afternoon,High
2024-06-17,card,ANON-0000-0000-0012,27.92,Americano,16:52:36.336,2024,6,Monday,16,Afternoon,Low
2024-06-17,card,ANON-0000-0000-0309,27.92,Americano,18:51:19.631,2024,6,Monday,18,Evening,Low
2024-06-17,card,ANON-0000-0000-0009,32.82,Americano with Milk,21:16:11.485,2024,6,Monday,21,Evening,Medium
2024-06-18,card,ANON-0000-0000-0299,27.92,Americano,14:04:06.125,2024,6,Tuesday,14,Afternoon,Low
2024-06-18,card,ANON-0000-0000-0299,37.72,Cappuccino,14:05:12.313,2024,6,Tuesday,14,Afternoon,High
2024-06-18,card,ANON-0000-0000-0154,37.72,Cappuccino,19:20:40.571,2024,6,Tuesday,19,Evening,High
2024-06-18,card,ANON-0000-0000-0154,37.72,Cappuccino,19:21:38.892,2024,6,Tuesday,19,Evening,High
2024-06-18,card,ANON-0000-0000-0310,27.92,Cortado,20:35:49.497,2024,6,Tuesday,20,Evening,Low
2024-06-18,card,ANON-0000-0000-0012,32.82,Americano with Milk,21:20:49.526,2024,6,Tuesday,21,Evening,Medium
2024-06-18,card,ANON-0000-0000-0012,32.82,Americano with Milk,21:22:18.518,2024,6,Tuesday,21,Evening,Medium
2024-06-19,card,ANON-0000-0000-0311,37.72,Latte,07:47:19.833,2024,6,Wednesday,7,Morning,High
2024-06-19,card,ANON-0000-0000-0141,27.92,Cortado,08:17:54.508,2024,6,Wednesday,8,Morning,Low
2024-06-19,card,ANON-0000-0000-0312,27.92,Americano,10:54:00.492,2024,6,Wednesday,10,Morning,Low
2024-06-19,card,ANON-0000-0000-0313,37.72,Latte,11:11:27.807,2024,6,Wednesday,11,Morning,High
2024-06-19,card,ANON-0000-0000-0313,37.72,Cocoa,11:12:31.412,2024,6,Wednesday,11,Morning,High
2024-06-19,card,ANON-0000-0000-0164,32.82,Americano with Milk,14:21:36.258,2024,6,Wednesday,14,Afternoon,Medium
2024-06-19,card,ANON-0000-0000-0153,37.72,Cappuccino,18:28:43.437,2024,6,Wednesday,18,Evening,High
2024-06-19,card,ANON-0000-0000-0153,37.72,Latte,18:29:58.961,2024,6,Wednesday,18,Evening,High
2024-06-19,card,ANON-0000-0000-0009,32.82,Americano with Milk,19:31:31.293,2024,6,Wednesday,19,Evening,Medium
2024-06-19,card,ANON-0000-0000-0192,37.72,Cappuccino,21:28:59.485,2024,6,Wednesday,21,Evening,High
2024-06-19,card,ANON-0000-0000-0192,32.82,Americano with Milk,21:30:03.484,2024,6,Wednesday,21,Evening,Medium
2024-06-20,card,ANON-0000-0000-0097,37.72,Latte,10:50:06.453,2024,6,Thursday,10,Morning,High
2024-06-20,card,ANON-0000-0000-0314,37.72,Latte,18:59:02.082,2024,6,Thursday,18,Evening,High
2024-06-20,card,ANON-0000-0000-0314,37.72,Latte,19:00:00.237,2024,6,Thursday,19,Evening,High
2024-06-20,card,ANON-0000-0000-0257,37.72,Latte,21:39:10.013,2024,6,Thursday,21,Evening,High
2024-06-20,card,ANON-0000-0000-0009,37.72,Latte,21:57:40.554,2024,6,Thursday,21,Evening,High
2024-06-20,card,ANON-0000-0000-0009,32.82,Americano with Milk,21:59:17.598,2024,6,Thursday,21,Evening,Medium
2024-06-21,card,ANON-0000-0000-0311,37.72,Latte,09:59:55.930,2024,6,Friday,9,Morning,High
2024-06-21,card,ANON-0000-0000-0315,27.92,Americano,10:01:40.183,2024,6,Friday,10,Morning,Low
2024-06-21,card,ANON-0000-0000-0012,32.82,Americano with Milk,13:19:19.416,2024,6,Friday,13,Afternoon,Medium
2024-06-21,card,ANON-0000-0000-0012,32.82,Americano with Milk,13:20:31.513,2024,6,Friday,13,Afternoon,Medium
2024-06-21,card,ANON-0000-0000-0316,23.02,Espresso,18:12:16.064,2024,6,Friday,18,Evening,Low
2024-06-21,card,ANON-0000-0000-0009,37.72,Latte,19:30:26.651,2024,6,Friday,19,Evening,High
2024-06-21,card,ANON-0000-0000-0154,37.72,Cappuccino,19:47:06.201,2024,6,Friday,19,Evening,High
2024-06-21,card,ANON-0000-0000-0154,37.72,Cappuccino,19:48:06.713,2024,6,Friday,19,Evening,High
2024-06-21,card,ANON-0000-0000-0180,37.72,Cappuccino,19:49:54.505,2024,6,Friday,19,Evening,High
2024-06-21,card,ANON-0000-0000-0180,37.72,Cappuccino,19:51:00.211,2024,6,Friday,19,Evening,High
2024-06-21,card,ANON-0000-0000-0180,27.92,Americano,19:52:18.775,2024,6,Friday,19,Evening,Low
2024-06-21,card,ANON-0000-0000-0311,32.82,Americano with Milk,19:55:37.142,2024,6,Friday,19,Evening,Medium
2024-06-22,card,ANON-0000-0000-0141,27.92,Cortado,08:39:50.273,2024,6,Saturday,8,Morning,Low
2024-06-22,card,ANON-0000-0000-0311,32.82,Americano with Milk,09:37:48.779,2024,6,Saturday,9,Morning,Medium
2024-06-22,card,ANON-0000-0000-0317,32.82,Americano with Milk,12:53:15.541,2024,6,Saturday,12,Afternoon,Medium
2024-06-22,card,ANON-0000-0000-0009,37.72,Latte,15:37:20.137,2024,6,Saturday,15,Afternoon,High
2024-06-22,card,ANON-0000-0000-0318,37.72,Cappuccino,22:10:22.998,2024,6,Saturday,22,Evening,High
2024-06-23,card,ANON-0000-0000-0012,32.82,Americano with Milk,18:12:01.406,2024,6,Sunday,18,Evening,Medium
2024-06-23,card,ANON-0000-0000-0012,32.82,Americano with Milk,18:13:50.638,2024,6,Sunday,18,Evening,Medium
2024-06-23,card,ANON-0000-0000-0319,37.72,Cappuccino,21:06:46.956,2024,6,Sunday,21,Evening,High
2024-06-23,card,ANON-0000-0000-0320,37.72,Latte,21:29:07.823,2024,6,Sunday,21,Evening,High
2024-06-23,card,ANON-0000-0000-0320,37.72,Cappuccino,21:30:36.375,2024,6,Sunday,21,Evening,High
2024-06-24,card,ANON-0000-0000-0164,32.82,Americano with Milk,11:44:39.939,2024,6,Monday,11,Morning,Medium
2024-06-24,card,ANON-0000-0000-0180,37.72,Cappuccino,11:49:36.044,2024,6,Monday,11,Morning,High
2024-06-24,card,ANON-0000-0000-0180,37.72,Cappuccino,11:50:44.080,2024,6,Monday,11,Morning,High
2024-06-24,card,ANON-0000-0000-0321,37.72,Latte,15:02:28.995,2024,6,Monday,15,Afternoon,High
2024-06-24,card,ANON-0000-0000-0203,37.72,Cappuccino,16:46:00.573,2024,6,Monday,16,Afternoon,High
2024-06-24,card,ANON-0000-0000-0203,37.72,Cappuccino,16:47:00.409,2024,6,Monday,16,Afternoon,High
2024-06-25,card,ANON-0000-0000-0322,37.72,Latte,08:19:24.244,2024,6,Tuesday,8,Morning,High
2024-06-25,card,ANON-0000-0000-0012,32.82,Americano with Milk,10:28:26.408,2024,6,Tuesday,10,Morning,Medium
2024-06-25,card,ANON-0000-0000-0040,32.82,Americano with Milk,10:29:42.410,2024,6,Tuesday,10,Morning,Medium
2024-06-25,card,ANON-0000-0000-0203,37.72,Cappuccino,11:34:52.296,2024,6,Tuesday,11,Morning,High
2024-06-26,card,ANON-0000-0000-0323,37.72,Latte,09:33:01.706,2024,6,Wednesday,9,Morning,High
2024-06-26,card,ANON-0000-0000-0324,23.02,Espresso,16:32:29.453,2024,6,Wednesday,16,Afternoon,Low
2024-06-26,card,ANON-0000-0000-0325,27.92,Americano,16:34:01.607,2024,6,Wednesday,16,Afternoon,Low
2024-06-26,card,ANON-0000-0000-0009,37.72,Latte,21:21:53.296,2024,6,Wednesday,21,Evening,High
2024-06-26,card,ANON-0000-0000-0009,37.72,Cappuccino,21:27:00.807,2024,6,Wednesday,21,Evening,High
2024-06-26,card,ANON-0000-0000-0206,32.82,Americano with Milk,21:28:14.566,2024,6,Wednesday,21,Evening,Medium
2024-06-27,card,ANON-0000-0000-0326,32.82,Americano with Milk,09:15:43.173,2024,6,Thursday,9,Morning,Medium
2024-06-27,card,ANON-0000-0000-0327,27.92,Cortado,16:11:48.000,2024,6,Thursday,16,Afternoon,Low
2024-06-27,card,ANON-0000-0000-0328,32.82,Americano with Milk,21:44:03.372,2024,6,Thursday,21,Evening,Medium
2024-06-27,card,ANON-0000-0000-0329,37.72,Cappuccino,21:50:31.617,2024,6,Thursday,21,Evening,High
2024-06-28,card,ANON-0000-0000-0141,27.92,Cortado,08:08:35.044,2024,6,Friday,8,Morning,Low
2024-06-28,card,ANON-0000-0000-0274,23.02,Espresso,17:51:53.993,2024,6,Friday,17,Evening,Low
2024-06-28,card,ANON-0000-0000-0330,32.82,Americano with Milk,21:50:55.375,2024,6,Friday,21,Evening,Medium
2024-06-28,card,ANON-0000-0000-0331,37.72,Latte,21:52:01.867,2024,6,Friday,21,Evening,High
2024-06-28,card,ANON-0000-0000-0332,37.72,Cappuccino,22:28:19.976,2024,6,Friday,22,Evening,High
2024-06-29,card,ANON-0000-0000-0097,32.82,Americano with Milk,09:47:10.304,2024,6,Saturday,9,Morning,Medium
2024-06-29,card,ANON-0000-0000-0333,32.82,Americano with Milk,11:40:19.582,2024,6,Saturday,11,Morning,Medium
2024-06-29,card,ANON-0000-0000-0333,32.82,Americano with Milk,11:41:26.609,2024,6,Saturday,11,Morning,Medium
2024-06-29,card,ANON-0000-0000-0334,37.72,Cappuccino,12:30:24.358,2024,6,Saturday,12,Afternoon,High
2024-06-29,card,ANON-0000-0000-0334,37.72,Cappuccino,12:31:42.582,2024,6,Saturday,12,Afternoon,High
2024-06-29,card,ANON-0000-0000-0335,37.72,Cappuccino,17:23:43.583,2024,6,Saturday,17,Evening,High
2024-06-29,card,ANON-0000-0000-0335,37.72,Hot Chocolate,17:24:52.377,2024,6,Saturday,17,Evening,High
2024-06-29,card,ANON-0000-0000-0009,37.72,Latte,21:27:22.449,2024,6,Saturday,21,Evening,High
2024-06-30,card,ANON-0000-0000-0336,37.72,Latte,10:28:09.842,2024,6,Sunday,10,Morning,High
2024-06-30,card,ANON-0000-0000-0337,23.02,Espresso,13:05:50.620,2024,6,Sunday,13,Afternoon,Low
2024-06-30,card,ANON-0000-0000-0009,37.72,Hot Chocolate,16:54:41.679,2024,6,Sunday,16,Afternoon,High
2024-06-30,card,ANON-0000-0000-0097,32.82,Americano with Milk,21:04:09.746,2024,6,Sunday,21,Evening,Medium
2024-07-01,card,ANON-0000-0000-0012,23.02,Espresso,18:07:26.760,2024,7,Monday,18,Evening,Low
2024-07-01,card,ANON-0000-0000-0338,37.72,Cappuccino,18:56:51.844,2024,7,Monday,18,Evening,High
2024-07-01,card,ANON-0000-0000-0339,37.72,Cappuccino,18:57:54.267,2024,7,Monday,18,Evening,High
2024-07-02,card,ANON-0000-0000-0304,32.82,Americano with Milk,10:42:54.057,2024,7,Tuesday,10,Morning,Medium
2024-07-02,card,ANON-0000-0000-0304,27.92,Americano,10:45:00.617,2024,7,Tuesday,10,Morning,Low
2024-07-02,card,ANON-0000-0000-0019,37.72,Latte,12:48:05.181,2024,7,Tuesday,12,Afternoon,High
2024-07-02,card,ANON-0000-0000-0340,27.92,Americano,14:03:13.231,2024,7,Tuesday,14,Afternoon,Low
2024-07-02,card,ANON-0000-0000-0341,32.82,Americano with Milk,16:31:24.337,2024,7,Tuesday,16,Afternoon,Medium
2024-07-02,card,ANON-0000-0000-0329,32.82,Americano with Milk,22:02:23.576,2024,7,Tuesday,22,Evening,Medium
2024-07-03,card,ANON-0000-0000-0012,32.82,Americano with Milk,13:51:14.935,2024,7,Wednesday,13,Afternoon,Medium
2024-07-03,card,ANON-0000-0000-0342,37.72,Cappuccino,16:01:16.554,2024,7,Wednesday,16,Afternoon,High
2024-07-03,card,ANON-0000-0000-0343,37.72,Cappuccino,16:50:25.223,2024,7,Wednesday,16,Afternoon,High
2024-07-03,card,ANON-0000-0000-0270,32.82,Americano with Milk,16:53:15.618,2024,7,Wednesday,16,Afternoon,Medium
2024-07-03,card,ANON-0000-0000-0344,32.82,Americano with Milk,16:54:22.907,2024,7,Wednesday,16,Afternoon,Medium
2024-07-03,card,ANON-0000-0000-0270,37.72,Latte,16:55:31.423,2024,7,Wednesday,16,Afternoon,High
2024-07-03,card,ANON-0000-0000-0345,23.02,Espresso,16:59:25.580,2024,7,Wednesday,16,Afternoon,Low
2024-07-03,card,ANON-0000-0000-0346,37.72,Cappuccino,17:59:01.827,2024,7,Wednesday,17,Evening,High
2024-07-03,card,ANON-0000-0000-0009,37.72,Latte,19:06:09.136,2024,7,Wednesday,19,Evening,High
2024-07-04,card,ANON-0000-0000-0143,32.82,Americano with Milk,10:26:23.725,2024,7,Thursday,10,Morning,Medium
2024-07-04,card,ANON-0000-0000-0012,27.92,Americano,10:27:30.261,2024,7,Thursday,10,Morning,Low
2024-07-05,card,ANON-0000-0000-0058,37.72,Cocoa,12:20:28.670,2024,7,Friday,12,Afternoon,High
2024-07-05,card,ANON-0000-0000-0040,32.82,Americano with Milk,13:43:43.134,2024,7,Friday,13,Afternoon,Medium
2024-07-05,card,ANON-0000-0000-0347,32.82,Americano with Milk,13:44:43.829,2024,7,Friday,13,Afternoon,Medium
2024-07-05,card,ANON-0000-0000-0348,23.02,Espresso,18:55:56.308,2024,7,Friday,18,Evening,Low
2024-07-05,card,ANON-0000-0000-0099,27.92,Americano,19:55:07.812,2024,7,Friday,19,Evening,Low
2024-07-05,card,ANON-0000-0000-0349,23.02,Espresso,22:11:56.471,2024,7,Friday,22,Evening,Low
2024-07-05,card,ANON-0000-0000-0350,27.92,Americano,22:18:03.324,2024,7,Friday,22,Evening,Low
2024-07-05,card,ANON-0000-0000-0350,27.92,Americano,22:18:56.945,2024,7,Friday,22,Evening,Low
2024-07-05,card,ANON-0000-0000-0351,37.72,Cappuccino,22:20:01.149,2024,7,Friday,22,Evening,High
2024-07-05,card,ANON-0000-0000-0351,32.82,Americano with Milk,22:21:09.457,2024,7,Friday,22,Evening,Medium
2024-07-06,card,ANON-0000-0000-0352,37.72,Latte,10:28:06.826,2024,7,Saturday,10,Morning,High
2024-07-06,card,ANON-0000-0000-0009,32.82,Latte,17:15:46.042,2024,7,Saturday,17,Evening,Medium
2024-07-06,card,ANON-0000-0000-0009,32.82,Latte,17:17:01.046,2024,7,Saturday,17,Evening,Medium
2024-07-06,card,ANON-0000-0000-0012,32.82,Latte,19:09:46.107,2024,7,Saturday,19,Evening,Medium
2024-07-06,card,ANON-0000-0000-0012,27.92,Americano with Milk,19:10:39.580,2024,7,Saturday,19,Evening,Low
2024-07-07,card,ANON-0000-0000-0303,32.82,Cappuccino,09:04:20.169,2024,7,Sunday,9,Morning,Medium
2024-07-07,card,ANON-0000-0000-0353,27.92,Americano with Milk,09:14:29.225,2024,7,Sunday,9,Morning,Low
2024-07-07,card,ANON-0000-0000-0353,27.92,Americano with Milk,09:15:36.815,2024,7,Sunday,9,Morning,Low
2024-07-07,card,ANON-0000-0000-0354,32.82,Cappuccino,09:28:48.876,2024,7,Sunday,9,Morning,Medium
2024-07-07,card,ANON-0000-0000-0354,32.82,Cappuccino,09:29:56.189,2024,7,Sunday,9,Morning,Medium
2024-07-07,card,ANON-0000-0000-0355,32.82,Hot Chocolate,14:56:30.193,2024,7,Sunday,14,Afternoon,Medium
2024-07-07,card,ANON-0000-0000-0355,32.82,Cocoa,14:57:47.411,2024,7,Sunday,14,Afternoon,Medium
2024-07-07,card,ANON-0000-0000-0356,32.82,Latte,17:07:50.284,2024,7,Sunday,17,Evening,Medium
2024-07-07,card,ANON-0000-0000-0357,32.82,Cappuccino,19:33:27.187,2024,7,Sunday,19,Evening,Medium
2024-07-07,card,ANON-0000-0000-0358,32.82,Hot Chocolate,20:01:31.653,2024,7,Sunday,20,Evening,Medium
2024-07-07,card,ANON-0000-0000-0359,27.92,Americano with Milk,22:33:36.255,2024,7,Sunday,22,Evening,Low
2024-07-08,card,ANON-0000-0000-0360,32.82,Latte,07:33:07.724,2024,7,Monday,7,Morning,Medium
2024-07-08,card,ANON-0000-0000-0361,23.02,Americano,12:02:50.421,2024,7,Monday,12,Afternoon,Low
2024-07-08,card,ANON-0000-0000-0362,23.02,Americano,14:40:24.350,2024,7,Monday,14,Afternoon,Low
2024-07-08,card,ANON-0000-0000-0363,27.92,Americano with Milk,19:30:34.976,2024,7,Monday,19,Evening,Low
2024-07-08,card,ANON-0000-0000-0019,32.82,Latte,22:14:46.180,2024,7,Monday,22,Evening,Medium
2024-07-09,card,ANON-0000-0000-0333,27.92,Americano with Milk,10:26:52.138,2024,7,Tuesday,10,Morning,Low
2024-07-09,card,ANON-0000-0000-0276,27.92,Americano with Milk,10:40:28.767,2024,7,Tuesday,10,Morning,Low
2024-07-09,card,ANON-0000-0000-0194,27.92,Americano with Milk,11:21:36.103,2024,7,Tuesday,11,Morning,Low
2024-07-09,card,ANON-0000-0000-0194,32.82,Cappuccino,11:22:49.904,2024,7,Tuesday,11,Morning,Medium
2024-07-09,card,ANON-0000-0000-0364,27.92,Americano with Milk,16:42:59.535,2024,7,Tuesday,16,Afternoon,Low
2024-07-10,card,ANON-0000-0000-0365,23.02,Americano,11:10:41.690,2024,7,Wednesday,11,Morning,Low
2024-07-10,card,ANON-0000-0000-0366,27.92,Americano with Milk,12:28:53.659,2024,7,Wednesday,12,Afternoon,Low
2024-07-10,card,ANON-0000-0000-0328,32.82,Latte,22:13:10.049,2024,7,Wednesday,22,Evening,Medium
2024-07-11,card,ANON-0000-0000-0367,32.82,Hot Chocolate,11:27:27.562,2024,7,Thursday,11,Morning,Medium
2024-07-11,card,ANON-0000-0000-0368,27.92,Americano with Milk,16:48:18.709,2024,7,Thursday,16,Afternoon,Low
2024-07-11,card,ANON-0000-0000-0369,32.82,Latte,22:22:13.648,2024,7,Thursday,22,Evening,Medium
2024-07-11,card,ANON-0000-0000-0370,23.02,Americano,22:30:58.541,2024,7,Thursday,22,Evening,Low
2024-07-12,card,ANON-0000-0000-0371,23.02,Cortado,08:03:17.492,2024,7,Friday,8,Morning,Low
2024-07-12,card,ANON-0000-0000-0372,32.82,Hot Chocolate,11:48:33.381,2024,7,Friday,11,Morning,Medium
2024-07-12,card,ANON-0000-0000-0178,32.82,Hot Chocolate,22:33:25.589,2024,7,Friday,22,Evening,Medium
2024-07-12,card,ANON-0000-0000-0177,32.82,Hot Chocolate,22:34:14.307,2024,7,Friday,22,Evening,Medium
2024-07-12,card,ANON-0000-0000-0179,32.82,Hot Chocolate,22:35:29.518,2024,7,Friday,22,Evening,Medium
2024-07-13,card,ANON-0000-0000-0365,32.82,Latte,10:38:10.273,2024,7,Saturday,10,Morning,Medium
2024-07-13,card,ANON-0000-0000-0365,32.82,Latte,11:41:38.089,2024,7,Saturday,11,Morning,Medium
2024-07-14,card,ANON-0000-0000-0373,23.02,Americano,10:54:24.307,2024,7,Sunday,10,Morning,Low
2024-07-14,card,ANON-0000-0000-0373,27.92,Americano with Milk,10:55:30.525,2024,7,Sunday,10,Morning,Low
2024-07-14,card,ANON-0000-0000-0373,32.82,Cappuccino,10:56:30.251,2024,7,Sunday,10,Morning,Medium
2024-07-14,card,ANON-0000-0000-0374,32.82,Latte,10:57:54.062,2024,7,Sunday,10,Morning,Medium
2024-07-14,card,ANON-0000-0000-0375,23.02,Americano,11:02:11.798,2024,7,Sunday,11,Morning,Low
2024-07-14,card,ANON-0000-0000-0376,32.82,Latte,22:31:29.976,2024,7,Sunday,22,Evening,Medium
2024-07-15,card,ANON-0000-0000-0377,32.82,Cappuccino,07:33:05.557,2024,7,Monday,7,Morning,Medium
2024-07-16,card,ANON-0000-0000-0378,27.92,Americano with Milk,12:23:37.467,2024,7,Tuesday,12,Afternoon,Low
2024-07-16,card,ANON-0000-0000-0367,32.82,Hot Chocolate,19:29:25.485,2024,7,Tuesday,19,Evening,Medium
2024-07-17,card,ANON-0000-0000-0379,27.92,Americano with Milk,13:04:59.744,2024,7,Wednesday,13,Afternoon,Low
2024-07-18,card,ANON-0000-0000-0380,27.92,Americano with Milk,11:10:13.393,2024,7,Thursday,11,Morning,Low
2024-07-18,card,ANON-0000-0000-0381,18.12,Espresso,11:11:23.434,2024,7,Thursday,11,Morning,Low
2024-07-18,card,ANON-0000-0000-0059,23.02,Americano,11:32:59.624,2024,7,Thursday,11,Morning,Low
2024-07-18,card,ANON-0000-0000-0059,23.02,Americano,11:34:48.437,2024,7,Thursday,11,Morning,Low
2024-07-18,card,ANON-0000-0000-0059,23.02,Cortado,11:35:51.505,2024,7,Thursday,11,Morning,Low
2024-07-18,card,ANON-0000-0000-0375,32.82,Latte,13:23:33.812,2024,7,Thursday,13,Afternoon,Medium
2024-07-18,card,ANON-0000-0000-0382,32.82,Cappuccino,18:18:23.378,2024,7,Thursday,18,Evening,Medium
2024-07-18,card,ANON-0000-0000-0009,32.82,Latte,19:30:50.562,2024,7,Thursday,19,Evening,Medium
2024-07-18,card,ANON-0000-0000-0383,32.82,Hot Chocolate,21:19:41.814,2024,7,Thursday,21,Evening,Medium
2024-07-18,card,ANON-0000-0000-0383,32.82,Latte,21:21:59.855,2024,7,Thursday,21,Evening,Medium
2024-07-18,card,ANON-0000-0000-0384,32.82,Latte,21:46:18.674,2024,7,Thursday,21,Evening,Medium
2024-07-19,card,ANON-0000-0000-0375,23.02,Americano,11:03:02.341,2024,7,Friday,11,Morning,Low
2024-07-19,card,ANON-0000-0000-0385,27.92,Americano with Milk,11:16:20.509,2024,7,Friday,11,Morning,Low
2024-07-19,card,ANON-0000-0000-0386,32.82,Latte,12:58:37.561,2024,7,Friday,12,Afternoon,Medium
2024-07-19,card,ANON-0000-0000-0386,27.92,Americano with Milk,12:59:55.383,2024,7,Friday,12,Afternoon,Low
2024-07-19,card,ANON-0000-0000-0384,32.82,Latte,14:09:20.716,2024,7,Friday,14,Afternoon,Medium
2024-07-19,card,ANON-0000-0000-0384,32.82,Cocoa,14:11:22.105,2024,7,Friday,14,Afternoon,Medium
2024-07-19,card,ANON-0000-0000-0384,32.82,Latte,16:36:19.272,2024,7,Friday,16,Afternoon,Medium
2024-07-19,card,ANON-0000-0000-0384,32.82,Latte,16:37:35.808,2024,7,Friday,16,Afternoon,Medium
2024-07-20,card,ANON-0000-0000-0387,23.02,Americano,08:05:44.469,2024,7,Saturday,8,Morning,Low
2024-07-20,card,ANON-0000-0000-0387,32.82,Latte,08:06:48.685,2024,7,Saturday,8,Morning,Medium
2024-07-20,card,ANON-0000-0000-0387,23.02,Americano,08:07:51.433,2024,7,Saturday,8,Morning,Low
2024-07-20,card,ANON-0000-0000-0388,32.82,Latte,09:00:53.605,2024,7,Saturday,9,Morning,Medium
2024-07-20,card,ANON-0000-0000-0389,32.82,Latte,09:02:27.848,2024,7,Saturday,9,Morning,Medium
2024-07-20,card,ANON-0000-0000-0390,23.02,Americano,10:39:21.044,2024,7,Saturday,10,Morning,Low
2024-07-20,card,ANON-0000-0000-0391,32.82,Latte,15:15:09.221,2024,7,Saturday,15,Afternoon,Medium
2024-07-21,card,ANON-0000-0000-0367,32.82,Cocoa,10:30:55.818,2024,7,Sunday,10,Morning,Medium
2024-07-21,card,ANON-0000-0000-0392,32.82,Cappuccino,11:39:28.776,2024,7,Sunday,11,Morning,Medium
2024-07-21,card,ANON-0000-0000-0393,23.02,Cortado,13:34:30.849,2024,7,Sunday,13,Afternoon,Low
2024-07-21,card,ANON-0000-0000-0394,32.82,Latte,13:42:31.444,2024,7,Sunday,13,Afternoon,Medium
2024-07-22,card,ANON-0000-0000-0375,23.02,Americano,08:13:23.147,2024,7,Monday,8,Morning,Low
2024-07-22,card,ANON-0000-0000-0395,23.02,Americano,08:40:49.554,2024,7,Monday,8,Morning,Low
2024-07-22,card,ANON-0000-0000-0385,27.92,Americano with Milk,10:15:37.266,2024,7,Monday,10,Morning,Low
2024-07-22,card,ANON-0000-0000-0396,32.82,Latte,16:44:37.593,2024,7,Monday,16,Afternoon,Medium
2024-07-23,card,ANON-0000-0000-0197,32.82,Latte,08:12:56.229,2024,7,Tuesday,8,Morning,Medium
2024-07-23,card,ANON-0000-0000-0395,23.02,Americano,08:40:18.981,2024,7,Tuesday,8,Morning,Low
2024-07-23,card,ANON-0000-0000-0397,27.92,Americano with Milk,08:44:53.816,2024,7,Tuesday,8,Morning,Low
2024-07-23,card,ANON-0000-0000-0398,32.82,Cocoa,08:49:25.107,2024,7,Tuesday,8,Morning,Medium
2024-07-23,card,ANON-0000-0000-0399,32.82,Latte,08:51:10.365,2024,7,Tuesday,8,Morning,Medium
2024-07-23,card,ANON-0000-0000-0375,23.02,Americano,09:01:45.707,2024,7,Tuesday,9,Morning,Low
2024-07-23,card,ANON-0000-0000-0400,27.92,Americano with Milk,10:03:36.492,2024,7,Tuesday,10,Morning,Low
2024-07-23,card,ANON-0000-0000-0401,27.92,Americano with Milk,15:20:04.971,2024,7,Tuesday,15,Afternoon,Low
2024-07-23,card,ANON-0000-0000-0401,32.82,Latte,15:21:01.280,2024,7,Tuesday,15,Afternoon,Medium
2024-07-23,card,ANON-0000-0000-0009,32.82,Latte,21:01:40.612,2024,7,Tuesday,21,Evening,Medium
2024-07-23,card,ANON-0000-0000-0012,23.02,Americano,21:23:13.501,2024,7,Tuesday,21,Evening,Low
2024-07-23,card,ANON-0000-0000-0012,23.02,Americano,21:24:22.609,2024,7,Tuesday,21,Evening,Low
2024-07-24,card,ANON-0000-0000-0097,27.92,Americano with Milk,09:16:09.814,2024,7,Wednesday,9,Morning,Low
2024-07-24,card,ANON-0000-0000-0385,27.92,Americano with Milk,09:38:55.007,2024,7,Wednesday,9,Morning,Low
2024-07-24,card,ANON-0000-0000-0402,18.12,Espresso,09:54:37.456,2024,7,Wednesday,9,Morning,Low
2024-07-24,card,ANON-0000-0000-0379,32.82,Cappuccino,11:43:53.121,2024,7,Wednesday,11,Morning,Medium
2024-07-24,card,ANON-0000-0000-0399,32.82,Latte,13:55:13.821,2024,7,Wednesday,13,Afternoon,Medium
2024-07-24,card,ANON-0000-0000-0012,18.12,Espresso,14:45:49.766,2024,7,Wednesday,14,Afternoon,Low
2024-07-24,card,ANON-0000-0000-0009,32.82,Latte,15:18:30.522,2024,7,Wednesday,15,Afternoon,Medium
2024-07-24,card,ANON-0000-0000-0205,32.82,Cappuccino,19:15:05.678,2024,7,Wednesday,19,Evening,Medium
2024-07-24,card,ANON-0000-0000-0205,32.82,Cappuccino,19:16:59.779,2024,7,Wednesday,19,Evening,Medium
2024-07-24,card,ANON-0000-0000-0040,27.92,Americano with Milk,21:17:36.797,2024,7,Wednesday,21,Evening,Low
2024-07-24,card,ANON-0000-0000-0040,23.02,Americano,21:18:41.294,2024,7,Wednesday,21,Evening,Low
2024-07-24,card,ANON-0000-0000-0012,23.02,Americano,21:25:17.493,2024,7,Wednesday,21,Evening,Low
2024-07-25,card,ANON-0000-0000-0012,23.02,Americano,07:54:47.935,2024,7,Thursday,7,Morning,Low
2024-07-25,card,ANON-0000-0000-0399,32.82,Latte,08:49:18.428,2024,7,Thursday,8,Morning,Medium
2024-07-25,card,ANON-0000-0000-0385,27.92,Americano with Milk,10:29:44.629,2024,7,Thursday,10,Morning,Low
2024-07-25,card,ANON-0000-0000-0375,23.02,Americano,11:26:04.701,2024,7,Thursday,11,Morning,Low
2024-07-25,card,ANON-0000-0000-0403,32.82,Cappuccino,15:25:06.512,2024,7,Thursday,15,Afternoon,Medium
2024-07-25,card,ANON-0000-0000-0257,32.82,Cappuccino,19:21:00.764,2024,7,Thursday,19,Evening,Medium
2024-07-25,card,ANON-0000-0000-0404,23.02,Cortado,21:06:01.272,2024,7,Thursday,21,Evening,Low
2024-07-25,card,ANON-0000-0000-0404,18.12,Espresso,21:06:50.002,2024,7,Thursday,21,Evening,Low
2024-07-25,card,ANON-0000-0000-0328,23.02,Cortado,22:38:51.330,2024,7,Thursday,22,Evening,Low
2024-07-25,card,ANON-0000-0000-0405,32.82,Cocoa,22:39:46.790,2024,7,Thursday,22,Evening,Medium
2024-07-26,card,ANON-0000-0000-0406,32.82,Latte,08:33:01.273,2024,7,Friday,8,Morning,Medium
2024-07-26,card,ANON-0000-0000-0097,27.92,Americano with Milk,09:19:37.376,2024,7,Friday,9,Morning,Low
2024-07-26,card,ANON-0000-0000-0059,18.12,Espresso,09:20:34.344,2024,7,Friday,9,Morning,Low
2024-07-26,card,ANON-0000-0000-0407,23.02,Cortado,09:33:11.511,2024,7,Friday,9,Morning,Low
2024-07-26,card,ANON-0000-0000-0407,23.02,Cortado,09:34:16.633,2024,7,Friday,9,Morning,Low
2024-07-26,card,ANON-0000-0000-0408,32.82,Latte,09:59:07.867,2024,7,Friday,9,Morning,Medium
2024-07-26,card,ANON-0000-0000-0408,32.82,Latte,10:00:02.719,2024,7,Friday,10,Morning,Medium
2024-07-26,card,ANON-0000-0000-0385,27.92,Americano with Milk,11:47:13.855,2024,7,Friday,11,Morning,Low
2024-07-26,card,ANON-0000-0000-0379,27.92,Americano with Milk,12:07:01.670,2024,7,Friday,12,Afternoon,Low
2024-07-26,card,ANON-0000-0000-0339,32.82,Cappuccino,12:28:08.044,2024,7,Friday,12,Afternoon,Medium
2024-07-26,card,ANON-0000-0000-0339,32.82,Cappuccino,12:29:17.708,2024,7,Friday,12,Afternoon,Medium
2024-07-26,card,ANON-0000-0000-0409,32.82,Latte,13:09:56.138,2024,7,Friday,13,Afternoon,Medium
2024-07-26,card,ANON-0000-0000-0410,23.02,Americano,17:23:29.347,2024,7,Friday,17,Evening,Low
2024-07-26,card,ANON-0000-0000-0411,32.82,Cappuccino,17:58:29.217,2024,7,Friday,17,Evening,Medium
2024-07-26,card,ANON-0000-0000-0009,32.82,Latte,21:15:09.612,2024,7,Friday,21,Evening,Medium
2024-07-26,card,ANON-0000-0000-0412,27.92,Americano with Milk,22:49:52.318,2024,7,Friday,22,Evening,Low
2024-07-27,card,ANON-0000-0000-0097,32.82,Cappuccino,09:09:16.457,2024,7,Saturday,9,Morning,Medium
2024-07-27,card,ANON-0000-0000-0413,27.92,Americano with Milk,11:55:31.381,2024,7,Saturday,11,Morning,Low
2024-07-27,card,ANON-0000-0000-0059,27.92,Americano with Milk,12:25:10.115,2024,7,Saturday,12,Afternoon,Low
2024-07-27,card,ANON-0000-0000-0040,18.12,Espresso,12:26:13.159,2024,7,Saturday,12,Afternoon,Low
2024-07-27,card,ANON-0000-0000-0059,27.92,Americano with Milk,12:33:23.070,2024,7,Saturday,12,Afternoon,Low
2024-07-27,card,ANON-0000-0000-0225,18.12,Espresso,14:28:41.904,2024,7,Saturday,14,Afternoon,Low
2024-07-27,card,ANON-0000-0000-0077,32.82,Latte,14:51:53.196,2024,7,Saturday,14,Afternoon,Medium
2024-07-27,card,ANON-0000-0000-0414,32.82,Cappuccino,17:02:33.358,2024,7,Saturday,17,Evening,Medium
2024-07-27,card,ANON-0000-0000-0415,32.82,Cappuccino,17:03:39.112,2024,7,Saturday,17,Evening,Medium
2024-07-27,card,ANON-0000-0000-0416,27.92,Americano with Milk,17:09:00.424,2024,7,Saturday,17,Evening,Low
2024-07-27,card,ANON-0000-0000-0416,27.92,Americano with Milk,17:10:08.074,2024,7,Saturday,17,Evening,Low
2024-07-27,card,ANON-0000-0000-0009,32.82,Latte,20:55:20.175,2024,7,Saturday,20,Evening,Medium
2024-07-27,card,ANON-0000-0000-0417,32.82,Cappuccino,22:56:23.915,2024,7,Saturday,22,Evening,Medium
2024-07-28,card,ANON-0000-0000-0012,18.12,Espresso,11:07:25.920,2024,7,Sunday,11,Morning,Low
2024-07-28,card,ANON-0000-0000-0276,27.92,Americano with Milk,14:17:54.205,2024,7,Sunday,14,Afternoon,Low
2024-07-28,card,ANON-0000-0000-0276,32.82,Latte,14:18:52.196,2024,7,Sunday,14,Afternoon,Medium
2024-07-29,card,ANON-0000-0000-0418,32.82,Latte,08:12:06.406,2024,7,Monday,8,Morning,Medium
2024-07-29,card,ANON-0000-0000-0012,23.02,Americano,09:04:47.972,2024,7,Monday,9,Morning,Low
2024-07-29,card,ANON-0000-0000-0097,27.92,Americano with Milk,09:15:46.155,2024,7,Monday,9,Morning,Low
2024-07-29,card,ANON-0000-0000-0003,23.02,Americano,09:19:44.082,2024,7,Monday,9,Morning,Low
2024-07-29,card,ANON-0000-0000-0419,27.92,Americano with Milk,09:51:24.747,2024,7,Monday,9,Morning,Low
2024-07-29,card,ANON-0000-0000-0420,32.82,Cappuccino,09:58:29.639,2024,7,Monday,9,Morning,Medium
2024-07-29,card,ANON-0000-0000-0421,32.82,Hot Chocolate,10:43:43.961,2024,7,Monday,10,Morning,Medium
2024-07-29,card,ANON-0000-0000-0421,32.82,Hot Chocolate,10:44:55.846,2024,7,Monday,10,Morning,Medium
2024-07-29,card,ANON-0000-0000-0422,32.82,Cappuccino,19:06:31.131,2024,7,Monday,19,Evening,Medium
2024-07-29,card,ANON-0000-0000-0099,23.02,Americano,19:30:16.319,2024,7,Monday,19,Evening,Low
2024-07-29,card,ANON-0000-0000-0328,32.82,Cocoa,21:57:34.419,2024,7,Monday,21,Evening,Medium
2024-07-30,card,ANON-0000-0000-0423,27.92,Americano with Milk,07:41:10.945,2024,7,Tuesday,7,Morning,Low
2024-07-30,card,ANON-0000-0000-0424,23.02,Cortado,08:05:07.216,2024,7,Tuesday,8,Morning,Low
2024-07-30,card,ANON-0000-0000-0425,32.82,Cappuccino,08:20:51.115,2024,7,Tuesday,8,Morning,Medium
2024-07-30,card,ANON-0000-0000-0097,27.92,Americano with Milk,09:13:43.217,2024,7,Tuesday,9,Morning,Low
2024-07-30,card,ANON-0000-0000-0141,23.02,Cortado,10:17:11.147,2024,7,Tuesday,10,Morning,Low
2024-07-30,card,ANON-0000-0000-0276,27.92,Americano with Milk,10:19:34.213,2024,7,Tuesday,10,Morning,Low
2024-07-30,card,ANON-0000-0000-0250,32.82,Latte,10:23:20.120,2024,7,Tuesday,10,Morning,Medium
2024-07-30,card,ANON-0000-0000-0426,23.02,Americano,11:12:07.359,2024,7,Tuesday,11,Morning,Low
2024-07-30,card,ANON-0000-0000-0426,18.12,Espresso,11:13:16.218,2024,7,Tuesday,11,Morning,Low
2024-07-30,card,ANON-0000-0000-0427,27.92,Americano with Milk,11:14:41.678,2024,7,Tuesday,11,Morning,Low
2024-07-30,card,ANON-0000-0000-0428,27.92,Americano with Milk,11:16:01.630,2024,7,Tuesday,11,Morning,Low
2024-07-30,card,ANON-0000-0000-0429,27.92,Americano with Milk,11:30:34.737,2024,7,Tuesday,11,Morning,Low
2024-07-30,card,ANON-0000-0000-0430,27.92,Americano with Milk,11:31:40.809,2024,7,Tuesday,11,Morning,Low
2024-07-30,card,ANON-0000-0000-0431,32.82,Latte,12:08:07.508,2024,7,Tuesday,12,Afternoon,Medium
2024-07-30,card,ANON-0000-0000-0432,27.92,Americano with Milk,15:16:09.628,2024,7,Tuesday,15,Afternoon,Low
2024-07-30,card,ANON-0000-0000-0433,23.02,Cortado,16:08:52.876,2024,7,Tuesday,16,Afternoon,Low
2024-07-30,card,ANON-0000-0000-0433,27.92,Americano with Milk,16:09:43.627,2024,7,Tuesday,16,Afternoon,Low
2024-07-30,card,ANON-0000-0000-0434,18.12,Espresso,20:24:19.874,2024,7,Tuesday,20,Evening,Low
2024-07-30,card,ANON-0000-0000-0097,27.92,Americano with Milk,20:53:51.866,2024,7,Tuesday,20,Evening,Low
2024-07-30,card,ANON-0000-0000-0097,27.92,Americano with Milk,20:54:46.316,2024,7,Tuesday,20,Evening,Low
2024-07-30,card,ANON-0000-0000-0347,27.92,Americano with Milk,20:57:02.324,2024,7,Tuesday,20,Evening,Low
2024-07-30,card,ANON-0000-0000-0435,32.82,Latte,21:33:19.198,2024,7,Tuesday,21,Evening,Medium
2024-07-30,card,ANON-0000-0000-0436,23.02,Americano,22:15:21.484,2024,7,Tuesday,22,Evening,Low
2024-07-30,card,ANON-0000-0000-0436,32.82,Cappuccino,22:16:19.260,2024,7,Tuesday,22,Evening,Medium
2024-07-31,card,ANON-0000-0000-0423,27.92,Americano with Milk,07:59:52.098,2024,7,Wednesday,7,Morning,Low
2024-07-31,card,ANON-0000-0000-0437,27.92,Americano with Milk,08:37:41.943,2024,7,Wednesday,8,Morning,Low
2024-07-31,card,ANON-0000-0000-0437,27.92,Americano with Milk,08:38:38.236,2024,7,Wednesday,8,Morning,Low
2024-07-31,card,ANON-0000-0000-0388,23.02,Americano,09:54:45.315,2024,7,Wednesday,9,Morning,Low
2024-07-31,card,ANON-0000-0000-0388,23.02,Americano,09:55:45.142,2024,7,Wednesday,9,Morning,Low
2024-07-31,card,ANON-0000-0000-0276,27.92,Americano with Milk,09:58:15.863,2024,7,Wednesday,9,Morning,Low
2024-07-31,card,ANON-0000-0000-0384,32.82,Cocoa,13:11:42.609,2024,7,Wednesday,13,Afternoon,Medium
2024-07-31,card,ANON-0000-0000-0384,32.82,Latte,13:14:00.286,2024,7,Wednesday,13,Afternoon,Medium
2024-07-31,card,ANON-0000-0000-0438,27.92,Americano with Milk,13:24:49.437,2024,7,Wednesday,13,Afternoon,Low
2024-07-31,card,ANON-0000-0000-0439,23.02,Cortado,17:48:06.787,2024,7,Wednesday,17,Evening,Low
2024-07-31,card,ANON-0000-0000-0440,32.82,Latte,18:04:14.972,2024,7,Wednesday,18,Evening,Medium
2024-07-31,card,ANON-0000-0000-0441,23.02,Cortado,19:22:38.883,2024,7,Wednesday,19,Evening,Low
2024-07-31,card,ANON-0000-0000-0009,32.82,Latte,19:28:45.141,2024,7,Wednesday,19,Evening,Medium
2024-07-31,card,ANON-0000-0000-0442,32.82,Cocoa,20:46:42.418,2024,7,Wednesday,20,Evening,Medium
2024-07-31,card,ANON-0000-0000-0443,23.02,Cortado,20:50:07.411,2024,7,Wednesday,20,Evening,Low
2024-07-31,card,ANON-0000-0000-0443,32.82,Latte,20:51:10.383,2024,7,Wednesday,20,Evening,Medium
2024-07-31,card,ANON-0000-0000-0153,32.82,Cappuccino,20:52:14.802,2024,7,Wednesday,20,Evening,Medium
2024-07-31,card,ANON-0000-0000-0443,23.02,Cortado,20:53:35.077,2024,7,Wednesday,20,Evening,Low
2024-07-31,card,ANON-0000-0000-0040,27.92,Americano with Milk,20:59:25.013,2024,7,Wednesday,20,Evening,Low
2024-07-31,card,ANON-0000-0000-0444,32.82,Latte,21:26:26.000,2024,7,Wednesday,21,Evening,Medium
2024-07-31,card,ANON-0000-0000-0445,32.82,Latte,21:54:11.824,2024,7,Wednesday,21,Evening,Medium
2024-07-31,card,ANON-0000-0000-0446,32.82,Latte,21:55:16.570,2024,7,Wednesday,21,Evening,Medium
2024-08-01,card,ANON-0000-0000-0423,27.92,Americano with Milk,07:31:00.085,2024,8,Thursday,7,Morning,Low
2024-08-01,card,ANON-0000-0000-0276,27.92,Americano with Milk,09:25:20.060,2024,8,Thursday,9,Morning,Low
2024-08-01,card,ANON-0000-0000-0097,27.92,Americano with Milk,11:04:14.067,2024,8,Thursday,11,Morning,Low
2024-08-01,card,ANON-0000-0000-0447,27.92,Americano with Milk,11:22:46.369,2024,8,Thursday,11,Morning,Low
2024-08-01,card,ANON-0000-0000-0448,23.02,Cortado,13:22:46.601,2024,8,Thursday,13,Afternoon,Low
2024-08-01,card,ANON-0000-0000-0448,32.82,Cappuccino,13:23:37.314,2024,8,Thursday,13,Afternoon,Medium
2024-08-01,card,ANON-0000-0000-0449,32.82,Cappuccino,13:49:07.265,2024,8,Thursday,13,Afternoon,Medium
2024-08-01,card,ANON-0000-0000-0423,27.92,Americano with Milk,15:43:43.820,2024,8,Thursday,15,Afternoon,Low
2024-08-01,card,ANON-0000-0000-0450,27.92,Americano with Milk,16:24:00.663,2024,8,Thursday,16,Afternoon,Low
2024-08-01,card,ANON-0000-0000-0450,23.02,Americano,16:26:07.331,2024,8,Thursday,16,Afternoon,Low
2024-08-01,card,ANON-0000-0000-0451,23.02,Americano,17:23:35.238,2024,8,Thursday,17,Evening,Low
2024-08-01,card,ANON-0000-0000-0452,32.82,Cappuccino,20:41:28.118,2024,8,Thursday,20,Evening,Medium
2024-08-02,card,ANON-0000-0000-0453,27.92,Americano with Milk,09:01:54.165,2024,8,Friday,9,Morning,Low
2024-08-02,card,ANON-0000-0000-0097,27.92,Americano with Milk,09:35:02.899,2024,8,Friday,9,Morning,Low
2024-08-02,card,ANON-0000-0000-0141,23.02,Cortado,11:09:19.465,2024,8,Friday,11,Morning,Low
2024-08-02,card,ANON-0000-0000-0454,27.92,Americano with Milk,18:08:35.282,2024,8,Friday,18,Evening,Low
2024-08-02,card,ANON-0000-0000-0009,32.82,Latte,21:23:04.359,2024,8,Friday,21,Evening,Medium
2024-08-03,card,ANON-0000-0000-0097,27.92,Americano with Milk,08:53:46.651,2024,8,Saturday,8,Morning,Low
2024-08-03,card,ANON-0000-0000-0401,27.92,Americano with Milk,09:37:19.213,2024,8,Saturday,9,Morning,Low
2024-08-03,card,ANON-0000-0000-0401,27.92,Americano with Milk,09:38:41.010,2024,8,Saturday,9,Morning,Low
2024-08-03,card,ANON-0000-0000-0304,27.92,Americano with Milk,10:12:25.650,2024,8,Saturday,10,Morning,Low
2024-08-03,card,ANON-0000-0000-0455,23.02,Cortado,11:20:26.571,2024,8,Saturday,11,Morning,Low
2024-08-03,card,ANON-0000-0000-0455,23.02,Cortado,11:21:22.000,2024,8,Saturday,11,Morning,Low
2024-08-03,card,ANON-0000-0000-0040,18.12,Espresso,11:56:36.628,2024,8,Saturday,11,Morning,Low
2024-08-03,card,ANON-0000-0000-0040,27.92,Americano with Milk,11:57:31.273,2024,8,Saturday,11,Morning,Low
2024-08-03,card,ANON-0000-0000-0040,27.92,Americano with Milk,12:03:35.777,2024,8,Saturday,12,Afternoon,Low
2024-08-03,card,ANON-0000-0000-0322,27.92,Americano with Milk,16:53:59.927,2024,8,Saturday,16,Afternoon,Low
2024-08-03,card,ANON-0000-0000-0456,32.82,Cappuccino,18:38:42.026,2024,8,Saturday,18,Evening,Medium
2024-08-03,card,ANON-0000-0000-0457,32.82,Latte,21:30:48.958,2024,8,Saturday,21,Evening,Medium
2024-08-03,card,ANON-0000-0000-0457,32.82,Latte,21:33:06.265,2024,8,Saturday,21,Evening,Medium
2024-08-04,card,ANON-0000-0000-0458,32.82,Cappuccino,08:18:37.314,2024,8,Sunday,8,Morning,Medium
2024-08-04,card,ANON-0000-0000-0040,27.92,Americano with Milk,10:37:51.103,2024,8,Sunday,10,Morning,Low
2024-08-04,card,ANON-0000-0000-0258,32.82,Cappuccino,11:50:54.603,2024,8,Sunday,11,Morning,Medium
2024-08-04,card,ANON-0000-0000-0258,27.92,Americano with Milk,11:52:33.017,2024,8,Sunday,11,Morning,Low
2024-08-04,card,ANON-0000-0000-0268,32.82,Cappuccino,15:33:52.137,2024,8,Sunday,15,Afternoon,Medium
2024-08-04,card,ANON-0000-0000-0268,32.82,Cappuccino,15:35:05.906,2024,8,Sunday,15,Afternoon,Medium
2024-08-05,card,ANON-0000-0000-0459,23.02,Cortado,08:50:05.753,2024,8,Monday,8,Morning,Low
2024-08-05,card,ANON-0000-0000-0097,27.92,Americano with Milk,09:19:19.176,2024,8,Monday,9,Morning,Low
2024-08-05,card,ANON-0000-0000-0375,23.02,Cortado,11:20:47.444,2024,8,Monday,11,Morning,Low
2024-08-05,card,ANON-0000-0000-0460,32.82,Cappuccino,13:45:22.454,2024,8,Monday,13,Afternoon,Medium
2024-08-05,card,ANON-0000-0000-0461,32.82,Latte,16:05:57.738,2024,8,Monday,16,Afternoon,Medium
2024-08-05,card,ANON-0000-0000-0461,32.82,Latte,16:07:18.837,2024,8,Monday,16,Afternoon,Medium
2024-08-05,card,ANON-0000-0000-0462,32.82,Latte,17:44:24.506,2024,8,Monday,17,Evening,Medium
2024-08-05,card,ANON-0000-0000-0462,27.92,Americano with Milk,17:45:32.117,2024,8,Monday,17,Evening,Low
2024-08-05,card,ANON-0000-0000-0019,32.82,Latte,19:20:02.677,2024,8,Monday,19,Evening,Medium
2024-08-05,card,ANON-0000-0000-0009,32.82,Latte,19:34:51.484,2024,8,Monday,19,Evening,Medium
2024-08-05,card,ANON-0000-0000-0463,32.82,Cocoa,20:49:30.945,2024,8,Monday,20,Evening,Medium
2024-08-05,card,ANON-0000-0000-0463,32.82,Cocoa,20:50:21.919,2024,8,Monday,20,Evening,Medium
2024-08-05,card,ANON-0000-0000-0464,27.92,Americano with Milk,22:43:48.193,2024,8,Monday,22,Evening,Low
2024-08-06,card,ANON-0000-0000-0375,23.02,Cortado,10:21:03.320,2024,8,Tuesday,10,Morning,Low
2024-08-06,card,ANON-0000-0000-0465,32.82,Hot Chocolate,10:32:32.335,2024,8,Tuesday,10,Morning,Medium
2024-08-06,card,ANON-0000-0000-0466,32.82,Cappuccino,17:40:49.201,2024,8,Tuesday,17,Evening,Medium
2024-08-06,card,ANON-0000-0000-0466,32.82,Latte,17:42:52.700,2024,8,Tuesday,17,Evening,Medium
2024-08-06,card,ANON-0000-0000-0466,32.82,Cocoa,17:44:05.067,2024,8,Tuesday,17,Evening,Medium
2024-08-06,card,ANON-0000-0000-0019,32.82,Latte,19:04:04.544,2024,8,Tuesday,19,Evening,Medium
2024-08-06,card,ANON-0000-0000-0467,27.92,Americano with Milk,19:05:23.110,2024,8,Tuesday,19,Evening,Low
2024-08-06,card,ANON-0000-0000-0468,32.82,Latte,20:04:27.133,2024,8,Tuesday,20,Evening,Medium
2024-08-07,card,ANON-0000-0000-0453,27.92,Americano with Milk,08:55:48.455,2024,8,Wednesday,8,Morning,Low
2024-08-07,card,ANON-0000-0000-0003,23.02,Americano,12:12:26.800,2024,8,Wednesday,12,Afternoon,Low
2024-08-07,card,ANON-0000-0000-0003,23.02,Americano,12:13:40.664,2024,8,Wednesday,12,Afternoon,Low
2024-08-07,card,ANON-0000-0000-0469,18.12,Espresso,13:11:16.155,2024,8,Wednesday,13,Afternoon,Low
2024-08-07,card,ANON-0000-0000-0470,23.02,Americano,16:19:01.657,2024,8,Wednesday,16,Afternoon,Low
2024-08-07,card,ANON-0000-0000-0009,32.82,Latte,19:36:22.739,2024,8,Wednesday,19,Evening,Medium
2024-08-07,card,ANON-0000-0000-0442,32.82,Cocoa,20:40:09.281,2024,8,Wednesday,20,Evening,Medium
2024-08-07,card,ANON-0000-0000-0328,32.82,Cappuccino,21:18:11.990,2024,8,Wednesday,21,Evening,Medium
2024-08-07,card,ANON-0000-0000-0471,32.82,Latte,22:28:56.686,2024,8,Wednesday,22,Evening,Medium
2024-08-07,card,ANON-0000-0000-0472,32.82,Latte,22:32:15.971,2024,8,Wednesday,22,Evening,Medium
2024-08-08,card,ANON-0000-0000-0141,18.12,Espresso,08:46:36.204,2024,8,Thursday,8,Morning,Low
2024-08-08,card,ANON-0000-0000-0141,23.02,Cortado,08:47:28.686,2024,8,Thursday,8,Morning,Low
2024-08-08,card,ANON-0000-0000-0420,27.92,Americano with Milk,12:27:05.373,2024,8,Thursday,12,Afternoon,Low
2024-08-08,card,ANON-0000-0000-0141,23.02,Cortado,12:43:19.558,2024,8,Thursday,12,Afternoon,Low
2024-08-08,card,ANON-0000-0000-0141,23.02,Cortado,12:44:14.953,2024,8,Thursday,12,Afternoon,Low
2024-08-08,card,ANON-0000-0000-0473,32.82,Cappuccino,16:57:53.266,2024,8,Thursday,16,Afternoon,Medium
2024-08-08,card,ANON-0000-0000-0474,32.82,Cappuccino,17:17:51.749,2024,8,Thursday,17,Evening,Medium
2024-08-08,card,ANON-0000-0000-0311,27.92,Americano with Milk,21:25:59.265,2024,8,Thursday,21,Evening,Low
2024-08-09,card,ANON-0000-0000-0475,32.82,Latte,07:35:22.340,2024,8,Friday,7,Morning,Medium
2024-08-09,card,ANON-0000-0000-0476,23.02,Americano,09:53:34.553,2024,8,Friday,9,Morning,Low
2024-08-09,card,ANON-0000-0000-0141,23.02,Cortado,10:13:07.537,2024,8,Friday,10,Morning,Low
2024-08-09,card,ANON-0000-0000-0311,27.92,Americano with Milk,10:26:47.174,2024,8,Friday,10,Morning,Low
2024-08-09,card,ANON-0000-0000-0475,32.82,Latte,11:28:08.722,2024,8,Friday,11,Morning,Medium
2024-08-09,card,ANON-0000-0000-0477,23.02,Americano,11:29:48.682,2024,8,Friday,11,Morning,Low
2024-08-09,card,ANON-0000-0000-0478,23.02,Americano,18:56:27.712,2024,8,Friday,18,Evening,Low
2024-08-09,card,ANON-0000-0000-0479,32.82,Hot Chocolate,19:03:06.611,2024,8,Friday,19,Evening,Medium
2024-08-10,card,ANON-0000-0000-0480,32.82,Cappuccino,08:36:44.628,2024,8,Saturday,8,Morning,Medium
2024-08-10,card,ANON-0000-0000-0480,27.92,Americano with Milk,08:37:57.069,2024,8,Saturday,8,Morning,Low
2024-08-10,card,ANON-0000-0000-0141,23.02,Cortado,08:45:09.019,2024,8,Saturday,8,Morning,Low
2024-08-10,card,ANON-0000-0000-0012,23.02,Cortado,11:52:33.836,2024,8,Saturday,11,Morning,Low
2024-08-10,card,ANON-0000-0000-0012,23.02,Americano,11:54:23.534,2024,8,Saturday,11,Morning,Low
2024-08-10,card,ANON-0000-0000-0481,32.82,Latte,12:15:10.927,2024,8,Saturday,12,Afternoon,Medium
2024-08-10,card,ANON-0000-0000-0463,27.92,Americano with Milk,12:33:12.454,2024,8,Saturday,12,Afternoon,Low
2024-08-10,card,ANON-0000-0000-0009,32.82,Latte,16:06:12.085,2024,8,Saturday,16,Afternoon,Medium
2024-08-10,card,ANON-0000-0000-0482,32.82,Cocoa,21:16:48.562,2024,8,Saturday,21,Evening,Medium
2024-08-10,card,ANON-0000-0000-0482,32.82,Cocoa,21:17:41.087,2024,8,Saturday,21,Evening,Medium
2024-08-10,card,ANON-0000-0000-0442,32.82,Cocoa,21:37:41.517,2024,8,Saturday,21,Evening,Medium
2024-08-11,card,ANON-0000-0000-0440,32.82,Latte,09:52:36.590,2024,8,Sunday,9,Morning,Medium
2024-08-11,card,ANON-0000-0000-0440,32.82,Latte,09:53:43.564,2024,8,Sunday,9,Morning,Medium
2024-08-11,card,ANON-0000-0000-0347,27.92,Americano with Milk,10:17:23.636,2024,8,Sunday,10,Morning,Low
2024-08-11,card,ANON-0000-0000-0480,32.82,Cappuccino,11:56:41.144,2024,8,Sunday,11,Morning,Medium
2024-08-11,card,ANON-0000-0000-0480,27.92,Americano with Milk,11:57:41.269,2024,8,Sunday,11,Morning,Low
2024-08-11,card,ANON-0000-0000-0141,23.02,Cortado,12:20:19.570,2024,8,Sunday,12,Afternoon,Low
2024-08-11,card,ANON-0000-0000-0483,32.82,Latte,15:53:51.552,2024,8,Sunday,15,Afternoon,Medium
2024-08-11,card,ANON-0000-0000-0484,27.92,Americano with Milk,15:55:14.853,2024,8,Sunday,15,Afternoon,Low
2024-08-11,card,ANON-0000-0000-0484,32.82,Cocoa,15:56:27.697,2024,8,Sunday,15,Afternoon,Medium
2024-08-11,card,ANON-0000-0000-0414,32.82,Cappuccino,16:27:35.126,2024,8,Sunday,16,Afternoon,Medium
2024-08-11,card,ANON-0000-0000-0485,18.12,Espresso,16:28:38.296,2024,8,Sunday,16,Afternoon,Low
2024-08-11,card,ANON-0000-0000-0486,23.02,Cortado,21:30:32.549,2024,8,Sunday,21,Evening,Low
2024-08-11,card,ANON-0000-0000-0475,32.82,Latte,21:41:09.070,2024,8,Sunday,21,Evening,Medium
2024-08-11,card,ANON-0000-0000-0487,32.82,Latte,21:43:10.108,2024,8,Sunday,21,Evening,Medium
2024-08-11,card,ANON-0000-0000-0488,32.82,Cappuccino,22:39:29.913,2024,8,Sunday,22,Evening,Medium
2024-08-12,card,ANON-0000-0000-0367,32.82,Hot Chocolate,08:26:19.458,2024,8,Monday,8,Morning,Medium
2024-08-12,card,ANON-0000-0000-0489,27.92,Americano with Milk,11:15:04.771,2024,8,Monday,11,Morning,Low
2024-08-12,card,ANON-0000-0000-0490,23.02,Americano,11:19:29.513,2024,8,Monday,11,Morning,Low
2024-08-12,card,ANON-0000-0000-0490,32.82,Latte,11:20:23.640,2024,8,Monday,11,Morning,Medium
2024-08-12,card,ANON-0000-0000-0491,32.82,Latte,11:44:28.384,2024,8,Monday,11,Morning,Medium
2024-08-12,card,ANON-0000-0000-0492,18.12,Espresso,14:04:03.399,2024,8,Monday,14,Afternoon,Low
2024-08-12,card,ANON-0000-0000-0492,27.92,Americano with Milk,14:05:06.931,2024,8,Monday,14,Afternoon,Low
2024-08-12,card,ANON-0000-0000-0493,27.92,Americano with Milk,15:33:33.110,2024,8,Monday,15,Afternoon,Low
2024-08-12,card,ANON-0000-0000-0097,27.92,Americano with Milk,18:05:04.830,2024,8,Monday,18,Evening,Low
2024-08-12,card,ANON-0000-0000-0097,27.92,Americano with Milk,21:25:49.351,2024,8,Monday,21,Evening,Low
2024-08-12,card,ANON-0000-0000-0494,32.82,Latte,21:37:38.041,2024,8,Monday,21,Evening,Medium
2024-08-12,card,ANON-0000-0000-0134,32.82,Cappuccino,22:58:20.072,2024,8,Monday,22,Evening,Medium
2024-08-12,card,ANON-0000-0000-0134,32.82,Cappuccino,22:59:18.544,2024,8,Monday,22,Evening,Medium
2024-08-13,card,ANON-0000-0000-0495,27.92,Americano with Milk,08:44:30.187,2024,8,Tuesday,8,Morning,Low
2024-08-13,card,ANON-0000-0000-0097,27.92,Americano with Milk,09:14:21.598,2024,8,Tuesday,9,Morning,Low
2024-08-13,card,ANON-0000-0000-0385,27.92,Americano with Milk,09:45:56.370,2024,8,Tuesday,9,Morning,Low
2024-08-13,card,ANON-0000-0000-0141,23.02,Cortado,10:42:08.773,2024,8,Tuesday,10,Morning,Low
2024-08-13,card,ANON-0000-0000-0496,32.82,Latte,11:59:47.612,2024,8,Tuesday,11,Morning,Medium
2024-08-13,card,ANON-0000-0000-0497,27.92,Americano with Milk,13:01:41.487,2024,8,Tuesday,13,Afternoon,Low
2024-08-13,card,ANON-0000-0000-0494,32.82,Latte,14:45:39.689,2024,8,Tuesday,14,Afternoon,Medium
2024-08-13,card,ANON-0000-0000-0498,32.82,Cappuccino,15:47:56.703,2024,8,Tuesday,15,Afternoon,Medium
2024-08-13,card,ANON-0000-0000-0097,27.92,Americano with Milk,15:55:29.579,2024,8,Tuesday,15,Afternoon,Low
2024-08-13,card,ANON-0000-0000-0499,32.82,Latte,20:29:34.531,2024,8,Tuesday,20,Evening,Medium
2024-08-13,card,ANON-0000-0000-0499,32.82,Cocoa,20:30:37.150,2024,8,Tuesday,20,Evening,Medium
2024-08-13,card,ANON-0000-0000-0500,32.82,Cappuccino,20:44:22.991,2024,8,Tuesday,20,Evening,Medium
2024-08-13,card,ANON-0000-0000-0501,23.02,Cortado,21:00:44.688,2024,8,Tuesday,21,Evening,Low
2024-08-14,card,ANON-0000-0000-0475,32.82,Latte,07:35:48.103,2024,8,Wednesday,7,Morning,Medium
2024-08-14,card,ANON-0000-0000-0472,32.82,Cappuccino,07:36:55.599,2024,8,Wednesday,7,Morning,Medium
2024-08-14,card,ANON-0000-0000-0141,23.02,Cortado,10:09:29.125,2024,8,Wednesday,10,Morning,Low
2024-08-14,card,ANON-0000-0000-0095,18.12,Espresso,11:39:07.882,2024,8,Wednesday,11,Morning,Low
2024-08-14,card,ANON-0000-0000-0502,23.02,Americano,12:49:16.951,2024,8,Wednesday,12,Afternoon,Low
2024-08-14,card,ANON-0000-0000-0450,23.02,Americano,12:51:04.870,2024,8,Wednesday,12,Afternoon,Low
2024-08-14,card,ANON-0000-0000-0503,32.82,Latte,15:21:27.260,2024,8,Wednesday,15,Afternoon,Medium
2024-08-14,card,ANON-0000-0000-0504,23.02,Americano,17:24:22.788,2024,8,Wednesday,17,Evening,Low
2024-08-14,card,ANON-0000-0000-0505,23.02,Cortado,18:10:03.723,2024,8,Wednesday,18,Evening,Low
2024-08-14,card,ANON-0000-0000-0506,27.92,Americano with Milk,18:59:18.279,2024,8,Wednesday,18,Evening,Low
2024-08-14,card,ANON-0000-0000-0012,32.82,Latte,19:34:51.731,2024,8,Wednesday,19,Evening,Medium
2024-08-14,card,ANON-0000-0000-0012,23.02,Cortado,19:35:48.545,2024,8,Wednesday,19,Evening,Low
2024-08-14,card,ANON-0000-0000-0507,32.82,Latte,21:41:33.021,2024,8,Wednesday,21,Evening,Medium
2024-08-15,card,ANON-0000-0000-0141,23.02,Cortado,09:36:11.153,2024,8,Thursday,9,Morning,Low
2024-08-15,card,ANON-0000-0000-0508,32.82,Cappuccino,09:37:02.172,2024,8,Thursday,9,Morning,Medium
2024-08-15,card,ANON-0000-0000-0509,32.82,Hot Chocolate,09:38:04.903,2024,8,Thursday,9,Morning,Medium
2024-08-15,card,ANON-0000-0000-0509,32.82,Latte,09:38:49.735,2024,8,Thursday,9,Morning,Medium
2024-08-15,card,ANON-0000-0000-0232,32.82,Latte,12:38:37.563,2024,8,Thursday,12,Afternoon,Medium
2024-08-15,card,ANON-0000-0000-0510,32.82,Latte,13:48:13.601,2024,8,Thursday,13,Afternoon,Medium
2024-08-15,card,ANON-0000-0000-0012,23.02,Americano,14:17:48.183,2024,8,Thursday,14,Afternoon,Low
2024-08-15,card,ANON-0000-0000-0012,18.12,Espresso,14:18:50.777,2024,8,Thursday,14,Afternoon,Low
2024-08-15,card,ANON-0000-0000-0511,27.92,Americano with Milk,17:53:52.225,2024,8,Thursday,17,Evening,Low
2024-08-15,card,ANON-0000-0000-0512,32.82,Hot Chocolate,19:10:58.222,2024,8,Thursday,19,Evening,Medium
2024-08-15,card,ANON-0000-0000-0512,27.92,Americano with Milk,19:11:54.036,2024,8,Thursday,19,Evening,Low
2024-08-15,card,ANON-0000-0000-0513,27.92,Americano with Milk,19:41:30.244,2024,8,Thursday,19,Evening,Low
2024-08-15,card,ANON-0000-0000-0513,23.02,Americano,19:42:37.987,2024,8,Thursday,19,Evening,Low
2024-08-15,card,ANON-0000-0000-0514,32.82,Cappuccino,20:40:41.516,2024,8,Thursday,20,Evening,Medium
2024-08-15,card,ANON-0000-0000-0040,18.12,Espresso,21:35:20.080,2024,8,Thursday,21,Evening,Low
2024-08-15,card,ANON-0000-0000-0040,27.92,Americano with Milk,21:36:11.033,2024,8,Thursday,21,Evening,Low
2024-08-16,card,ANON-0000-0000-0513,32.82,Latte,12:29:16.732,2024,8,Friday,12,Afternoon,Medium
2024-08-16,card,ANON-0000-0000-0515,23.02,Americano,12:54:17.452,2024,8,Friday,12,Afternoon,Low
2024-08-16,card,ANON-0000-0000-0429,27.92,Americano with Milk,13:36:12.798,2024,8,Friday,13,Afternoon,Low
2024-08-16,card,ANON-0000-0000-0012,18.12,Espresso,15:18:51.737,2024,8,Friday,15,Afternoon,Low
2024-08-16,card,ANON-0000-0000-0012,18.12,Espresso,15:19:39.274,2024,8,Friday,15,Afternoon,Low
2024-08-17,card,ANON-0000-0000-0097,27.92,Americano with Milk,09:16:53.491,2024,8,Saturday,9,Morning,Low
2024-08-17,card,ANON-0000-0000-0516,32.82,Cappuccino,09:18:08.983,2024,8,Saturday,9,Morning,Medium
2024-08-17,card,ANON-0000-0000-0517,27.92,Americano with Milk,10:53:41.327,2024,8,Saturday,10,Morning,Low
2024-08-17,card,ANON-0000-0000-0141,23.02,Cortado,11:58:41.649,2024,8,Saturday,11,Morning,Low
2024-08-17,card,ANON-0000-0000-0141,23.02,Cortado,11:59:28.298,2024,8,Saturday,11,Morning,Low
2024-08-17,card,ANON-0000-0000-0518,27.92,Americano with Milk,13:18:40.184,2024,8,Saturday,13,Afternoon,Low
2024-08-17,card,ANON-0000-0000-0277,23.02,Cortado,16:31:54.837,2024,8,Saturday,16,Afternoon,Low
2024-08-17,card,ANON-0000-0000-0192,32.82,Latte,16:33:48.977,2024,8,Saturday,16,Afternoon,Medium
2024-08-17,card,ANON-0000-0000-0456,32.82,Cappuccino,18:48:58.852,2024,8,Saturday,18,Evening,Medium
2024-08-17,card,ANON-0000-0000-0040,27.92,Americano with Milk,21:18:56.806,2024,8,Saturday,21,Evening,Low
2024-08-17,card,ANON-0000-0000-0519,32.82,Latte,22:42:39.351,2024,8,Saturday,22,Evening,Medium
2024-08-18,card,ANON-0000-0000-0520,32.82,Cappuccino,08:09:42.601,2024,8,Sunday,8,Morning,Medium
2024-08-18,card,ANON-0000-0000-0521,32.82,Cappuccino,08:32:05.597,2024,8,Sunday,8,Morning,Medium
2024-08-18,card,ANON-0000-0000-0141,23.02,Cortado,08:41:06.249,2024,8,Sunday,8,Morning,Low
2024-08-18,card,ANON-0000-0000-0522,27.92,Americano with Milk,08:56:01.292,2024,8,Sunday,8,Morning,Low
2024-08-18,card,ANON-0000-0000-0463,32.82,Cappuccino,12:31:40.892,2024,8,Sunday,12,Afternoon,Medium
2024-08-18,card,ANON-0000-0000-0040,27.92,Americano with Milk,14:30:21.605,2024,8,Sunday,14,Afternoon,Low
2024-08-18,card,ANON-0000-0000-0523,27.92,Americano with Milk,18:24:10.776,2024,8,Sunday,18,Evening,Low
2024-08-18,card,ANON-0000-0000-0523,27.92,Americano with Milk,18:26:03.786,2024,8,Sunday,18,Evening,Low
2024-08-18,card,ANON-0000-0000-0523,23.02,Americano,18:27:17.553,2024,8,Sunday,18,Evening,Low
2024-08-18,card,ANON-0000-0000-0523,23.02,Americano,18:28:13.069,2024,8,Sunday,18,Evening,Low
2024-08-19,card,ANON-0000-0000-0524,27.92,Americano with Milk,15:09:48.982,2024,8,Monday,15,Afternoon,Low
2024-08-19,card,ANON-0000-0000-0524,27.92,Americano with Milk,15:10:51.212,2024,8,Monday,15,Afternoon,Low
2024-08-19,card,ANON-0000-0000-0507,32.82,Latte,21:21:12.081,2024,8,Monday,21,Evening,Medium
2024-08-19,card,ANON-0000-0000-0491,32.82,Cocoa,21:31:57.036,2024,8,Monday,21,Evening,Medium
2024-08-20,card,ANON-0000-0000-0141,23.02,Cortado,08:27:16.408,2024,8,Tuesday,8,Morning,Low
2024-08-20,card,ANON-0000-0000-0525,32.82,Latte,08:29:14.916,2024,8,Tuesday,8,Morning,Medium
2024-08-20,card,ANON-0000-0000-0526,18.12,Espresso,08:49:47.474,2024,8,Tuesday,8,Morning,Low
2024-08-20,card,ANON-0000-0000-0526,23.02,Cortado,08:50:36.343,2024,8,Tuesday,8,Morning,Low
2024-08-20,card,ANON-0000-0000-0097,27.92,Americano with Milk,09:14:54.885,2024,8,Tuesday,9,Morning,Low
2024-08-20,card,ANON-0000-0000-0527,23.02,Americano,11:09:55.575,2024,8,Tuesday,11,Morning,Low
2024-08-20,card,ANON-0000-0000-0528,23.02,Americano,11:11:39.083,2024,8,Tuesday,11,Morning,Low
2024-08-20,card,ANON-0000-0000-0529,23.02,Americano,11:12:31.181,2024,8,Tuesday,11,Morning,Low
2024-08-20,card,ANON-0000-0000-0141,32.82,Latte,11:42:20.000,2024,8,Tuesday,11,Morning,Medium
2024-08-20,card,ANON-0000-0000-0530,32.82,Latte,20:42:40.873,2024,8,Tuesday,20,Evening,Medium
2024-08-20,card,ANON-0000-0000-0531,32.82,Latte,20:44:14.852,2024,8,Tuesday,20,Evening,Medium
2024-08-20,card,ANON-0000-0000-0531,32.82,Latte,20:45:12.346,2024,8,Tuesday,20,Evening,Medium
2024-08-20,card,ANON-0000-0000-0532,32.82,Latte,20:46:03.989,2024,8,Tuesday,20,Evening,Medium
2024-08-21,card,ANON-0000-0000-0533,27.92,Americano with Milk,07:59:13.098,2024,8,Wednesday,7,Morning,Low
2024-08-21,card,ANON-0000-0000-0141,23.02,Cortado,08:40:27.393,2024,8,Wednesday,8,Morning,Low
2024-08-21,card,ANON-0000-0000-0375,23.02,Americano,10:13:32.404,2024,8,Wednesday,10,Morning,Low
2024-08-21,card,ANON-0000-0000-0276,27.92,Americano with Milk,10:38:44.527,2024,8,Wednesday,10,Morning,Low
2024-08-21,card,ANON-0000-0000-0141,23.02,Cortado,11:51:41.439,2024,8,Wednesday,11,Morning,Low
2024-08-21,card,ANON-0000-0000-0534,32.82,Latte,13:17:10.750,2024,8,Wednesday,13,Afternoon,Medium
2024-08-21,card,ANON-0000-0000-0507,32.82,Latte,19:42:03.523,2024,8,Wednesday,19,Evening,Medium
2024-08-22,card,ANON-0000-0000-0141,23.02,Cortado,09:22:26.297,2024,8,Thursday,9,Morning,Low
2024-08-22,card,ANON-0000-0000-0419,27.92,Americano with Milk,10:09:23.470,2024,8,Thursday,10,Morning,Low
2024-08-22,card,ANON-0000-0000-0535,27.92,Americano with Milk,10:47:59.356,2024,8,Thursday,10,Morning,Low
2024-08-22,card,ANON-0000-0000-0510,32.82,Latte,14:16:12.066,2024,8,Thursday,14,Afternoon,Medium
2024-08-22,card,ANON-0000-0000-0536,32.82,Latte,14:26:58.298,2024,8,Thursday,14,Afternoon,Medium
2024-08-22,card,ANON-0000-0000-0537,32.82,Cappuccino,15:07:07.427,2024,8,Thursday,15,Afternoon,Medium
2024-08-22,card,ANON-0000-0000-0538,23.02,Americano,15:27:27.317,2024,8,Thursday,15,Afternoon,Low
2024-08-23,card,ANON-0000-0000-0475,32.82,Latte,07:43:16.127,2024,8,Friday,7,Morning,Medium
2024-08-23,card,ANON-0000-0000-0141,23.02,Cortado,08:21:48.054,2024,8,Friday,8,Morning,Low
2024-08-23,card,ANON-0000-0000-0425,32.82,Latte,08:22:56.567,2024,8,Friday,8,Morning,Medium
2024-08-23,card,ANON-0000-0000-0225,23.02,Americano,08:33:38.712,2024,8,Friday,8,Morning,Low
2024-08-23,card,ANON-0000-0000-0225,23.02,Americano,08:34:35.002,2024,8,Friday,8,Morning,Low
2024-08-23,card,ANON-0000-0000-0419,27.92,Americano with Milk,09:14:52.024,2024,8,Friday,9,Morning,Low
2024-08-23,card,ANON-0000-0000-0539,32.82,Cocoa,10:10:58.704,2024,8,Friday,10,Morning,Medium
2024-08-23,card,ANON-0000-0000-0539,23.02,Americano,10:11:55.469,2024,8,Friday,10,Morning,Low
2024-08-23,card,ANON-0000-0000-0141,23.02,Cortado,10:39:12.279,2024,8,Friday,10,Morning,Low
2024-08-23,card,ANON-0000-0000-0540,32.82,Hot Chocolate,11:12:59.387,2024,8,Friday,11,Morning,Medium
2024-08-23,card,ANON-0000-0000-0541,23.02,Americano,13:24:54.748,2024,8,Friday,13,Afternoon,Low
2024-08-23,card,ANON-0000-0000-0542,23.02,Americano,15:28:52.779,2024,8,Friday,15,Afternoon,Low
2024-08-23,card,ANON-0000-0000-0507,32.82,Latte,19:48:02.807,2024,8,Friday,19,Evening,Medium
2024-08-24,card,ANON-0000-0000-0141,23.02,Cortado,08:13:42.270,2024,8,Saturday,8,Morning,Low
2024-08-24,card,ANON-0000-0000-0141,23.02,Cortado,08:14:47.637,2024,8,Saturday,8,Morning,Low
2024-08-24,card,ANON-0000-0000-0543,23.02,Cortado,08:44:11.575,2024,8,Saturday,8,Morning,Low
2024-08-24,card,ANON-0000-0000-0544,18.12,Espresso,10:18:09.485,2024,8,Saturday,10,Morning,Low
2024-08-24,card,ANON-0000-0000-0544,18.12,Espresso,10:18:52.263,2024,8,Saturday,10,Morning,Low
2024-08-24,card,ANON-0000-0000-0544,23.02,Americano,10:19:49.243,2024,8,Saturday,10,Morning,Low
2024-08-25,card,ANON-0000-0000-0141,23.02,Cortado,08:14:37.382,2024,8,Sunday,8,Morning,Low
2024-08-25,card,ANON-0000-0000-0408,23.02,Americano,08:26:27.671,2024,8,Sunday,8,Morning,Low
2024-08-25,card,ANON-0000-0000-0408,23.02,Americano,08:27:36.405,2024,8,Sunday,8,Morning,Low
2024-08-25,card,ANON-0000-0000-0545,32.82,Cappuccino,09:24:22.265,2024,8,Sunday,9,Morning,Medium
2024-08-25,card,ANON-0000-0000-0546,32.82,Cappuccino,12:41:42.703,2024,8,Sunday,12,Afternoon,Medium
2024-08-25,card,ANON-0000-0000-0077,32.82,Latte,14:53:02.699,2024,8,Sunday,14,Afternoon,Medium
2024-08-26,card,ANON-0000-0000-0141,23.02,Cortado,08:11:47.295,2024,8,Monday,8,Morning,Low
2024-08-26,card,ANON-0000-0000-0408,23.02,Americano,08:16:09.611,2024,8,Monday,8,Morning,Low
2024-08-26,card,ANON-0000-0000-0408,23.02,Americano,08:17:23.209,2024,8,Monday,8,Morning,Low
2024-08-26,card,ANON-0000-0000-0097,27.92,Americano with Milk,09:21:36.706,2024,8,Monday,9,Morning,Low
2024-08-26,card,ANON-0000-0000-0547,32.82,Latte,10:37:44.464,2024,8,Monday,10,Morning,Medium
2024-08-26,card,ANON-0000-0000-0548,32.82,Cappuccino,10:38:49.037,2024,8,Monday,10,Morning,Medium
2024-08-26,card,ANON-0000-0000-0003,23.02,Americano,12:45:13.158,2024,8,Monday,12,Afternoon,Low
2024-08-26,card,ANON-0000-0000-0003,23.02,Americano,12:46:23.644,2024,8,Monday,12,Afternoon,Low
2024-08-26,card,ANON-0000-0000-0549,27.92,Americano with Milk,18:53:27.790,2024,8,Monday,18,Evening,Low
2024-08-26,card,ANON-0000-0000-0549,32.82,Latte,18:54:31.291,2024,8,Monday,18,Evening,Medium
2024-08-26,card,ANON-0000-0000-0550,27.92,Americano with Milk,22:55:39.905,2024,8,Monday,22,Evening,Low
2024-08-27,card,ANON-0000-0000-0375,32.82,Latte,10:04:04.563,2024,8,Tuesday,10,Morning,Medium
2024-08-28,card,ANON-0000-0000-0551,27.92,Americano with Milk,12:08:18.772,2024,8,Wednesday,12,Afternoon,Low
2024-08-28,card,ANON-0000-0000-0551,32.82,Cappuccino,12:10:04.139,2024,8,Wednesday,12,Afternoon,Medium
2024-08-28,card,ANON-0000-0000-0375,23.02,Americano,12:35:06.944,2024,8,Wednesday,12,Afternoon,Low
2024-08-28,card,ANON-0000-0000-0552,27.92,Americano with Milk,13:48:35.199,2024,8,Wednesday,13,Afternoon,Low
2024-08-29,card,ANON-0000-0000-0553,23.02,Americano,07:29:30.319,2024,8,Thursday,7,Morning,Low
2024-08-30,card,ANON-0000-0000-0554,32.82,Latte,17:13:30.487,2024,8,Friday,17,Evening,Medium
2024-08-30,card,ANON-0000-0000-0554,27.92,Americano with Milk,17:14:32.791,2024,8,Friday,17,Evening,Low
2024-08-30,card,ANON-0000-0000-0554,27.92,Americano with Milk,17:15:35.449,2024,8,Friday,17,Evening,Low
2024-08-31,card,ANON-0000-0000-0371,23.02,Cortado,09:08:32.487,2024,8,Saturday,9,Morning,Low
2024-08-31,card,ANON-0000-0000-0555,27.92,Americano with Milk,10:02:08.193,2024,8,Saturday,10,Morning,Low
2024-08-31,card,ANON-0000-0000-0556,18.12,Espresso,10:22:26.877,2024,8,Saturday,10,Morning,Low
2024-08-31,card,ANON-0000-0000-0557,27.92,Americano with Milk,11:29:54.571,2024,8,Saturday,11,Morning,Low
2024-08-31,card,ANON-0000-0000-0141,23.02,Cortado,11:33:39.916,2024,8,Saturday,11,Morning,Low
2024-08-31,card,ANON-0000-0000-0141,23.02,Cortado,11:34:32.934,2024,8,Saturday,11,Morning,Low
2024-09-01,card,ANON-0000-0000-0141,23.02,Cortado,09:34:15.229,2024,9,Sunday,9,Morning,Low
2024-09-01,card,ANON-0000-0000-0558,32.82,Cappuccino,12:11:24.745,2024,9,Sunday,12,Afternoon,Medium
2024-09-01,card,ANON-0000-0000-0181,27.92,Americano with Milk,12:30:08.620,2024,9,Sunday,12,Afternoon,Low
2024-09-01,card,ANON-0000-0000-0181,23.02,Americano,12:32:22.007,2024,9,Sunday,12,Afternoon,Low
2024-09-01,card,ANON-0000-0000-0559,27.92,Americano with Milk,12:50:17.448,2024,9,Sunday,12,Afternoon,Low
2024-09-01,card,ANON-0000-0000-0560,32.82,Latte,13:57:33.948,2024,9,Sunday,13,Afternoon,Medium
2024-09-01,card,ANON-0000-0000-0385,27.92,Americano with Milk,14:44:04.027,2024,9,Sunday,14,Afternoon,Low
2024-09-01,card,ANON-0000-0000-0561,32.82,Latte,17:20:46.327,2024,9,Sunday,17,Evening,Medium
2024-09-01,card,ANON-0000-0000-0562,32.82,Latte,17:23:13.869,2024,9,Sunday,17,Evening,Medium
2024-09-01,card,ANON-0000-0000-0563,32.82,Latte,17:24:49.689,2024,9,Sunday,17,Evening,Medium
2024-09-02,card,ANON-0000-0000-0425,32.82,Latte,08:24:39.805,2024,9,Monday,8,Morning,Medium
2024-09-02,card,ANON-0000-0000-0564,27.92,Americano with Milk,08:50:17.646,2024,9,Monday,8,Morning,Low
2024-09-02,card,ANON-0000-0000-0565,32.82,Latte,08:51:33.148,2024,9,Monday,8,Morning,Medium
2024-09-02,card,ANON-0000-0000-0566,27.92,Americano with Milk,14:58:47.143,2024,9,Monday,14,Afternoon,Low
2024-09-02,card,ANON-0000-0000-0567,32.82,Cappuccino,20:09:43.923,2024,9,Monday,20,Evening,Medium
2024-09-02,card,ANON-0000-0000-0179,32.82,Cocoa,20:11:17.936,2024,9,Monday,20,Evening,Medium
2024-09-02,card,ANON-0000-0000-0568,23.02,Americano,20:52:31.984,2024,9,Monday,20,Evening,Low
2024-09-02,card,ANON-0000-0000-0568,23.02,Americano,20:53:29.090,2024,9,Monday,20,Evening,Low
2024-09-03,card,ANON-0000-0000-0569,32.82,Cocoa,08:22:15.368,2024,9,Tuesday,8,Morning,Medium
2024-09-03,card,ANON-0000-0000-0168,32.82,Cappuccino,08:28:12.430,2024,9,Tuesday,8,Morning,Medium
2024-09-03,card,ANON-0000-0000-0570,32.82,Latte,08:41:11.698,2024,9,Tuesday,8,Morning,Medium
2024-09-03,card,ANON-0000-0000-0571,27.92,Americano with Milk,09:03:12.473,2024,9,Tuesday,9,Morning,Low
2024-09-03,card,ANON-0000-0000-0571,32.82,Cappuccino,09:04:11.750,2024,9,Tuesday,9,Morning,Medium
2024-09-03,card,ANON-0000-0000-0572,32.82,Cocoa,09:12:48.154,2024,9,Tuesday,9,Morning,Medium
2024-09-03,card,ANON-0000-0000-0572,32.82,Cocoa,09:13:33.655,2024,9,Tuesday,9,Morning,Medium
2024-09-03,card,ANON-0000-0000-0385,27.92,Americano with Milk,09:17:02.210,2024,9,Tuesday,9,Morning,Low
2024-09-03,card,ANON-0000-0000-0573,27.92,Americano with Milk,09:20:17.170,2024,9,Tuesday,9,Morning,Low
2024-09-03,card,ANON-0000-0000-0574,32.82,Latte,09:37:52.322,2024,9,Tuesday,9,Morning,Medium
2024-09-03,card,ANON-0000-0000-0575,32.82,Cocoa,09:38:56.399,2024,9,Tuesday,9,Morning,Medium
2024-09-03,card,ANON-0000-0000-0576,23.02,Cortado,12:56:53.409,2024,9,Tuesday,12,Afternoon,Low
2024-09-03,card,ANON-0000-0000-0333,27.92,Americano with Milk,14:14:51.711,2024,9,Tuesday,14,Afternoon,Low
2024-09-03,card,ANON-0000-0000-0333,27.92,Americano with Milk,14:16:17.337,2024,9,Tuesday,14,Afternoon,Low
2024-09-03,card,ANON-0000-0000-0333,27.92,Americano with Milk,18:48:34.747,2024,9,Tuesday,18,Evening,Low
2024-09-03,card,ANON-0000-0000-0467,32.82,Latte,19:11:12.312,2024,9,Tuesday,19,Evening,Medium
2024-09-03,card,ANON-0000-0000-0467,27.92,Americano with Milk,19:17:13.808,2024,9,Tuesday,19,Evening,Low
2024-09-04,card,ANON-0000-0000-0577,27.92,Americano with Milk,11:11:21.574,2024,9,Wednesday,11,Morning,Low
2024-09-04,card,ANON-0000-0000-0510,32.82,Latte,11:33:36.598,2024,9,Wednesday,11,Morning,Medium
2024-09-04,card,ANON-0000-0000-0019,23.02,Americano,11:48:03.543,2024,9,Wednesday,11,Morning,Low
2024-09-04,card,ANON-0000-0000-0578,27.92,Americano with Milk,11:55:34.487,2024,9,Wednesday,11,Morning,Low
2024-09-04,card,ANON-0000-0000-0565,32.82,Latte,12:53:31.320,2024,9,Wednesday,12,Afternoon,Medium
2024-09-04,card,ANON-0000-0000-0579,32.82,Latte,13:03:50.610,2024,9,Wednesday,13,Afternoon,Medium
2024-09-04,card,ANON-0000-0000-0579,27.92,Americano with Milk,13:05:16.100,2024,9,Wednesday,13,Afternoon,Low
2024-09-04,card,ANON-0000-0000-0580,32.82,Cappuccino,18:03:46.925,2024,9,Wednesday,18,Evening,Medium
2024-09-04,card,ANON-0000-0000-0097,27.92,Americano with Milk,19:41:41.962,2024,9,Wednesday,19,Evening,Low
2024-09-04,card,ANON-0000-0000-0494,32.82,Latte,21:19:35.649,2024,9,Wednesday,21,Evening,Medium
2024-09-05,card,ANON-0000-0000-0385,27.92,Americano with Milk,09:31:17.020,2024,9,Thursday,9,Morning,Low
2024-09-05,card,ANON-0000-0000-0581,27.92,Americano with Milk,10:28:56.227,2024,9,Thursday,10,Morning,Low
2024-09-05,card,ANON-0000-0000-0019,23.02,Americano,11:06:30.599,2024,9,Thursday,11,Morning,Low
2024-09-05,card,ANON-0000-0000-0582,32.82,Latte,14:00:27.732,2024,9,Thursday,14,Afternoon,Medium
2024-09-05,card,ANON-0000-0000-0583,32.82,Latte,15:25:12.342,2024,9,Thursday,15,Afternoon,Medium
2024-09-05,card,ANON-0000-0000-0584,23.02,Americano,16:38:50.385,2024,9,Thursday,16,Afternoon,Low
2024-09-05,card,ANON-0000-0000-0585,27.92,Americano with Milk,16:39:59.634,2024,9,Thursday,16,Afternoon,Low
2024-09-05,card,ANON-0000-0000-0586,32.82,Cappuccino,17:04:28.905,2024,9,Thursday,17,Evening,Medium
2024-09-05,card,ANON-0000-0000-0586,32.82,Cappuccino,17:05:31.684,2024,9,Thursday,17,Evening,Medium
2024-09-05,card,ANON-0000-0000-0587,32.82,Cappuccino,20:30:14.964,2024,9,Thursday,20,Evening,Medium
2024-09-05,card,ANON-0000-0000-0588,23.02,Americano,20:54:24.429,2024,9,Thursday,20,Evening,Low
2024-09-05,card,ANON-0000-0000-0588,32.82,Cappuccino,20:55:31.429,2024,9,Thursday,20,Evening,Medium
2024-09-05,card,ANON-0000-0000-0040,27.92,Americano with Milk,21:26:28.836,2024,9,Thursday,21,Evening,Low
2024-09-05,card,ANON-0000-0000-0040,27.92,Americano with Milk,21:27:29.969,2024,9,Thursday,21,Evening,Low
2024-09-06,card,ANON-0000-0000-0582,32.82,Cappuccino,08:25:33.870,2024,9,Friday,8,Morning,Medium
2024-09-06,card,ANON-0000-0000-0425,32.82,Latte,08:34:46.827,2024,9,Friday,8,Morning,Medium
2024-09-06,card,ANON-0000-0000-0589,23.02,Americano,08:54:41.950,2024,9,Friday,8,Morning,Low
2024-09-06,card,ANON-0000-0000-0590,18.12,Espresso,09:50:39.949,2024,9,Friday,9,Morning,Low
2024-09-06,card,ANON-0000-0000-0590,32.82,Latte,09:51:52.216,2024,9,Friday,9,Morning,Medium
2024-09-06,card,ANON-0000-0000-0591,32.82,Hot Chocolate,10:30:06.049,2024,9,Friday,10,Morning,Medium
2024-09-06,card,ANON-0000-0000-0095,18.12,Espresso,11:23:25.390,2024,9,Friday,11,Morning,Low
2024-09-06,card,ANON-0000-0000-0467,18.12,Espresso,11:24:29.254,2024,9,Friday,11,Morning,Low
2024-09-06,card,ANON-0000-0000-0283,32.82,Latte,20:00:12.025,2024,9,Friday,20,Evening,Medium
2024-09-06,card,ANON-0000-0000-0507,32.82,Latte,21:09:31.247,2024,9,Friday,21,Evening,Medium
2024-09-07,card,ANON-0000-0000-0592,32.82,Latte,08:48:57.014,2024,9,Saturday,8,Morning,Medium
2024-09-07,card,ANON-0000-0000-0543,23.02,Cortado,09:52:02.999,2024,9,Saturday,9,Morning,Low
2024-09-07,card,ANON-0000-0000-0543,23.02,Cortado,09:53:03.575,2024,9,Saturday,9,Morning,Low
2024-09-07,card,ANON-0000-0000-0593,23.02,Cortado,09:54:41.613,2024,9,Saturday,9,Morning,Low
2024-09-07,card,ANON-0000-0000-0276,27.92,Americano with Milk,09:57:47.652,2024,9,Saturday,9,Morning,Low
2024-09-07,card,ANON-0000-0000-0276,27.92,Americano with Milk,09:59:02.310,2024,9,Saturday,9,Morning,Low
2024-09-07,card,ANON-0000-0000-0141,23.02,Cortado,10:00:19.683,2024,9,Saturday,10,Morning,Low
2024-09-07,card,ANON-0000-0000-0594,23.02,Americano,10:22:44.518,2024,9,Saturday,10,Morning,Low
2024-09-07,card,ANON-0000-0000-0595,18.12,Espresso,10:37:52.335,2024,9,Saturday,10,Morning,Low
2024-09-07,card,ANON-0000-0000-0595,18.12,Espresso,10:40:12.607,2024,9,Saturday,10,Morning,Low
2024-09-07,card,ANON-0000-0000-0596,32.82,Latte,10:53:32.221,2024,9,Saturday,10,Morning,Medium
2024-09-07,card,ANON-0000-0000-0012,27.92,Americano with Milk,11:18:56.767,2024,9,Saturday,11,Morning,Low
2024-09-07,card,ANON-0000-0000-0019,23.02,Americano,11:20:00.022,2024,9,Saturday,11,Morning,Low
2024-09-07,card,ANON-0000-0000-0012,18.12,Espresso,11:20:57.101,2024,9,Saturday,11,Morning,Low
2024-09-07,card,ANON-0000-0000-0597,32.82,Latte,15:55:08.533,2024,9,Saturday,15,Afternoon,Medium
2024-09-07,card,ANON-0000-0000-0019,23.02,Americano,16:20:01.025,2024,9,Saturday,16,Afternoon,Low
2024-09-07,card,ANON-0000-0000-0012,18.12,Espresso,16:20:59.312,2024,9,Saturday,16,Afternoon,Low
2024-09-07,card,ANON-0000-0000-0283,32.82,Cocoa,19:35:04.937,2024,9,Saturday,19,Evening,Medium
2024-09-07,card,ANON-0000-0000-0283,32.82,Latte,19:36:05.056,2024,9,Saturday,19,Evening,Medium
2024-09-07,card,ANON-0000-0000-0283,32.82,Latte,19:37:15.515,2024,9,Saturday,19,Evening,Medium
2024-09-07,card,ANON-0000-0000-0598,32.82,Latte,20:13:51.672,2024,9,Saturday,20,Evening,Medium
2024-09-07,card,ANON-0000-0000-0598,32.82,Latte,20:14:59.212,2024,9,Saturday,20,Evening,Medium
2024-09-08,card,ANON-0000-0000-0141,23.02,Cortado,08:15:40.805,2024,9,Sunday,8,Morning,Low
2024-09-08,card,ANON-0000-0000-0543,23.02,Cortado,09:18:17.027,2024,9,Sunday,9,Morning,Low
2024-09-08,card,ANON-0000-0000-0543,23.02,Cortado,09:19:12.416,2024,9,Sunday,9,Morning,Low
2024-09-08,card,ANON-0000-0000-0543,23.02,Cortado,10:05:56.145,2024,9,Sunday,10,Morning,Low
2024-09-08,card,ANON-0000-0000-0486,23.02,Cortado,12:43:28.027,2024,9,Sunday,12,Afternoon,Low
2024-09-08,card,ANON-0000-0000-0347,23.02,Americano,20:13:32.864,2024,9,Sunday,20,Evening,Low
2024-09-09,card,ANON-0000-0000-0599,32.82,Latte,07:51:13.564,2024,9,Monday,7,Morning,Medium
2024-09-09,card,ANON-0000-0000-0582,32.82,Cappuccino,07:53:51.556,2024,9,Monday,7,Morning,Medium
2024-09-09,card,ANON-0000-0000-0599,27.92,Americano with Milk,07:55:21.584,2024,9,Monday,7,Morning,Low
2024-09-09,card,ANON-0000-0000-0570,32.82,Latte,07:56:37.669,2024,9,Monday,7,Morning,Medium
2024-09-09,card,ANON-0000-0000-0583,32.82,Latte,09:49:50.704,2024,9,Monday,9,Morning,Medium
2024-09-09,card,ANON-0000-0000-0583,32.82,Hot Chocolate,09:50:51.738,2024,9,Monday,9,Morning,Medium
2024-09-09,card,ANON-0000-0000-0494,32.82,Latte,09:59:10.750,2024,9,Monday,9,Morning,Medium
2024-09-09,card,ANON-0000-0000-0600,27.92,Americano with Milk,11:11:36.122,2024,9,Monday,11,Morning,Low
2024-09-09,card,ANON-0000-0000-0601,27.92,Americano with Milk,11:12:50.640,2024,9,Monday,11,Morning,Low
2024-09-09,card,ANON-0000-0000-0602,32.82,Latte,11:29:49.243,2024,9,Monday,11,Morning,Medium
2024-09-09,card,ANON-0000-0000-0603,18.12,Espresso,12:06:59.657,2024,9,Monday,12,Afternoon,Low
2024-09-09,card,ANON-0000-0000-0604,32.82,Latte,15:12:13.766,2024,9,Monday,15,Afternoon,Medium
2024-09-09,card,ANON-0000-0000-0604,23.02,Americano,15:13:24.517,2024,9,Monday,15,Afternoon,Low
2024-09-09,card,ANON-0000-0000-0605,32.82,Latte,17:24:10.388,2024,9,Monday,17,Evening,Medium
2024-09-09,card,ANON-0000-0000-0507,32.82,Latte,18:13:46.320,2024,9,Monday,18,Evening,Medium
2024-09-09,card,ANON-0000-0000-0268,32.82,Cappuccino,20:07:36.198,2024,9,Monday,20,Evening,Medium
2024-09-09,card,ANON-0000-0000-0606,32.82,Latte,20:13:43.524,2024,9,Monday,20,Evening,Medium
2024-09-10,card,ANON-0000-0000-0607,32.82,Hot Chocolate,08:12:02.450,2024,9,Tuesday,8,Morning,Medium
2024-09-10,card,ANON-0000-0000-0608,32.82,Cappuccino,09:32:46.786,2024,9,Tuesday,9,Morning,Medium
2024-09-10,card,ANON-0000-0000-0543,23.02,Cortado,15:21:54.387,2024,9,Tuesday,15,Afternoon,Low
2024-09-10,card,ANON-0000-0000-0543,23.02,Cortado,15:23:05.946,2024,9,Tuesday,15,Afternoon,Low
2024-09-10,card,ANON-0000-0000-0609,32.82,Cappuccino,18:43:41.760,2024,9,Tuesday,18,Evening,Medium
2024-09-10,card,ANON-0000-0000-0610,27.92,Americano with Milk,18:45:22.624,2024,9,Tuesday,18,Evening,Low
2024-09-10,card,ANON-0000-0000-0611,32.82,Latte,19:02:43.027,2024,9,Tuesday,19,Evening,Medium
2024-09-10,card,ANON-0000-0000-0611,32.82,Latte,19:03:53.257,2024,9,Tuesday,19,Evening,Medium
2024-09-10,card,ANON-0000-0000-0012,27.92,Americano with Milk,21:29:34.556,2024,9,Tuesday,21,Evening,Low
2024-09-10,card,ANON-0000-0000-0012,23.02,Americano,21:30:27.036,2024,9,Tuesday,21,Evening,Low
2024-09-11,card,ANON-0000-0000-0612,32.82,Latte,08:47:22.305,2024,9,Wednesday,8,Morning,Medium
2024-09-11,card,ANON-0000-0000-0097,27.92,Americano with Milk,09:28:46.757,2024,9,Wednesday,9,Morning,Low
2024-09-11,card,ANON-0000-0000-0613,32.82,Latte,10:52:09.177,2024,9,Wednesday,10,Morning,Medium
2024-09-11,card,ANON-0000-0000-0614,32.82,Cappuccino,19:53:12.537,2024,9,Wednesday,19,Evening,Medium
2024-09-11,card,ANON-0000-0000-0531,27.92,Americano with Milk,20:13:14.887,2024,9,Wednesday,20,Evening,Low
2024-09-11,card,ANON-0000-0000-0531,32.82,Latte,20:14:18.886,2024,9,Wednesday,20,Evening,Medium
2024-09-11,card,ANON-0000-0000-0531,32.82,Latte,20:15:19.350,2024,9,Wednesday,20,Evening,Medium
2024-09-11,card,ANON-0000-0000-0584,23.02,Cortado,21:01:34.225,2024,9,Wednesday,21,Evening,Low
2024-09-12,card,ANON-0000-0000-0347,18.12,Espresso,10:57:25.619,2024,9,Thursday,10,Morning,Low
2024-09-12,card,ANON-0000-0000-0347,27.92,Americano with Milk,10:58:19.807,2024,9,Thursday,10,Morning,Low
2024-09-12,card,ANON-0000-0000-0615,27.92,Americano with Milk,11:27:36.065,2024,9,Thursday,11,Morning,Low
2024-09-12,card,ANON-0000-0000-0565,32.82,Cappuccino,12:08:22.158,2024,9,Thursday,12,Afternoon,Medium
2024-09-12,card,ANON-0000-0000-0616,23.02,Cortado,12:31:06.997,2024,9,Thursday,12,Afternoon,Low
2024-09-12,card,ANON-0000-0000-0616,23.02,Cortado,12:32:22.981,2024,9,Thursday,12,Afternoon,Low
2024-09-12,card,ANON-0000-0000-0141,23.02,Cortado,12:37:20.423,2024,9,Thursday,12,Afternoon,Low
2024-09-12,card,ANON-0000-0000-0141,23.02,Cortado,12:38:09.735,2024,9,Thursday,12,Afternoon,Low
2024-09-12,card,ANON-0000-0000-0617,32.82,Latte,17:01:25.224,2024,9,Thursday,17,Evening,Medium
2024-09-12,card,ANON-0000-0000-0618,23.02,Americano,21:09:10.412,2024,9,Thursday,21,Evening,Low
2024-09-12,card,ANON-0000-0000-0618,32.82,Cappuccino,21:10:21.159,2024,9,Thursday,21,Evening,Medium
2024-09-12,card,ANON-0000-0000-0319,23.02,Cortado,21:13:16.808,2024,9,Thursday,21,Evening,Low
2024-09-13,card,ANON-0000-0000-0570,32.82,Latte,07:56:53.763,2024,9,Friday,7,Morning,Medium
2024-09-13,card,ANON-0000-0000-0425,32.82,Latte,08:41:02.985,2024,9,Friday,8,Morning,Medium
2024-09-13,card,ANON-0000-0000-0375,32.82,Latte,08:54:15.814,2024,9,Friday,8,Morning,Medium
2024-09-13,card,ANON-0000-0000-0619,32.82,Latte,09:51:19.387,2024,9,Friday,9,Morning,Medium
2024-09-13,card,ANON-0000-0000-0242,27.92,Americano with Milk,15:38:18.869,2024,9,Friday,15,Afternoon,Low
2024-09-13,card,ANON-0000-0000-0552,27.92,Americano with Milk,15:50:53.892,2024,9,Friday,15,Afternoon,Low
2024-09-14,card,ANON-0000-0000-0543,32.82,Cappuccino,16:29:19.359,2024,9,Saturday,16,Afternoon,Medium
2024-09-14,card,ANON-0000-0000-0543,32.82,Cappuccino,16:30:16.873,2024,9,Saturday,16,Afternoon,Medium
2024-09-15,card,ANON-0000-0000-0347,18.12,Espresso,08:42:40.941,2024,9,Sunday,8,Morning,Low
2024-09-15,card,ANON-0000-0000-0620,27.92,Americano with Milk,09:49:38.741,2024,9,Sunday,9,Morning,Low
2024-09-15,card,ANON-0000-0000-0304,23.02,Americano,13:49:37.387,2024,9,Sunday,13,Afternoon,Low
2024-09-15,card,ANON-0000-0000-0141,23.02,Cortado,14:36:19.287,2024,9,Sunday,14,Afternoon,Low
2024-09-15,card,ANON-0000-0000-0141,23.02,Cortado,14:37:20.597,2024,9,Sunday,14,Afternoon,Low
2024-09-15,card,ANON-0000-0000-0543,32.82,Cappuccino,14:53:18.708,2024,9,Sunday,14,Afternoon,Medium
2024-09-16,card,ANON-0000-0000-0621,32.82,Latte,13:32:22.875,2024,9,Monday,13,Afternoon,Medium
2024-09-16,card,ANON-0000-0000-0584,27.92,Americano with Milk,13:33:36.767,2024,9,Monday,13,Afternoon,Low
2024-09-16,card,ANON-0000-0000-0621,32.82,Latte,15:23:19.260,2024,9,Monday,15,Afternoon,Medium
2024-09-16,card,ANON-0000-0000-0622,27.92,Americano with Milk,17:16:05.734,2024,9,Monday,17,Evening,Low
2024-09-16,card,ANON-0000-0000-0623,32.82,Latte,17:18:03.251,2024,9,Monday,17,Evening,Medium
2024-09-16,card,ANON-0000-0000-0624,32.82,Latte,18:54:45.448,2024,9,Monday,18,Evening,Medium
2024-09-16,card,ANON-0000-0000-0625,32.82,Latte,18:56:05.275,2024,9,Monday,18,Evening,Medium
2024-09-16,card,ANON-0000-0000-0626,27.92,Americano with Milk,21:10:18.693,2024,9,Monday,21,Evening,Low
2024-09-16,card,ANON-0000-0000-0626,32.82,Latte,21:11:32.500,2024,9,Monday,21,Evening,Medium
2024-09-16,card,ANON-0000-0000-0287,27.92,Americano with Milk,21:37:47.308,2024,9,Monday,21,Evening,Low
2024-09-16,card,ANON-0000-0000-0097,27.92,Americano with Milk,21:38:48.666,2024,9,Monday,21,Evening,Low
2024-09-17,card,ANON-0000-0000-0627,23.02,Cortado,07:54:57.927,2024,9,Tuesday,7,Morning,Low
2024-09-17,card,ANON-0000-0000-0621,32.82,Latte,08:09:00.896,2024,9,Tuesday,8,Morning,Medium
2024-09-17,card,ANON-0000-0000-0276,27.92,Americano with Milk,08:37:37.553,2024,9,Tuesday,8,Morning,Low
2024-09-17,card,ANON-0000-0000-0141,23.02,Cortado,08:42:31.474,2024,9,Tuesday,8,Morning,Low
2024-09-17,card,ANON-0000-0000-0554,32.82,Cappuccino,09:10:03.755,2024,9,Tuesday,9,Morning,Medium
2024-09-17,card,ANON-0000-0000-0554,27.92,Americano with Milk,09:11:08.221,2024,9,Tuesday,9,Morning,Low
2024-09-17,card,ANON-0000-0000-0620,27.92,Americano with Milk,09:34:56.760,2024,9,Tuesday,9,Morning,Low
2024-09-17,card,ANON-0000-0000-0628,18.12,Espresso,12:38:33.768,2024,9,Tuesday,12,Afternoon,Low
2024-09-17,card,ANON-0000-0000-0628,27.92,Americano with Milk,12:39:33.682,2024,9,Tuesday,12,Afternoon,Low
2024-09-17,card,ANON-0000-0000-0629,32.82,Latte,12:44:15.152,2024,9,Tuesday,12,Afternoon,Medium
2024-09-17,card,ANON-0000-0000-0554,27.92,Americano with Milk,13:54:23.032,2024,9,Tuesday,13,Afternoon,Low
2024-09-17,card,ANON-0000-0000-0630,23.02,Cortado,13:55:31.241,2024,9,Tuesday,13,Afternoon,Low
2024-09-17,card,ANON-0000-0000-0554,32.82,Cappuccino,16:29:37.216,2024,9,Tuesday,16,Afternoon,Medium
2024-09-17,card,ANON-0000-0000-0630,32.82,Latte,16:31:00.716,2024,9,Tuesday,16,Afternoon,Medium
2024-09-17,card,ANON-0000-0000-0631,32.82,Hot Chocolate,18:54:23.783,2024,9,Tuesday,18,Evening,Medium
2024-09-17,card,ANON-0000-0000-0632,27.92,Americano with Milk,19:00:45.913,2024,9,Tuesday,19,Evening,Low
2024-09-17,card,ANON-0000-0000-0633,27.92,Americano with Milk,19:03:53.274,2024,9,Tuesday,19,Evening,Low
2024-09-17,card,ANON-0000-0000-0634,32.82,Latte,19:12:47.905,2024,9,Tuesday,19,Evening,Medium
2024-09-17,card,ANON-0000-0000-0634,27.92,Americano with Milk,19:13:59.742,2024,9,Tuesday,19,Evening,Low
2024-09-17,card,ANON-0000-0000-0634,27.92,Americano with Milk,19:14:59.513,2024,9,Tuesday,19,Evening,Low
2024-09-17,card,ANON-0000-0000-0635,27.92,Americano with Milk,19:31:57.368,2024,9,Tuesday,19,Evening,Low
2024-09-17,card,ANON-0000-0000-0636,32.82,Hot Chocolate,22:19:35.981,2024,9,Tuesday,22,Evening,Medium
2024-09-17,card,ANON-0000-0000-0637,32.82,Hot Chocolate,22:20:19.450,2024,9,Tuesday,22,Evening,Medium
2024-09-18,card,ANON-0000-0000-0638,32.82,Latte,14:29:48.898,2024,9,Wednesday,14,Afternoon,Medium
2024-09-18,card,ANON-0000-0000-0639,32.82,Latte,17:34:19.665,2024,9,Wednesday,17,Evening,Medium
2024-09-18,card,ANON-0000-0000-0040,27.92,Americano with Milk,21:15:38.758,2024,9,Wednesday,21,Evening,Low
2024-09-18,card,ANON-0000-0000-0040,27.92,Americano with Milk,21:18:21.554,2024,9,Wednesday,21,Evening,Low
2024-09-19,card,ANON-0000-0000-0276,27.92,Americano with Milk,08:17:18.665,2024,9,Thursday,8,Morning,Low
2024-09-19,card,ANON-0000-0000-0627,23.02,Cortado,08:30:29.047,2024,9,Thursday,8,Morning,Low
2024-09-19,card,ANON-0000-0000-0494,32.82,Latte,10:01:30.579,2024,9,Thursday,10,Morning,Medium
2024-09-19,card,ANON-0000-0000-0004,23.02,Americano,12:59:33.614,2024,9,Thursday,12,Afternoon,Low
2024-09-19,card,ANON-0000-0000-0004,27.92,Americano with Milk,13:00:33.616,2024,9,Thursday,13,Afternoon,Low
2024-09-19,card,ANON-0000-0000-0640,23.02,Cortado,13:45:42.367,2024,9,Thursday,13,Afternoon,Low
2024-09-20,card,ANON-0000-0000-0276,27.92,Americano with Milk,08:34:56.930,2024,9,Friday,8,Morning,Low
2024-09-20,card,ANON-0000-0000-0641,27.92,Americano with Milk,09:46:15.400,2024,9,Friday,9,Morning,Low
2024-09-20,card,ANON-0000-0000-0333,27.92,Americano with Milk,13:39:55.465,2024,9,Friday,13,Afternoon,Low
2024-09-20,card,ANON-0000-0000-0642,32.82,Latte,16:03:29.611,2024,9,Friday,16,Afternoon,Medium
2024-09-20,card,ANON-0000-0000-0643,23.02,Americano,20:39:23.129,2024,9,Friday,20,Evening,Low
2024-09-20,card,ANON-0000-0000-0287,27.92,Americano with Milk,21:31:36.580,2024,9,Friday,21,Evening,Low
2024-09-20,card,ANON-0000-0000-0287,27.92,Americano with Milk,21:32:43.025,2024,9,Friday,21,Evening,Low
2024-09-21,card,ANON-0000-0000-0644,32.82,Latte,11:01:14.948,2024,9,Saturday,11,Morning,Medium
2024-09-21,card,ANON-0000-0000-0644,32.82,Cocoa,11:02:13.802,2024,9,Saturday,11,Morning,Medium
2024-09-21,card,ANON-0000-0000-0543,23.02,Cortado,11:37:47.243,2024,9,Saturday,11,Morning,Low
2024-09-21,card,ANON-0000-0000-0543,23.02,Cortado,11:38:44.997,2024,9,Saturday,11,Morning,Low
2024-09-21,card,ANON-0000-0000-0645,32.82,Cappuccino,15:10:09.368,2024,9,Saturday,15,Afternoon,Medium
2024-09-21,card,ANON-0000-0000-0646,32.82,Latte,15:36:13.609,2024,9,Saturday,15,Afternoon,Medium
2024-09-21,card,ANON-0000-0000-0507,32.82,Latte,18:16:28.701,2024,9,Saturday,18,Evening,Medium
2024-09-21,card,ANON-0000-0000-0507,32.82,Latte,18:17:30.686,2024,9,Saturday,18,Evening,Medium
2024-09-21,card,ANON-0000-0000-0040,23.02,Americano,20:29:42.939,2024,9,Saturday,20,Evening,Low
2024-09-21,card,ANON-0000-0000-0040,23.02,Americano,20:30:38.882,2024,9,Saturday,20,Evening,Low
2024-09-21,card,ANON-0000-0000-0602,32.82,Latte,20:33:58.175,2024,9,Saturday,20,Evening,Medium
2024-09-21,card,ANON-0000-0000-0602,32.82,Latte,20:35:30.169,2024,9,Saturday,20,Evening,Medium
2024-09-21,card,ANON-0000-0000-0647,27.92,Americano with Milk,22:18:46.088,2024,9,Saturday,22,Evening,Low
2024-09-21,card,ANON-0000-0000-0647,23.02,Americano,22:19:50.128,2024,9,Saturday,22,Evening,Low
2024-09-21,card,ANON-0000-0000-0647,23.02,Americano,22:20:48.360,2024,9,Saturday,22,Evening,Low
2024-09-22,card,ANON-0000-0000-0648,23.02,Americano,08:32:54.172,2024,9,Sunday,8,Morning,Low
2024-09-22,card,ANON-0000-0000-0649,27.92,Americano with Milk,10:12:09.764,2024,9,Sunday,10,Morning,Low
2024-09-22,card,ANON-0000-0000-0649,32.82,Latte,10:13:08.586,2024,9,Sunday,10,Morning,Medium
2024-09-22,card,ANON-0000-0000-0650,23.02,Cortado,11:06:26.307,2024,9,Sunday,11,Morning,Low
2024-09-22,card,ANON-0000-0000-0650,23.02,Cortado,11:07:36.380,2024,9,Sunday,11,Morning,Low
2024-09-22,card,ANON-0000-0000-0651,27.92,Americano with Milk,11:51:59.888,2024,9,Sunday,11,Morning,Low
2024-09-22,card,ANON-0000-0000-0099,23.02,Americano,11:55:12.923,2024,9,Sunday,11,Morning,Low
2024-09-22,card,ANON-0000-0000-0276,27.92,Americano with Milk,12:07:20.767,2024,9,Sunday,12,Afternoon,Low
2024-09-22,card,ANON-0000-0000-0333,27.92,Americano with Milk,13:28:14.663,2024,9,Sunday,13,Afternoon,Low
2024-09-22,card,ANON-0000-0000-0333,27.92,Americano with Milk,13:29:35.917,2024,9,Sunday,13,Afternoon,Low
2024-09-22,card,ANON-0000-0000-0510,27.92,Americano with Milk,13:33:34.561,2024,9,Sunday,13,Afternoon,Low
2024-09-22,card,ANON-0000-0000-0652,32.82,Latte,15:34:10.099,2024,9,Sunday,15,Afternoon,Medium
2024-09-22,card,ANON-0000-0000-0652,27.92,Americano with Milk,15:35:24.234,2024,9,Sunday,15,Afternoon,Low
2024-09-22,card,ANON-0000-0000-0653,32.82,Cocoa,16:25:03.468,2024,9,Sunday,16,Afternoon,Medium
2024-09-22,card,ANON-0000-0000-0654,32.82,Latte,20:19:10.082,2024,9,Sunday,20,Evening,Medium
2024-09-22,card,ANON-0000-0000-0654,32.82,Cappuccino,20:20:35.589,2024,9,Sunday,20,Evening,Medium
2024-09-22,card,ANON-0000-0000-0455,27.92,Americano with Milk,20:46:26.208,2024,9,Sunday,20,Evening,Low
2024-09-22,card,ANON-0000-0000-0455,27.92,Americano with Milk,20:47:35.096,2024,9,Sunday,20,Evening,Low
2024-09-22,card,ANON-0000-0000-0655,27.92,Americano with Milk,21:07:04.794,2024,9,Sunday,21,Evening,Low
2024-09-22,card,ANON-0000-0000-0655,27.92,Americano with Milk,21:08:14.798,2024,9,Sunday,21,Evening,Low
2024-09-22,card,ANON-0000-0000-0637,32.82,Hot Chocolate,21:54:04.098,2024,9,Sunday,21,Evening,Medium
2024-09-22,card,ANON-0000-0000-0637,32.82,Hot Chocolate,21:54:54.497,2024,9,Sunday,21,Evening,Medium
2024-09-22,card,ANON-0000-0000-0656,23.02,Americano,22:37:02.384,2024,9,Sunday,22,Evening,Low
2024-09-22,card,ANON-0000-0000-0657,27.92,Americano with Milk,22:37:58.406,2024,9,Sunday,22,Evening,Low
2024-09-23,card,ANON-0000-0000-0276,27.92,Americano with Milk,09:03:36.954,2024,9,Monday,9,Morning,Low
2024-09-23,card,ANON-0000-0000-0141,23.02,Cortado,10:04:17.268,2024,9,Monday,10,Morning,Low
2024-09-23,card,ANON-0000-0000-0584,23.02,Americano,12:11:04.352,2024,9,Monday,12,Afternoon,Low
2024-09-23,card,ANON-0000-0000-0573,27.92,Americano with Milk,14:08:51.946,2024,9,Monday,14,Afternoon,Low
2024-09-23,card,ANON-0000-0000-0658,32.82,Cappuccino,17:27:47.591,2024,9,Monday,17,Evening,Medium
2024-09-23,card,ANON-0000-0000-0659,23.02,Americano,18:48:30.436,2024,9,Monday,18,Evening,Low
2024-09-23,card,ANON-0000-0000-0507,32.82,Latte,19:47:21.950,2024,9,Monday,19,Evening,Medium
2024-09-23,card,ANON-0000-0000-0206,32.82,Cappuccino,20:09:45.867,2024,9,Monday,20,Evening,Medium
2024-09-23,card,ANON-0000-0000-0641,27.92,Americano with Milk,22:13:30.513,2024,9,Monday,22,Evening,Low
2024-09-23,card,ANON-0000-0000-0641,27.92,Americano with Milk,22:15:14.958,2024,9,Monday,22,Evening,Low
2024-09-24,card,ANON-0000-0000-0276,27.92,Americano with Milk,08:33:32.613,2024,9,Tuesday,8,Morning,Low
2024-09-24,card,ANON-0000-0000-0634,32.82,Latte,12:23:56.963,2024,9,Tuesday,12,Afternoon,Medium
2024-09-24,card,ANON-0000-0000-0634,32.82,Latte,12:24:54.750,2024,9,Tuesday,12,Afternoon,Medium
2024-09-24,card,ANON-0000-0000-0660,32.82,Latte,12:46:44.403,2024,9,Tuesday,12,Afternoon,Medium
2024-09-24,card,ANON-0000-0000-0660,32.82,Latte,12:47:49.424,2024,9,Tuesday,12,Afternoon,Medium
2024-09-24,card,ANON-0000-0000-0661,32.82,Latte,14:11:39.339,2024,9,Tuesday,14,Afternoon,Medium
2024-09-24,card,ANON-0000-0000-0662,23.02,Cortado,14:31:28.741,2024,9,Tuesday,14,Afternoon,Low
2024-09-24,card,ANON-0000-0000-0510,32.82,Cappuccino,15:37:23.698,2024,9,Tuesday,15,Afternoon,Medium
2024-09-24,card,ANON-0000-0000-0583,32.82,Latte,16:38:48.296,2024,9,Tuesday,16,Afternoon,Medium
2024-09-24,card,ANON-0000-0000-0408,23.02,Americano,18:43:02.935,2024,9,Tuesday,18,Evening,Low
2024-09-24,card,ANON-0000-0000-0408,23.02,Americano,18:43:54.082,2024,9,Tuesday,18,Evening,Low
2024-09-24,card,ANON-0000-0000-0663,32.82,Hot Chocolate,20:15:50.396,2024,9,Tuesday,20,Evening,Medium
2024-09-24,card,ANON-0000-0000-0631,32.82,Latte,21:05:14.190,2024,9,Tuesday,21,Evening,Medium
2024-09-24,card,ANON-0000-0000-0531,27.92,Americano with Milk,21:06:32.402,2024,9,Tuesday,21,Evening,Low
2024-09-24,card,ANON-0000-0000-0531,27.92,Americano with Milk,21:07:34.965,2024,9,Tuesday,21,Evening,Low
2024-09-25,card,ANON-0000-0000-0664,32.82,Cappuccino,07:51:21.100,2024,9,Wednesday,7,Morning,Medium
2024-09-25,card,ANON-0000-0000-0141,23.02,Cortado,11:35:32.533,2024,9,Wednesday,11,Morning,Low
2024-09-25,card,ANON-0000-0000-0665,27.92,Americano with Milk,11:51:15.212,2024,9,Wednesday,11,Morning,Low
2024-09-25,card,ANON-0000-0000-0665,32.82,Latte,11:52:53.371,2024,9,Wednesday,11,Morning,Medium
2024-09-25,card,ANON-0000-0000-0666,27.92,Americano with Milk,13:54:51.454,2024,9,Wednesday,13,Afternoon,Low
2024-09-25,card,ANON-0000-0000-0666,27.92,Americano with Milk,13:55:59.258,2024,9,Wednesday,13,Afternoon,Low
2024-09-25,card,ANON-0000-0000-0667,27.92,Americano with Milk,17:36:37.182,2024,9,Wednesday,17,Evening,Low
2024-09-25,card,ANON-0000-0000-0667,27.92,Americano with Milk,17:37:31.840,2024,9,Wednesday,17,Evening,Low
2024-09-25,card,ANON-0000-0000-0668,23.02,Americano,21:34:41.289,2024,9,Wednesday,21,Evening,Low
2024-09-25,card,ANON-0000-0000-0475,27.92,Americano with Milk,22:18:51.754,2024,9,Wednesday,22,Evening,Low
2024-09-26,card,ANON-0000-0000-0570,32.82,Latte,08:43:35.049,2024,9,Thursday,8,Morning,Medium
2024-09-26,card,ANON-0000-0000-0333,27.92,Americano with Milk,10:37:06.485,2024,9,Thursday,10,Morning,Low
2024-09-26,card,ANON-0000-0000-0669,18.12,Espresso,10:55:52.407,2024,9,Thursday,10,Morning,Low
2024-09-26,card,ANON-0000-0000-0670,32.82,Cappuccino,11:34:48.571,2024,9,Thursday,11,Morning,Medium
2024-09-26,card,ANON-0000-0000-0671,32.82,Latte,12:48:01.368,2024,9,Thursday,12,Afternoon,Medium
2024-09-26,card,ANON-0000-0000-0672,32.82,Latte,18:21:55.733,2024,9,Thursday,18,Evening,Medium
2024-09-26,card,ANON-0000-0000-0673,32.82,Latte,22:45:15.081,2024,9,Thursday,22,Evening,Medium
2024-09-26,card,ANON-0000-0000-0673,23.02,Cortado,22:46:17.637,2024,9,Thursday,22,Evening,Low
2024-09-26,card,ANON-0000-0000-0472,27.92,Americano with Milk,22:47:24.867,2024,9,Thursday,22,Evening,Low
2024-09-27,card,ANON-0000-0000-0276,27.92,Americano with Milk,09:29:45.646,2024,9,Friday,9,Morning,Low
2024-09-27,card,ANON-0000-0000-0141,23.02,Cortado,09:33:43.977,2024,9,Friday,9,Morning,Low
2024-09-27,card,ANON-0000-0000-0674,32.82,Cappuccino,09:41:04.732,2024,9,Friday,9,Morning,Medium
2024-09-27,card,ANON-0000-0000-0333,27.92,Americano with Milk,10:46:56.620,2024,9,Friday,10,Morning,Low
2024-09-27,card,ANON-0000-0000-0333,27.92,Americano with Milk,11:35:00.282,2024,9,Friday,11,Morning,Low
2024-09-27,card,ANON-0000-0000-0675,32.82,Cappuccino,13:20:31.055,2024,9,Friday,13,Afternoon,Medium
2024-09-27,card,ANON-0000-0000-0676,32.82,Cappuccino,13:25:05.272,2024,9,Friday,13,Afternoon,Medium
2024-09-27,card,ANON-0000-0000-0676,23.02,Americano,13:28:33.107,2024,9,Friday,13,Afternoon,Low
2024-09-27,card,ANON-0000-0000-0677,27.92,Americano with Milk,13:33:52.455,2024,9,Friday,13,Afternoon,Low
2024-09-27,card,ANON-0000-0000-0678,32.82,Latte,18:07:43.705,2024,9,Friday,18,Evening,Medium
2024-09-27,card,ANON-0000-0000-0678,32.82,Latte,18:08:58.239,2024,9,Friday,18,Evening,Medium
2024-09-27,card,ANON-0000-0000-0679,32.82,Cappuccino,18:37:45.891,2024,9,Friday,18,Evening,Medium
2024-09-27,card,ANON-0000-0000-0680,32.82,Cappuccino,18:40:53.757,2024,9,Friday,18,Evening,Medium
2024-09-27,card,ANON-0000-0000-0408,32.82,Cappuccino,20:18:13.287,2024,9,Friday,20,Evening,Medium
2024-09-27,card,ANON-0000-0000-0408,32.82,Cappuccino,20:19:14.319,2024,9,Friday,20,Evening,Medium
2024-09-27,card,ANON-0000-0000-0681,27.92,Americano with Milk,20:58:14.967,2024,9,Friday,20,Evening,Low
2024-09-28,card,ANON-0000-0000-0666,27.92,Americano with Milk,08:06:45.469,2024,9,Saturday,8,Morning,Low
2024-09-28,card,ANON-0000-0000-0682,27.92,Americano with Milk,09:31:14.759,2024,9,Saturday,9,Morning,Low
2024-09-28,card,ANON-0000-0000-0507,35.76,Latte,14:25:47.337,2024,9,Saturday,14,Afternoon,Medium
2024-09-28,card,ANON-0000-0000-0683,35.76,Latte,16:57:20.118,2024,9,Saturday,16,Afternoon,Medium
2024-09-28,card,ANON-0000-0000-0684,30.86,Americano with Milk,17:26:16.704,2024,9,Saturday,17,Evening,Medium
2024-09-28,card,ANON-0000-0000-0445,35.76,Latte,20:34:31.110,2024,9,Saturday,20,Evening,Medium
2024-09-28,card,ANON-0000-0000-0685,35.76,Latte,20:38:36.502,2024,9,Saturday,20,Evening,Medium
2024-09-28,card,ANON-0000-0000-0686,35.76,Cappuccino,22:16:36.777,2024,9,Saturday,22,Evening,Medium
2024-09-28,card,ANON-0000-0000-0686,35.76,Cocoa,22:17:29.587,2024,9,Saturday,22,Evening,Medium
2024-09-28,card,ANON-0000-0000-0687,25.96,Cortado,22:18:16.072,2024,9,Saturday,22,Evening,Low
2024-09-28,card,ANON-0000-0000-0687,35.76,Hot Chocolate,22:19:13.029,2024,9,Saturday,22,Evening,Medium
2024-09-29,card,ANON-0000-0000-0467,25.96,Americano,10:48:45.050,2024,9,Sunday,10,Morning,Low
2024-09-29,card,ANON-0000-0000-0172,35.76,Cappuccino,10:50:05.258,2024,9,Sunday,10,Morning,Medium
2024-09-29,card,ANON-0000-0000-0172,35.76,Cappuccino,10:51:03.253,2024,9,Sunday,10,Morning,Medium
2024-09-29,card,ANON-0000-0000-0172,35.76,Cappuccino,10:52:23.021,2024,9,Sunday,10,Morning,Medium
2024-09-29,card,ANON-0000-0000-0333,30.86,Americano with Milk,10:53:42.331,2024,9,Sunday,10,Morning,Medium
2024-09-29,card,ANON-0000-0000-0683,35.76,Latte,12:35:43.442,2024,9,Sunday,12,Afternoon,Medium
2024-09-29,card,ANON-0000-0000-0141,25.96,Cortado,12:50:58.444,2024,9,Sunday,12,Afternoon,Low
2024-09-29,card,ANON-0000-0000-0602,35.76,Latte,12:54:15.385,2024,9,Sunday,12,Afternoon,Medium
2024-09-29,card,ANON-0000-0000-0688,35.76,Latte,12:55:21.637,2024,9,Sunday,12,Afternoon,Medium
2024-09-29,card,ANON-0000-0000-0689,35.76,Cappuccino,18:02:27.296,2024,9,Sunday,18,Evening,Medium
2024-09-29,card,ANON-0000-0000-0690,35.76,Latte,22:31:02.815,2024,9,Sunday,22,Evening,Medium
2024-09-30,card,ANON-0000-0000-0141,25.96,Cortado,08:08:47.516,2024,9,Monday,8,Morning,Low
2024-09-30,card,ANON-0000-0000-0691,25.96,Cortado,08:58:54.669,2024,9,Monday,8,Morning,Low
2024-09-30,card,ANON-0000-0000-0692,35.76,Hot Chocolate,09:00:04.917,2024,9,Monday,9,Morning,Medium
2024-09-30,card,ANON-0000-0000-0276,30.86,Americano with Milk,10:01:09.168,2024,9,Monday,10,Morning,Medium
2024-09-30,card,ANON-0000-0000-0141,25.96,Cortado,10:05:18.351,2024,9,Monday,10,Morning,Low
2024-09-30,card,ANON-0000-0000-0693,30.86,Americano with Milk,11:32:54.558,2024,9,Monday,11,Morning,Medium
2024-09-30,card,ANON-0000-0000-0333,30.86,Americano with Milk,16:45:44.460,2024,9,Monday,16,Afternoon,Medium
2024-09-30,card,ANON-0000-0000-0507,35.76,Latte,19:32:18.200,2024,9,Monday,19,Evening,Medium
2024-09-30,card,ANON-0000-0000-0694,30.86,Americano with Milk,19:53:14.092,2024,9,Monday,19,Evening,Medium
2024-09-30,card,ANON-0000-0000-0694,25.96,Cortado,19:54:17.620,2024,9,Monday,19,Evening,Low
2024-09-30,card,ANON-0000-0000-0631,35.76,Latte,19:59:18.993,2024,9,Monday,19,Evening,Medium
2024-09-30,card,ANON-0000-0000-0531,30.86,Americano with Milk,20:00:42.135,2024,9,Monday,20,Evening,Medium
2024-09-30,card,ANON-0000-0000-0633,30.86,Americano with Milk,20:01:42.191,2024,9,Monday,20,Evening,Medium
2024-09-30,card,ANON-0000-0000-0695,30.86,Americano with Milk,21:41:07.527,2024,9,Monday,21,Evening,Medium
2024-10-01,card,ANON-0000-0000-0696,35.76,Latte,07:47:08.449,2024,10,Tuesday,7,Morning,Medium
2024-10-01,card,ANON-0000-0000-0276,30.86,Americano with Milk,09:48:30.777,2024,10,Tuesday,9,Morning,Medium
2024-10-01,card,ANON-0000-0000-0333,30.86,Americano with Milk,10:02:26.778,2024,10,Tuesday,10,Morning,Medium
2024-10-01,card,ANON-0000-0000-0333,30.86,Americano with Milk,10:03:47.115,2024,10,Tuesday,10,Morning,Medium
2024-10-01,card,ANON-0000-0000-0697,30.86,Americano with Milk,11:55:31.853,2024,10,Tuesday,11,Morning,Medium
2024-10-01,card,ANON-0000-0000-0698,30.86,Americano with Milk,12:12:48.446,2024,10,Tuesday,12,Afternoon,Medium
2024-10-01,card,ANON-0000-0000-0698,30.86,Americano with Milk,12:14:23.382,2024,10,Tuesday,12,Afternoon,Medium
2024-10-01,card,ANON-0000-0000-0699,25.96,Americano,14:17:34.957,2024,10,Tuesday,14,Afternoon,Low
2024-10-01,card,ANON-0000-0000-0699,30.86,Americano with Milk,14:18:52.558,2024,10,Tuesday,14,Afternoon,Medium
2024-10-01,card,ANON-0000-0000-0637,35.76,Hot Chocolate,16:08:38.999,2024,10,Tuesday,16,Afternoon,Medium
2024-10-01,card,ANON-0000-0000-0700,25.96,Americano,16:41:54.481,2024,10,Tuesday,16,Afternoon,Low
2024-10-01,card,ANON-0000-0000-0701,35.76,Latte,18:08:26.545,2024,10,Tuesday,18,Evening,Medium
2024-10-01,card,ANON-0000-0000-0702,35.76,Latte,18:23:11.460,2024,10,Tuesday,18,Evening,Medium
2024-10-01,card,ANON-0000-0000-0702,35.76,Hot Chocolate,18:24:14.252,2024,10,Tuesday,18,Evening,Medium
2024-10-01,card,ANON-0000-0000-0585,35.76,Hot Chocolate,20:03:22.143,2024,10,Tuesday,20,Evening,Medium
2024-10-02,card,ANON-0000-0000-0703,35.76,Latte,07:57:18.793,2024,10,Wednesday,7,Morning,Medium
2024-10-02,card,ANON-0000-0000-0141,25.96,Cortado,08:42:44.642,2024,10,Wednesday,8,Morning,Low
2024-10-02,card,ANON-0000-0000-0276,30.86,Americano with Milk,09:19:17.053,2024,10,Wednesday,9,Morning,Medium
2024-10-02,card,ANON-0000-0000-0375,35.76,Latte,10:22:01.523,2024,10,Wednesday,10,Morning,Medium
2024-10-02,card,ANON-0000-0000-0704,30.86,Americano with Milk,10:23:55.272,2024,10,Wednesday,10,Morning,Medium
2024-10-02,card,ANON-0000-0000-0705,35.76,Cappuccino,11:28:53.893,2024,10,Wednesday,11,Morning,Medium
2024-10-02,card,ANON-0000-0000-0706,35.76,Cappuccino,15:13:42.142,2024,10,Wednesday,15,Afternoon,Medium
2024-10-02,card,ANON-0000-0000-0255,35.76,Hot Chocolate,18:31:07.153,2024,10,Wednesday,18,Evening,Medium
2024-10-02,card,ANON-0000-0000-0637,35.76,Hot Chocolate,22:18:55.379,2024,10,Wednesday,22,Evening,Medium
2024-10-02,card,ANON-0000-0000-0637,35.76,Hot Chocolate,22:19:40.694,2024,10,Wednesday,22,Evening,Medium
2024-10-02,card,ANON-0000-0000-0707,35.76,Hot Chocolate,22:20:23.651,2024,10,Wednesday,22,Evening,Medium
2024-10-03,card,ANON-0000-0000-0708,35.76,Cocoa,13:47:35.922,2024,10,Thursday,13,Afternoon,Medium
2024-10-03,card,ANON-0000-0000-0709,30.86,Americano with Milk,15:12:05.160,2024,10,Thursday,15,Afternoon,Medium
2024-10-03,card,ANON-0000-0000-0710,25.96,Cortado,20:12:57.761,2024,10,Thursday,20,Evening,Low
2024-10-03,card,ANON-0000-0000-0710,35.76,Hot Chocolate,20:14:04.781,2024,10,Thursday,20,Evening,Medium
2024-10-03,card,ANON-0000-0000-0637,35.76,Hot Chocolate,21:21:06.296,2024,10,Thursday,21,Evening,Medium
2024-10-03,card,ANON-0000-0000-0637,35.76,Hot Chocolate,21:21:46.778,2024,10,Thursday,21,Evening,Medium
2024-10-03,card,ANON-0000-0000-0711,35.76,Cappuccino,21:29:03.390,2024,10,Thursday,21,Evening,Medium
2024-10-03,card,ANON-0000-0000-0712,35.76,Hot Chocolate,21:31:00.451,2024,10,Thursday,21,Evening,Medium
2024-10-04,card,ANON-0000-0000-0440,25.96,Americano,08:44:00.873,2024,10,Friday,8,Morning,Low
2024-10-04,card,ANON-0000-0000-0440,25.96,Americano,08:45:38.952,2024,10,Friday,8,Morning,Low
2024-10-04,card,ANON-0000-0000-0004,30.86,Americano with Milk,09:30:22.038,2024,10,Friday,9,Morning,Medium
2024-10-04,card,ANON-0000-0000-0003,25.96,Americano,09:31:27.071,2024,10,Friday,9,Morning,Low
2024-10-04,card,ANON-0000-0000-0650,25.96,Cortado,09:53:58.577,2024,10,Friday,9,Morning,Low
2024-10-04,card,ANON-0000-0000-0650,25.96,Cortado,09:55:04.557,2024,10,Friday,9,Morning,Low
2024-10-04,card,ANON-0000-0000-0713,35.76,Latte,17:35:14.809,2024,10,Friday,17,Evening,Medium
2024-10-04,card,ANON-0000-0000-0714,35.76,Hot Chocolate,17:42:22.181,2024,10,Friday,17,Evening,Medium
2024-10-04,card,ANON-0000-0000-0714,35.76,Cocoa,17:44:36.370,2024,10,Friday,17,Evening,Medium
2024-10-05,card,ANON-0000-0000-0141,25.96,Cortado,09:00:46.861,2024,10,Saturday,9,Morning,Low
2024-10-05,card,ANON-0000-0000-0141,25.96,Cortado,09:01:42.669,2024,10,Saturday,9,Morning,Low
2024-10-05,card,ANON-0000-0000-0715,35.76,Cocoa,09:35:44.903,2024,10,Saturday,9,Morning,Medium
2024-10-05,card,ANON-0000-0000-0206,35.76,Cappuccino,13:12:13.285,2024,10,Saturday,13,Afternoon,Medium
2024-10-05,card,ANON-0000-0000-0012,25.96,Americano,20:08:38.058,2024,10,Saturday,20,Evening,Low
2024-10-05,card,ANON-0000-0000-0012,25.96,Americano,20:09:33.647,2024,10,Saturday,20,Evening,Low
2024-10-06,card,ANON-0000-0000-0141,25.96,Cortado,08:22:56.721,2024,10,Sunday,8,Morning,Low
2024-10-06,card,ANON-0000-0000-0195,35.76,Cappuccino,10:05:43.642,2024,10,Sunday,10,Morning,Medium
2024-10-06,card,ANON-0000-0000-0195,25.96,Cortado,10:06:47.136,2024,10,Sunday,10,Morning,Low
2024-10-06,card,ANON-0000-0000-0716,35.76,Latte,11:55:28.846,2024,10,Sunday,11,Morning,Medium
2024-10-06,card,ANON-0000-0000-0665,35.76,Latte,12:09:03.852,2024,10,Sunday,12,Afternoon,Medium
2024-10-06,card,ANON-0000-0000-0665,35.76,Cappuccino,12:10:17.343,2024,10,Sunday,12,Afternoon,Medium
2024-10-06,card,ANON-0000-0000-0665,30.86,Americano with Milk,12:11:43.360,2024,10,Sunday,12,Afternoon,Medium
2024-10-06,card,ANON-0000-0000-0717,25.96,Americano,13:46:03.675,2024,10,Sunday,13,Afternoon,Low
2024-10-06,card,ANON-0000-0000-0717,35.76,Cappuccino,13:47:01.953,2024,10,Sunday,13,Afternoon,Medium
2024-10-06,card,ANON-0000-0000-0718,30.86,Americano with Milk,13:50:00.140,2024,10,Sunday,13,Afternoon,Medium
2024-10-06,card,ANON-0000-0000-0718,35.76,Latte,13:51:04.250,2024,10,Sunday,13,Afternoon,Medium
2024-10-06,card,ANON-0000-0000-0718,35.76,Cappuccino,13:51:56.283,2024,10,Sunday,13,Afternoon,Medium
2024-10-06,card,ANON-0000-0000-0719,35.76,Cappuccino,16:31:33.588,2024,10,Sunday,16,Afternoon,Medium
2024-10-06,card,ANON-0000-0000-0720,21.06,Espresso,16:35:45.625,2024,10,Sunday,16,Afternoon,Low
2024-10-06,card,ANON-0000-0000-0721,30.86,Americano with Milk,18:17:44.975,2024,10,Sunday,18,Evening,Medium
2024-10-06,card,ANON-0000-0000-0722,35.76,Hot Chocolate,18:35:16.468,2024,10,Sunday,18,Evening,Medium
2024-10-06,card,ANON-0000-0000-0723,35.76,Hot Chocolate,21:09:12.889,2024,10,Sunday,21,Evening,Medium
2024-10-06,card,ANON-0000-0000-0723,35.76,Hot Chocolate,21:10:00.476,2024,10,Sunday,21,Evening,Medium
2024-10-06,card,ANON-0000-0000-0636,35.76,Hot Chocolate,21:10:45.254,2024,10,Sunday,21,Evening,Medium
2024-10-06,card,ANON-0000-0000-0637,35.76,Latte,21:16:48.876,2024,10,Sunday,21,Evening,Medium
2024-10-07,card,ANON-0000-0000-0724,35.76,Latte,08:33:36.423,2024,10,Monday,8,Morning,Medium
2024-10-07,card,ANON-0000-0000-0385,35.76,Latte,08:49:36.477,2024,10,Monday,8,Morning,Medium
2024-10-07,card,ANON-0000-0000-0385,30.86,Americano with Milk,08:50:41.668,2024,10,Monday,8,Morning,Medium
2024-10-07,card,ANON-0000-0000-0725,35.76,Cocoa,09:05:28.091,2024,10,Monday,9,Morning,Medium
2024-10-07,card,ANON-0000-0000-0726,35.76,Latte,09:09:58.323,2024,10,Monday,9,Morning,Medium
2024-10-07,card,ANON-0000-0000-0727,30.86,Americano with Milk,12:17:56.717,2024,10,Monday,12,Afternoon,Medium
2024-10-07,card,ANON-0000-0000-0728,25.96,Americano,14:31:45.258,2024,10,Monday,14,Afternoon,Low
2024-10-07,card,ANON-0000-0000-0728,25.96,Americano,14:32:38.765,2024,10,Monday,14,Afternoon,Low
2024-10-07,card,ANON-0000-0000-0494,35.76,Latte,17:48:55.006,2024,10,Monday,17,Evening,Medium
2024-10-07,card,ANON-0000-0000-0636,35.76,Hot Chocolate,21:14:42.130,2024,10,Monday,21,Evening,Medium
2024-10-07,card,ANON-0000-0000-0636,35.76,Hot Chocolate,21:15:20.122,2024,10,Monday,21,Evening,Medium
2024-10-07,card,ANON-0000-0000-0598,35.76,Latte,21:40:48.515,2024,10,Monday,21,Evening,Medium
2024-10-08,card,ANON-0000-0000-0703,35.76,Latte,08:11:50.884,2024,10,Tuesday,8,Morning,Medium
2024-10-08,card,ANON-0000-0000-0276,30.86,Americano with Milk,09:05:14.027,2024,10,Tuesday,9,Morning,Medium
2024-10-08,card,ANON-0000-0000-0700,25.96,Americano,10:22:31.374,2024,10,Tuesday,10,Morning,Low
2024-10-08,card,ANON-0000-0000-0683,35.76,Latte,10:27:08.817,2024,10,Tuesday,10,Morning,Medium
2024-10-08,card,ANON-0000-0000-0726,35.76,Latte,11:30:10.253,2024,10,Tuesday,11,Morning,Medium
2024-10-08,card,ANON-0000-0000-0225,25.96,Americano,12:48:04.520,2024,10,Tuesday,12,Afternoon,Low
2024-10-08,card,ANON-0000-0000-0225,25.96,Americano,12:49:04.581,2024,10,Tuesday,12,Afternoon,Low
2024-10-08,card,ANON-0000-0000-0729,35.76,Latte,13:04:00.905,2024,10,Tuesday,13,Afternoon,Medium
2024-10-08,card,ANON-0000-0000-0729,35.76,Latte,13:04:59.444,2024,10,Tuesday,13,Afternoon,Medium
2024-10-08,card,ANON-0000-0000-0507,35.76,Latte,14:42:52.425,2024,10,Tuesday,14,Afternoon,Medium
2024-10-08,card,ANON-0000-0000-0475,35.76,Latte,15:13:41.150,2024,10,Tuesday,15,Afternoon,Medium
2024-10-08,card,ANON-0000-0000-0050,25.96,Americano,15:19:52.103,2024,10,Tuesday,15,Afternoon,Low
2024-10-08,card,ANON-0000-0000-0730,30.86,Americano with Milk,15:50:43.122,2024,10,Tuesday,15,Afternoon,Medium
2024-10-08,card,ANON-0000-0000-0731,35.76,Hot Chocolate,20:40:40.459,2024,10,Tuesday,20,Evening,Medium
2024-10-08,card,ANON-0000-0000-0731,35.76,Cappuccino,20:41:33.464,2024,10,Tuesday,20,Evening,Medium
2024-10-08,card,ANON-0000-0000-0732,35.76,Latte,20:51:08.722,2024,10,Tuesday,20,Evening,Medium
2024-10-08,card,ANON-0000-0000-0040,30.86,Americano with Milk,21:24:32.037,2024,10,Tuesday,21,Evening,Medium
2024-10-08,card,ANON-0000-0000-0040,30.86,Americano with Milk,21:25:32.000,2024,10,Tuesday,21,Evening,Medium
2024-10-09,card,ANON-0000-0000-0570,35.76,Latte,07:54:42.599,2024,10,Wednesday,7,Morning,Medium
2024-10-09,card,ANON-0000-0000-0276,30.86,Americano with Milk,08:25:57.509,2024,10,Wednesday,8,Morning,Medium
2024-10-09,card,ANON-0000-0000-0424,30.86,Americano with Milk,09:43:21.029,2024,10,Wednesday,9,Morning,Medium
2024-10-09,card,ANON-0000-0000-0494,35.76,Latte,09:59:39.971,2024,10,Wednesday,9,Morning,Medium
2024-10-09,card,ANON-0000-0000-0733,21.06,Espresso,10:37:56.926,2024,10,Wednesday,10,Morning,Low
2024-10-09,card,ANON-0000-0000-0734,25.96,Americano,11:18:02.138,2024,10,Wednesday,11,Morning,Low
2024-10-09,card,ANON-0000-0000-0726,35.76,Latte,13:03:08.514,2024,10,Wednesday,13,Afternoon,Medium
2024-10-09,card,ANON-0000-0000-0735,30.86,Americano with Milk,13:52:34.736,2024,10,Wednesday,13,Afternoon,Medium
2024-10-09,card,ANON-0000-0000-0658,35.76,Cappuccino,17:26:44.371,2024,10,Wednesday,17,Evening,Medium
2024-10-09,card,ANON-0000-0000-0658,25.96,Americano,17:27:48.880,2024,10,Wednesday,17,Evening,Low
2024-10-09,card,ANON-0000-0000-0736,21.06,Espresso,17:49:59.552,2024,10,Wednesday,17,Evening,Low
2024-10-09,card,ANON-0000-0000-0737,35.76,Cappuccino,20:49:12.500,2024,10,Wednesday,20,Evening,Medium
2024-10-10,card,ANON-0000-0000-0003,25.96,Americano,08:48:06.900,2024,10,Thursday,8,Morning,Low
2024-10-10,card,ANON-0000-0000-0276,30.86,Americano with Milk,09:23:20.118,2024,10,Thursday,9,Morning,Medium
2024-10-10,card,ANON-0000-0000-0738,35.76,Hot Chocolate,09:51:44.211,2024,10,Thursday,9,Morning,Medium
2024-10-10,card,ANON-0000-0000-0375,35.76,Latte,10:05:09.494,2024,10,Thursday,10,Morning,Medium
2024-10-10,card,ANON-0000-0000-0141,25.96,Cortado,10:42:43.045,2024,10,Thursday,10,Morning,Low
2024-10-10,card,ANON-0000-0000-0141,25.96,Cortado,10:43:30.026,2024,10,Thursday,10,Morning,Low
2024-10-10,card,ANON-0000-0000-0739,35.76,Latte,10:55:32.616,2024,10,Thursday,10,Morning,Medium
2024-10-10,card,ANON-0000-0000-0740,35.76,Latte,11:04:19.349,2024,10,Thursday,11,Morning,Medium
2024-10-10,card,ANON-0000-0000-0510,35.76,Cappuccino,15:05:42.898,2024,10,Thursday,15,Afternoon,Medium
2024-10-10,card,ANON-0000-0000-0741,35.76,Latte,17:40:44.384,2024,10,Thursday,17,Evening,Medium
2024-10-10,card,ANON-0000-0000-0742,25.96,Americano,18:18:32.711,2024,10,Thursday,18,Evening,Low
2024-10-10,card,ANON-0000-0000-0713,30.86,Americano with Milk,18:56:30.698,2024,10,Thursday,18,Evening,Medium
2024-10-10,card,ANON-0000-0000-0713,35.76,Latte,18:57:35.249,2024,10,Thursday,18,Evening,Medium
2024-10-10,card,ANON-0000-0000-0637,35.76,Hot Chocolate,22:33:16.976,2024,10,Thursday,22,Evening,Medium
2024-10-10,card,ANON-0000-0000-0637,35.76,Hot Chocolate,22:33:59.729,2024,10,Thursday,22,Evening,Medium
2024-10-11,card,ANON-0000-0000-0276,30.86,Americano with Milk,07:54:51.580,2024,10,Friday,7,Morning,Medium
2024-10-11,card,ANON-0000-0000-0703,35.76,Latte,08:00:50.938,2024,10,Friday,8,Morning,Medium
2024-10-11,card,ANON-0000-0000-0141,25.96,Cortado,08:12:20.254,2024,10,Friday,8,Morning,Low
2024-10-11,card,ANON-0000-0000-0570,35.76,Latte,08:28:18.876,2024,10,Friday,8,Morning,Medium
2024-10-11,card,ANON-0000-0000-0570,35.76,Cocoa,08:29:22.390,2024,10,Friday,8,Morning,Medium
2024-10-11,card,ANON-0000-0000-0725,35.76,Cocoa,08:55:43.787,2024,10,Friday,8,Morning,Medium
2024-10-11,card,ANON-0000-0000-0726,30.86,Americano with Milk,08:56:58.778,2024,10,Friday,8,Morning,Medium
2024-10-11,card,ANON-0000-0000-0743,35.76,Hot Chocolate,08:58:09.102,2024,10,Friday,8,Morning,Medium
2024-10-11,card,ANON-0000-0000-0744,30.86,Americano with Milk,09:31:42.338,2024,10,Friday,9,Morning,Medium
2024-10-11,card,ANON-0000-0000-0402,25.96,Cortado,09:38:46.927,2024,10,Friday,9,Morning,Low
2024-10-11,card,ANON-0000-0000-0375,25.96,Americano,10:00:40.375,2024,10,Friday,10,Morning,Low
2024-10-11,card,ANON-0000-0000-0375,25.96,Americano,10:01:54.873,2024,10,Friday,10,Morning,Low
2024-10-11,card,ANON-0000-0000-0242,30.86,Americano with Milk,10:30:35.971,2024,10,Friday,10,Morning,Medium
2024-10-11,card,ANON-0000-0000-0740,35.76,Latte,13:05:01.403,2024,10,Friday,13,Afternoon,Medium
2024-10-11,card,ANON-0000-0000-0012,25.96,Americano,13:29:02.457,2024,10,Friday,13,Afternoon,Low
2024-10-11,card,ANON-0000-0000-0012,25.96,Americano,13:30:09.021,2024,10,Friday,13,Afternoon,Low
2024-10-11,card,ANON-0000-0000-0745,35.76,Cocoa,14:33:40.535,2024,10,Friday,14,Afternoon,Medium
2024-10-11,card,ANON-0000-0000-0745,25.96,Americano,14:35:29.312,2024,10,Friday,14,Afternoon,Low
2024-10-11,card,ANON-0000-0000-0714,35.76,Cappuccino,14:50:08.761,2024,10,Friday,14,Afternoon,Medium
2024-10-11,card,ANON-0000-0000-0746,35.76,Latte,17:12:07.333,2024,10,Friday,17,Evening,Medium
2024-10-11,card,ANON-0000-0000-0746,35.76,Hot Chocolate,17:13:21.597,2024,10,Friday,17,Evening,Medium
2024-10-11,card,ANON-0000-0000-0747,35.76,Hot Chocolate,17:26:11.166,2024,10,Friday,17,Evening,Medium
2024-10-11,card,ANON-0000-0000-0690,35.76,Latte,21:48:37.720,2024,10,Friday,21,Evening,Medium
2024-10-11,card,ANON-0000-0000-0748,30.86,Americano with Milk,21:53:53.607,2024,10,Friday,21,Evening,Medium
2024-10-11,card,ANON-0000-0000-0749,35.76,Hot Chocolate,22:36:27.633,2024,10,Friday,22,Evening,Medium
2024-10-11,card,ANON-0000-0000-0749,35.76,Hot Chocolate,22:37:26.701,2024,10,Friday,22,Evening,Medium
2024-10-12,card,ANON-0000-0000-0141,25.96,Cortado,08:28:15.518,2024,10,Saturday,8,Morning,Low
2024-10-12,card,ANON-0000-0000-0650,25.96,Cortado,10:31:38.899,2024,10,Saturday,10,Morning,Low
2024-10-12,card,ANON-0000-0000-0650,25.96,Cortado,10:32:55.522,2024,10,Saturday,10,Morning,Low
2024-10-12,card,ANON-0000-0000-0507,35.76,Latte,11:52:15.499,2024,10,Saturday,11,Morning,Medium
2024-10-12,card,ANON-0000-0000-0750,30.86,Americano with Milk,11:53:41.093,2024,10,Saturday,11,Morning,Medium
2024-10-12,card,ANON-0000-0000-0751,35.76,Cappuccino,13:18:47.055,2024,10,Saturday,13,Afternoon,Medium
2024-10-12,card,ANON-0000-0000-0507,35.76,Latte,20:10:53.912,2024,10,Saturday,20,Evening,Medium
2024-10-13,card,ANON-0000-0000-0141,25.96,Cortado,09:54:55.187,2024,10,Sunday,9,Morning,Low
2024-10-13,card,ANON-0000-0000-0752,30.86,Americano with Milk,12:20:46.595,2024,10,Sunday,12,Afternoon,Medium
2024-10-13,card,ANON-0000-0000-0650,25.96,Cortado,13:32:29.520,2024,10,Sunday,13,Afternoon,Low
2024-10-13,card,ANON-0000-0000-0650,21.06,Espresso,13:33:29.385,2024,10,Sunday,13,Afternoon,Low
2024-10-13,card,ANON-0000-0000-0650,25.96,Cortado,13:34:25.907,2024,10,Sunday,13,Afternoon,Low
2024-10-13,card,ANON-0000-0000-0507,35.76,Latte,17:53:20.717,2024,10,Sunday,17,Evening,Medium
2024-10-13,card,ANON-0000-0000-0507,35.76,Latte,17:54:22.430,2024,10,Sunday,17,Evening,Medium
2024-10-13,card,ANON-0000-0000-0753,35.76,Cappuccino,18:22:58.819,2024,10,Sunday,18,Evening,Medium
2024-10-13,card,ANON-0000-0000-0257,35.76,Cappuccino,20:43:04.928,2024,10,Sunday,20,Evening,Medium
2024-10-14,card,ANON-0000-0000-0276,30.86,Americano with Milk,08:26:54.639,2024,10,Monday,8,Morning,Medium
2024-10-14,card,ANON-0000-0000-0754,35.76,Cocoa,09:49:54.551,2024,10,Monday,9,Morning,Medium
2024-10-14,card,ANON-0000-0000-0141,25.96,Cortado,10:27:51.106,2024,10,Monday,10,Morning,Low
2024-10-14,card,ANON-0000-0000-0440,35.76,Latte,10:38:06.758,2024,10,Monday,10,Morning,Medium
2024-10-14,card,ANON-0000-0000-0440,35.76,Latte,10:39:13.716,2024,10,Monday,10,Morning,Medium
2024-10-14,card,ANON-0000-0000-0755,35.76,Cappuccino,11:23:50.576,2024,10,Monday,11,Morning,Medium
2024-10-14,card,ANON-0000-0000-0225,25.96,Americano,11:25:37.299,2024,10,Monday,11,Morning,Low
2024-10-14,card,ANON-0000-0000-0225,25.96,Americano,11:26:45.245,2024,10,Monday,11,Morning,Low
2024-10-14,card,ANON-0000-0000-0756,35.76,Latte,14:36:07.136,2024,10,Monday,14,Afternoon,Medium
2024-10-14,card,ANON-0000-0000-0507,35.76,Latte,14:49:51.462,2024,10,Monday,14,Afternoon,Medium
2024-10-14,card,ANON-0000-0000-0757,25.96,Americano,16:37:47.466,2024,10,Monday,16,Afternoon,Low
2024-10-14,card,ANON-0000-0000-0758,35.76,Latte,18:19:19.191,2024,10,Monday,18,Evening,Medium
2024-10-14,card,ANON-0000-0000-0758,35.76,Cappuccino,18:20:20.584,2024,10,Monday,18,Evening,Medium
2024-10-14,card,ANON-0000-0000-0759,35.76,Latte,22:08:53.730,2024,10,Monday,22,Evening,Medium
2024-10-14,card,ANON-0000-0000-0760,35.76,Latte,22:10:23.672,2024,10,Monday,22,Evening,Medium
2024-10-14,card,ANON-0000-0000-0510,35.76,Latte,22:21:53.865,2024,10,Monday,22,Evening,Medium
2024-10-15,card,ANON-0000-0000-0141,25.96,Cortado,08:14:28.667,2024,10,Tuesday,8,Morning,Low
2024-10-15,card,ANON-0000-0000-0761,21.06,Espresso,08:34:17.867,2024,10,Tuesday,8,Morning,Low
2024-10-15,card,ANON-0000-0000-0762,35.76,Hot Chocolate,11:13:21.963,2024,10,Tuesday,11,Morning,Medium
2024-10-15,card,ANON-0000-0000-0736,35.76,Latte,11:15:20.622,2024,10,Tuesday,11,Morning,Medium
2024-10-15,card,ANON-0000-0000-0736,35.76,Hot Chocolate,11:16:27.469,2024,10,Tuesday,11,Morning,Medium
2024-10-15,card,ANON-0000-0000-0763,35.76,Latte,13:00:43.233,2024,10,Tuesday,13,Afternoon,Medium
2024-10-15,card,ANON-0000-0000-0764,30.86,Americano with Milk,13:15:44.836,2024,10,Tuesday,13,Afternoon,Medium
2024-10-15,card,ANON-0000-0000-0683,35.76,Latte,15:32:11.278,2024,10,Tuesday,15,Afternoon,Medium
2024-10-15,card,ANON-0000-0000-0765,25.96,Americano,15:54:16.513,2024,10,Tuesday,15,Afternoon,Low
2024-10-15,card,ANON-0000-0000-0765,21.06,Espresso,15:55:19.039,2024,10,Tuesday,15,Afternoon,Low
2024-10-15,card,ANON-0000-0000-0766,35.76,Hot Chocolate,17:04:11.335,2024,10,Tuesday,17,Evening,Medium
2024-10-15,card,ANON-0000-0000-0767,25.96,Americano,19:22:21.379,2024,10,Tuesday,19,Evening,Low
2024-10-15,card,ANON-0000-0000-0767,35.76,Cocoa,19:23:17.353,2024,10,Tuesday,19,Evening,Medium
2024-10-15,card,ANON-0000-0000-0507,35.76,Latte,20:11:14.884,2024,10,Tuesday,20,Evening,Medium
2024-10-15,card,ANON-0000-0000-0507,35.76,Latte,20:12:28.631,2024,10,Tuesday,20,Evening,Medium
2024-10-15,card,ANON-0000-0000-0040,35.76,Hot Chocolate,21:18:08.409,2024,10,Tuesday,21,Evening,Medium
2024-10-15,card,ANON-0000-0000-0040,35.76,Hot Chocolate,21:35:19.943,2024,10,Tuesday,21,Evening,Medium
2024-10-15,card,ANON-0000-0000-0690,35.76,Latte,22:15:19.653,2024,10,Tuesday,22,Evening,Medium
2024-10-16,card,ANON-0000-0000-0276,30.86,Americano with Milk,08:21:26.013,2024,10,Wednesday,8,Morning,Medium
2024-10-16,card,ANON-0000-0000-0696,35.76,Hot Chocolate,08:36:23.588,2024,10,Wednesday,8,Morning,Medium
2024-10-16,card,ANON-0000-0000-0570,35.76,Latte,09:25:51.175,2024,10,Wednesday,9,Morning,Medium
2024-10-16,card,ANON-0000-0000-0571,30.86,Americano with Milk,10:15:47.944,2024,10,Wednesday,10,Morning,Medium
2024-10-16,card,ANON-0000-0000-0571,30.86,Americano with Milk,10:16:53.739,2024,10,Wednesday,10,Morning,Medium
2024-10-16,card,ANON-0000-0000-0333,30.86,Americano with Milk,10:45:24.963,2024,10,Wednesday,10,Morning,Medium
2024-10-16,card,ANON-0000-0000-0768,25.96,Americano,11:49:44.633,2024,10,Wednesday,11,Morning,Low
2024-10-16,card,ANON-0000-0000-0769,30.86,Americano with Milk,12:29:44.254,2024,10,Wednesday,12,Afternoon,Medium
2024-10-16,card,ANON-0000-0000-0764,25.96,Americano,13:20:10.470,2024,10,Wednesday,13,Afternoon,Low
2024-10-16,card,ANON-0000-0000-0770,35.76,Latte,16:45:29.537,2024,10,Wednesday,16,Afternoon,Medium
2024-10-16,card,ANON-0000-0000-0510,30.86,Americano with Milk,17:43:20.657,2024,10,Wednesday,17,Evening,Medium
2024-10-16,card,ANON-0000-0000-0771,30.86,Americano with Milk,19:37:42.411,2024,10,Wednesday,19,Evening,Medium
2024-10-16,card,ANON-0000-0000-0771,30.86,Americano with Milk,19:38:36.648,2024,10,Wednesday,19,Evening,Medium
2024-10-16,card,ANON-0000-0000-0772,35.76,Hot Chocolate,21:20:28.533,2024,10,Wednesday,21,Evening,Medium
2024-10-17,card,ANON-0000-0000-0696,35.76,Latte,07:47:00.921,2024,10,Thursday,7,Morning,Medium
2024-10-17,card,ANON-0000-0000-0570,35.76,Latte,07:58:06.763,2024,10,Thursday,7,Morning,Medium
2024-10-17,card,ANON-0000-0000-0773,30.86,Americano with Milk,09:24:27.162,2024,10,Thursday,9,Morning,Medium
2024-10-17,card,ANON-0000-0000-0510,35.76,Latte,10:26:37.790,2024,10,Thursday,10,Morning,Medium
2024-10-17,card,ANON-0000-0000-0313,35.76,Hot Chocolate,10:44:54.232,2024,10,Thursday,10,Morning,Medium
2024-10-17,card,ANON-0000-0000-0774,30.86,Americano with Milk,11:59:26.853,2024,10,Thursday,11,Morning,Medium
2024-10-17,card,ANON-0000-0000-0775,35.76,Latte,13:57:24.895,2024,10,Thursday,13,Afternoon,Medium
2024-10-17,card,ANON-0000-0000-0776,25.96,Americano,14:34:42.598,2024,10,Thursday,14,Afternoon,Low
2024-10-17,card,ANON-0000-0000-0702,35.76,Hot Chocolate,16:37:12.586,2024,10,Thursday,16,Afternoon,Medium
2024-10-17,card,ANON-0000-0000-0702,35.76,Hot Chocolate,16:38:17.969,2024,10,Thursday,16,Afternoon,Medium
2024-10-17,card,ANON-0000-0000-0702,35.76,Latte,16:39:09.606,2024,10,Thursday,16,Afternoon,Medium
2024-10-17,card,ANON-0000-0000-0777,35.76,Hot Chocolate,16:48:35.857,2024,10,Thursday,16,Afternoon,Medium
2024-10-17,card,ANON-0000-0000-0777,35.76,Hot Chocolate,16:49:33.156,2024,10,Thursday,16,Afternoon,Medium
2024-10-17,card,ANON-0000-0000-0258,35.76,Cappuccino,17:08:27.751,2024,10,Thursday,17,Evening,Medium
2024-10-17,card,ANON-0000-0000-0258,35.76,Hot Chocolate,17:09:30.303,2024,10,Thursday,17,Evening,Medium
2024-10-17,card,ANON-0000-0000-0507,35.76,Latte,19:43:12.167,2024,10,Thursday,19,Evening,Medium
2024-10-17,card,ANON-0000-0000-0778,30.86,Americano with Milk,20:11:36.404,2024,10,Thursday,20,Evening,Medium
2024-10-17,card,ANON-0000-0000-0779,35.76,Latte,21:46:12.945,2024,10,Thursday,21,Evening,Medium
2024-10-17,card,ANON-0000-0000-0779,35.76,Latte,21:47:20.461,2024,10,Thursday,21,Evening,Medium
2024-10-17,card,ANON-0000-0000-0779,35.76,Latte,21:48:31.699,2024,10,Thursday,21,Evening,Medium
2024-10-17,card,ANON-0000-0000-0779,35.76,Hot Chocolate,21:49:54.619,2024,10,Thursday,21,Evening,Medium
2024-10-18,card,ANON-0000-0000-0012,35.76,Cocoa,08:41:59.489,2024,10,Friday,8,Morning,Medium
2024-10-18,card,ANON-0000-0000-0054,35.76,Cocoa,08:42:59.176,2024,10,Friday,8,Morning,Medium
2024-10-18,card,ANON-0000-0000-0003,35.76,Cocoa,09:32:41.501,2024,10,Friday,9,Morning,Medium
2024-10-18,card,ANON-0000-0000-0003,35.76,Cocoa,09:34:08.021,2024,10,Friday,9,Morning,Medium
2024-10-18,card,ANON-0000-0000-0780,35.76,Cappuccino,09:55:20.229,2024,10,Friday,9,Morning,Medium
2024-10-18,card,ANON-0000-0000-0780,35.76,Cappuccino,11:54:58.816,2024,10,Friday,11,Morning,Medium
2024-10-18,card,ANON-0000-0000-0781,35.76,Latte,14:51:04.117,2024,10,Friday,14,Afternoon,Medium
2024-10-18,card,ANON-0000-0000-0781,35.76,Cappuccino,14:52:15.325,2024,10,Friday,14,Afternoon,Medium
2024-10-18,card,ANON-0000-0000-0683,25.96,Americano,15:39:19.970,2024,10,Friday,15,Afternoon,Low
2024-10-18,card,ANON-0000-0000-0782,35.76,Latte,16:09:57.876,2024,10,Friday,16,Afternoon,Medium
2024-10-18,card,ANON-0000-0000-0783,35.76,Hot Chocolate,17:45:38.978,2024,10,Friday,17,Evening,Medium
2024-10-18,card,ANON-0000-0000-0012,35.76,Cocoa,21:14:40.243,2024,10,Friday,21,Evening,Medium
2024-10-18,card,ANON-0000-0000-0012,35.76,Cocoa,21:15:22.513,2024,10,Friday,21,Evening,Medium
2024-10-18,card,ANON-0000-0000-0784,30.86,Americano with Milk,21:52:23.408,2024,10,Friday,21,Evening,Medium
2024-10-18,card,ANON-0000-0000-0690,35.76,Latte,22:03:26.964,2024,10,Friday,22,Evening,Medium
2024-10-19,card,ANON-0000-0000-0785,30.86,Americano with Milk,08:34:13.654,2024,10,Saturday,8,Morning,Medium
2024-10-19,card,ANON-0000-0000-0019,35.76,Latte,13:22:06.088,2024,10,Saturday,13,Afternoon,Medium
2024-10-19,card,ANON-0000-0000-0355,35.76,Cappuccino,14:10:32.609,2024,10,Saturday,14,Afternoon,Medium
2024-10-19,card,ANON-0000-0000-0507,35.76,Hot Chocolate,15:56:55.218,2024,10,Saturday,15,Afternoon,Medium
2024-10-19,card,ANON-0000-0000-0507,35.76,Latte,15:59:24.076,2024,10,Saturday,15,Afternoon,Medium
2024-10-19,card,ANON-0000-0000-0494,35.76,Latte,16:02:45.831,2024,10,Saturday,16,Afternoon,Medium
2024-10-19,card,ANON-0000-0000-0696,35.76,Latte,16:17:42.515,2024,10,Saturday,16,Afternoon,Medium
2024-10-19,card,ANON-0000-0000-0690,35.76,Cocoa,21:46:45.517,2024,10,Saturday,21,Evening,Medium
2024-10-19,card,ANON-0000-0000-0786,35.76,Cappuccino,22:46:37.697,2024,10,Saturday,22,Evening,Medium
2024-10-20,card,ANON-0000-0000-0570,35.76,Latte,08:40:43.966,2024,10,Sunday,8,Morning,Medium
2024-10-20,card,ANON-0000-0000-0570,35.76,Cocoa,08:41:50.471,2024,10,Sunday,8,Morning,Medium
2024-10-20,card,ANON-0000-0000-0787,35.76,Latte,11:16:51.841,2024,10,Sunday,11,Morning,Medium
2024-10-20,card,ANON-0000-0000-0650,35.76,Hot Chocolate,14:28:46.044,2024,10,Sunday,14,Afternoon,Medium
2024-10-20,card,ANON-0000-0000-0650,25.96,Cortado,14:29:43.545,2024,10,Sunday,14,Afternoon,Low
2024-10-20,card,ANON-0000-0000-0455,30.86,Americano with Milk,15:52:45.055,2024,10,Sunday,15,Afternoon,Medium
2024-10-20,card,ANON-0000-0000-0788,35.76,Latte,16:45:09.783,2024,10,Sunday,16,Afternoon,Medium
2024-10-20,card,ANON-0000-0000-0788,35.76,Latte,16:46:04.815,2024,10,Sunday,16,Afternoon,Medium
2024-10-20,card,ANON-0000-0000-0507,35.76,Latte,17:27:05.827,2024,10,Sunday,17,Evening,Medium
2024-10-20,card,ANON-0000-0000-0012,35.76,Cocoa,18:34:16.387,2024,10,Sunday,18,Evening,Medium
2024-10-20,card,ANON-0000-0000-0012,35.76,Cocoa,18:35:08.162,2024,10,Sunday,18,Evening,Medium
2024-10-20,card,ANON-0000-0000-0789,35.76,Hot Chocolate,21:14:18.045,2024,10,Sunday,21,Evening,Medium
2024-10-20,card,ANON-0000-0000-0790,25.96,Cortado,21:15:17.780,2024,10,Sunday,21,Evening,Low
2024-10-20,card,ANON-0000-0000-0791,35.76,Cocoa,21:17:26.865,2024,10,Sunday,21,Evening,Medium
2024-10-20,card,ANON-0000-0000-0792,35.76,Latte,21:25:00.085,2024,10,Sunday,21,Evening,Medium
2024-10-20,card,ANON-0000-0000-0550,35.76,Cappuccino,22:17:29.041,2024,10,Sunday,22,Evening,Medium
2024-10-21,card,ANON-0000-0000-0696,35.76,Latte,07:48:43.087,2024,10,Monday,7,Morning,Medium
2024-10-21,card,ANON-0000-0000-0097,35.76,Latte,08:19:56.383,2024,10,Monday,8,Morning,Medium
2024-10-21,card,ANON-0000-0000-0385,30.86,Americano with Milk,09:04:54.434,2024,10,Monday,9,Morning,Medium
2024-10-21,card,ANON-0000-0000-0793,35.76,Latte,09:34:25.547,2024,10,Monday,9,Morning,Medium
2024-10-21,card,ANON-0000-0000-0700,25.96,Americano,10:25:09.344,2024,10,Monday,10,Morning,Low
2024-10-21,card,ANON-0000-0000-0141,25.96,Cortado,10:41:44.725,2024,10,Monday,10,Morning,Low
2024-10-21,card,ANON-0000-0000-0141,25.96,Cortado,10:42:35.555,2024,10,Monday,10,Morning,Low
2024-10-21,card,ANON-0000-0000-0274,21.06,Espresso,11:27:41.654,2024,10,Monday,11,Morning,Low
2024-10-21,card,ANON-0000-0000-0751,35.76,Cappuccino,12:40:24.294,2024,10,Monday,12,Afternoon,Medium
2024-10-21,card,ANON-0000-0000-0794,35.76,Latte,14:42:56.049,2024,10,Monday,14,Afternoon,Medium
2024-10-21,card,ANON-0000-0000-0726,35.76,Latte,14:43:58.047,2024,10,Monday,14,Afternoon,Medium
2024-10-21,card,ANON-0000-0000-0795,30.86,Americano with Milk,15:27:02.441,2024,10,Monday,15,Afternoon,Medium
2024-10-21,card,ANON-0000-0000-0796,25.96,Cortado,15:39:04.686,2024,10,Monday,15,Afternoon,Low
2024-10-21,card,ANON-0000-0000-0225,35.76,Cocoa,16:42:57.468,2024,10,Monday,16,Afternoon,Medium
2024-10-21,card,ANON-0000-0000-0797,35.76,Latte,16:55:22.549,2024,10,Monday,16,Afternoon,Medium
2024-10-21,card,ANON-0000-0000-0798,35.76,Hot Chocolate,19:21:13.352,2024,10,Monday,19,Evening,Medium
2024-10-21,card,ANON-0000-0000-0799,35.76,Latte,21:05:36.106,2024,10,Monday,21,Evening,Medium
2024-10-21,card,ANON-0000-0000-0789,35.76,Cocoa,22:30:44.450,2024,10,Monday,22,Evening,Medium
2024-10-21,card,ANON-0000-0000-0791,35.76,Hot Chocolate,22:31:33.966,2024,10,Monday,22,Evening,Medium
2024-10-22,card,ANON-0000-0000-0696,35.76,Latte,07:32:59.530,2024,10,Tuesday,7,Morning,Medium
2024-10-22,card,ANON-0000-0000-0696,35.76,Cappuccino,07:34:00.044,2024,10,Tuesday,7,Morning,Medium
2024-10-22,card,ANON-0000-0000-0276,30.86,Americano with Milk,08:25:32.220,2024,10,Tuesday,8,Morning,Medium
2024-10-22,card,ANON-0000-0000-0800,25.96,Cortado,09:17:50.407,2024,10,Tuesday,9,Morning,Low
2024-10-22,card,ANON-0000-0000-0402,21.06,Espresso,10:51:32.286,2024,10,Tuesday,10,Morning,Low
2024-10-22,card,ANON-0000-0000-0402,25.96,Cortado,10:52:17.101,2024,10,Tuesday,10,Morning,Low
2024-10-22,card,ANON-0000-0000-0801,25.96,Americano,18:07:02.574,2024,10,Tuesday,18,Evening,Low
2024-10-22,card,ANON-0000-0000-0507,35.76,Hot Chocolate,19:46:39.213,2024,10,Tuesday,19,Evening,Medium
2024-10-22,card,ANON-0000-0000-0507,35.76,Latte,19:47:50.466,2024,10,Tuesday,19,Evening,Medium
2024-10-23,card,ANON-0000-0000-0696,35.76,Latte,07:58:06.767,2024,10,Wednesday,7,Morning,Medium
2024-10-23,card,ANON-0000-0000-0276,30.86,Americano with Milk,08:45:14.798,2024,10,Wednesday,8,Morning,Medium
2024-10-23,card,ANON-0000-0000-0141,25.96,Cortado,10:24:57.789,2024,10,Wednesday,10,Morning,Low
2024-10-23,card,ANON-0000-0000-0802,30.86,Americano with Milk,12:31:05.425,2024,10,Wednesday,12,Afternoon,Medium
2024-10-23,card,ANON-0000-0000-0803,30.86,Americano with Milk,16:20:02.262,2024,10,Wednesday,16,Afternoon,Medium
2024-10-23,card,ANON-0000-0000-0803,30.86,Americano with Milk,16:21:09.035,2024,10,Wednesday,16,Afternoon,Medium
2024-10-23,card,ANON-0000-0000-0804,35.76,Cappuccino,16:42:30.220,2024,10,Wednesday,16,Afternoon,Medium
2024-10-23,card,ANON-0000-0000-0805,21.06,Espresso,17:02:46.329,2024,10,Wednesday,17,Evening,Low
2024-10-23,card,ANON-0000-0000-0040,35.76,Cocoa,18:58:58.511,2024,10,Wednesday,18,Evening,Medium
2024-10-23,card,ANON-0000-0000-0040,35.76,Cappuccino,19:00:43.029,2024,10,Wednesday,19,Evening,Medium
2024-10-23,card,ANON-0000-0000-0518,30.86,Americano with Milk,21:57:20.745,2024,10,Wednesday,21,Evening,Medium
2024-10-23,card,ANON-0000-0000-0806,35.76,Hot Chocolate,21:58:23.747,2024,10,Wednesday,21,Evening,Medium
2024-10-23,card,ANON-0000-0000-0807,35.76,Latte,22:23:38.310,2024,10,Wednesday,22,Evening,Medium
2024-10-24,card,ANON-0000-0000-0808,25.96,Americano,12:07:46.562,2024,10,Thursday,12,Afternoon,Low
2024-10-24,card,ANON-0000-0000-0809,35.76,Cappuccino,13:23:59.581,2024,10,Thursday,13,Afternoon,Medium
2024-10-24,card,ANON-0000-0000-0804,35.76,Cappuccino,14:09:46.711,2024,10,Thursday,14,Afternoon,Medium
2024-10-24,card,ANON-0000-0000-0810,35.76,Hot Chocolate,14:49:01.859,2024,10,Thursday,14,Afternoon,Medium
2024-10-24,card,ANON-0000-0000-0810,35.76,Latte,14:49:49.340,2024,10,Thursday,14,Afternoon,Medium
2024-10-24,card,ANON-0000-0000-0788,35.76,Latte,15:47:32.792,2024,10,Thursday,15,Afternoon,Medium
2024-10-24,card,ANON-0000-0000-0788,35.76,Latte,15:48:29.937,2024,10,Thursday,15,Afternoon,Medium
2024-10-24,card,ANON-0000-0000-0811,25.96,Americano,18:53:47.318,2024,10,Thursday,18,Evening,Low
2024-10-24,card,ANON-0000-0000-0811,25.96,Americano,18:55:07.574,2024,10,Thursday,18,Evening,Low
2024-10-24,card,ANON-0000-0000-0507,35.76,Latte,19:50:18.736,2024,10,Thursday,19,Evening,Medium
2024-10-24,card,ANON-0000-0000-0812,25.96,Americano,20:44:11.476,2024,10,Thursday,20,Evening,Low
2024-10-24,card,ANON-0000-0000-0813,35.76,Hot Chocolate,21:14:44.888,2024,10,Thursday,21,Evening,Medium
2024-10-24,card,ANON-0000-0000-0813,35.76,Hot Chocolate,21:15:29.126,2024,10,Thursday,21,Evening,Medium
2024-10-24,card,ANON-0000-0000-0637,35.76,Hot Chocolate,21:56:20.063,2024,10,Thursday,21,Evening,Medium
2024-10-24,card,ANON-0000-0000-0637,35.76,Cappuccino,21:57:10.028,2024,10,Thursday,21,Evening,Medium
2024-10-25,card,ANON-0000-0000-0696,35.76,Cappuccino,07:38:11.145,2024,10,Friday,7,Morning,Medium
2024-10-25,card,ANON-0000-0000-0402,21.06,Espresso,07:45:22.853,2024,10,Friday,7,Morning,Low
2024-10-25,card,ANON-0000-0000-0570,35.76,Cocoa,08:10:04.813,2024,10,Friday,8,Morning,Medium
2024-10-25,card,ANON-0000-0000-0570,35.76,Latte,08:10:54.567,2024,10,Friday,8,Morning,Medium
2024-10-25,card,ANON-0000-0000-0084,35.76,Cocoa,08:18:49.780,2024,10,Friday,8,Morning,Medium
2024-10-25,card,ANON-0000-0000-0683,25.96,Americano,10:03:28.304,2024,10,Friday,10,Morning,Low
2024-10-25,card,ANON-0000-0000-0683,25.96,Americano,10:05:21.012,2024,10,Friday,10,Morning,Low
2024-10-25,card,ANON-0000-0000-0276,30.86,Americano with Milk,10:51:01.298,2024,10,Friday,10,Morning,Medium
2024-10-25,card,ANON-0000-0000-0012,35.76,Cocoa,11:49:42.876,2024,10,Friday,11,Morning,Medium
2024-10-25,card,ANON-0000-0000-0012,35.76,Cocoa,11:50:30.398,2024,10,Friday,11,Morning,Medium
2024-10-25,card,ANON-0000-0000-0141,25.96,Cortado,12:06:50.176,2024,10,Friday,12,Afternoon,Low
2024-10-25,card,ANON-0000-0000-0814,35.76,Latte,12:40:37.466,2024,10,Friday,12,Afternoon,Medium
2024-10-25,card,ANON-0000-0000-0137,35.76,Cappuccino,14:23:16.568,2024,10,Friday,14,Afternoon,Medium
2024-10-25,card,ANON-0000-0000-0815,35.76,Hot Chocolate,22:19:23.959,2024,10,Friday,22,Evening,Medium
2024-10-25,card,ANON-0000-0000-0815,21.06,Espresso,22:22:31.745,2024,10,Friday,22,Evening,Low
2024-10-26,card,ANON-0000-0000-0682,35.76,Cappuccino,07:49:59.226,2024,10,Saturday,7,Morning,Medium
2024-10-26,card,ANON-0000-0000-0141,25.96,Cortado,08:41:44.502,2024,10,Saturday,8,Morning,Low
2024-10-26,card,ANON-0000-0000-0334,35.76,Cappuccino,08:52:59.556,2024,10,Saturday,8,Morning,Medium
2024-10-26,card,ANON-0000-0000-0816,25.96,Americano,10:24:38.301,2024,10,Saturday,10,Morning,Low
2024-10-26,card,ANON-0000-0000-0040,35.76,Cocoa,12:18:09.342,2024,10,Saturday,12,Afternoon,Medium
2024-10-26,card,ANON-0000-0000-0817,35.76,Latte,13:03:31.039,2024,10,Saturday,13,Afternoon,Medium
2024-10-26,card,ANON-0000-0000-0276,35.76,Latte,14:34:58.654,2024,10,Saturday,14,Afternoon,Medium
2024-10-26,card,ANON-0000-0000-0276,30.86,Americano with Milk,14:36:14.943,2024,10,Saturday,14,Afternoon,Medium
2024-10-26,card,ANON-0000-0000-0141,25.96,Cortado,15:05:22.072,2024,10,Saturday,15,Afternoon,Low
2024-10-26,card,ANON-0000-0000-0141,25.96,Cortado,15:06:19.074,2024,10,Saturday,15,Afternoon,Low
2024-10-26,card,ANON-0000-0000-0818,35.76,Latte,15:38:28.729,2024,10,Saturday,15,Afternoon,Medium
2024-10-26,card,ANON-0000-0000-0818,35.76,Latte,15:39:29.573,2024,10,Saturday,15,Afternoon,Medium
2024-10-26,card,ANON-0000-0000-0819,30.86,Americano with Milk,15:52:01.660,2024,10,Saturday,15,Afternoon,Medium
2024-10-26,card,ANON-0000-0000-0820,30.86,Americano with Milk,15:53:21.506,2024,10,Saturday,15,Afternoon,Medium
2024-10-26,card,ANON-0000-0000-0715,35.76,Cappuccino,19:19:21.305,2024,10,Saturday,19,Evening,Medium
2024-10-26,card,ANON-0000-0000-0821,30.86,Americano with Milk,20:34:46.718,2024,10,Saturday,20,Evening,Medium
2024-10-27,card,ANON-0000-0000-0347,30.86,Americano with Milk,11:01:56.902,2024,10,Sunday,11,Morning,Medium
2024-10-27,card,ANON-0000-0000-0276,35.76,Latte,12:53:25.989,2024,10,Sunday,12,Afternoon,Medium
2024-10-27,card,ANON-0000-0000-0276,30.86,Americano with Milk,12:54:27.511,2024,10,Sunday,12,Afternoon,Medium
2024-10-27,card,ANON-0000-0000-0822,35.76,Cappuccino,13:43:46.609,2024,10,Sunday,13,Afternoon,Medium
2024-10-27,card,ANON-0000-0000-0507,35.76,Latte,16:17:06.175,2024,10,Sunday,16,Afternoon,Medium
2024-10-28,card,ANON-0000-0000-0696,35.76,Cappuccino,07:46:28.187,2024,10,Monday,7,Morning,Medium
2024-10-28,card,ANON-0000-0000-0823,25.96,Americano,08:01:12.299,2024,10,Monday,8,Morning,Low
2024-10-28,card,ANON-0000-0000-0683,35.76,Latte,08:35:02.901,2024,10,Monday,8,Morning,Medium
2024-10-28,card,ANON-0000-0000-0242,30.86,Americano with Milk,09:15:42.781,2024,10,Monday,9,Morning,Medium
2024-10-28,card,ANON-0000-0000-0824,35.76,Latte,11:42:36.495,2024,10,Monday,11,Morning,Medium
2024-10-28,card,ANON-0000-0000-0824,35.76,Latte,11:43:43.322,2024,10,Monday,11,Morning,Medium
2024-10-28,card,ANON-0000-0000-0707,35.76,Hot Chocolate,12:01:36.054,2024,10,Monday,12,Afternoon,Medium
2024-10-28,card,ANON-0000-0000-0825,30.86,Americano with Milk,12:02:34.807,2024,10,Monday,12,Afternoon,Medium
2024-10-28,card,ANON-0000-0000-0826,35.76,Cappuccino,12:21:30.418,2024,10,Monday,12,Afternoon,Medium
2024-10-28,card,ANON-0000-0000-0819,30.86,Americano with Milk,14:10:54.611,2024,10,Monday,14,Afternoon,Medium
2024-10-28,card,ANON-0000-0000-0819,30.86,Americano with Milk,14:11:56.316,2024,10,Monday,14,Afternoon,Medium
2024-10-28,card,ANON-0000-0000-0827,30.86,Americano with Milk,14:30:59.561,2024,10,Monday,14,Afternoon,Medium
2024-10-28,card,ANON-0000-0000-0159,35.76,Latte,16:01:20.507,2024,10,Monday,16,Afternoon,Medium
2024-10-28,card,ANON-0000-0000-0828,35.76,Cocoa,17:55:18.119,2024,10,Monday,17,Evening,Medium
2024-10-28,card,ANON-0000-0000-0828,35.76,Cocoa,17:56:02.397,2024,10,Monday,17,Evening,Medium
2024-10-28,card,ANON-0000-0000-0257,35.76,Cappuccino,19:10:25.255,2024,10,Monday,19,Evening,Medium
2024-10-28,card,ANON-0000-0000-0329,30.86,Americano with Milk,21:20:03.622,2024,10,Monday,21,Evening,Medium
2024-10-28,card,ANON-0000-0000-0695,30.86,Americano with Milk,22:05:50.772,2024,10,Monday,22,Evening,Medium
2024-10-29,card,ANON-0000-0000-0804,35.76,Latte,08:40:52.355,2024,10,Tuesday,8,Morning,Medium
2024-10-29,card,ANON-0000-0000-0683,35.76,Latte,08:47:05.646,2024,10,Tuesday,8,Morning,Medium
2024-10-29,card,ANON-0000-0000-0570,35.76,Latte,09:31:57.680,2024,10,Tuesday,9,Morning,Medium
2024-10-29,card,ANON-0000-0000-0829,30.86,Americano with Milk,11:59:46.680,2024,10,Tuesday,11,Morning,Medium
2024-10-29,card,ANON-0000-0000-0830,21.06,Espresso,12:21:36.806,2024,10,Tuesday,12,Afternoon,Low
2024-10-29,card,ANON-0000-0000-0831,25.96,Cortado,14:15:43.838,2024,10,Tuesday,14,Afternoon,Low
2024-10-29,card,ANON-0000-0000-0831,25.96,Cortado,14:17:00.697,2024,10,Tuesday,14,Afternoon,Low
2024-10-29,card,ANON-0000-0000-0832,35.76,Cappuccino,14:37:35.961,2024,10,Tuesday,14,Afternoon,Medium
2024-10-29,card,ANON-0000-0000-0833,35.76,Hot Chocolate,16:09:33.742,2024,10,Tuesday,16,Afternoon,Medium
2024-10-29,card,ANON-0000-0000-0834,35.76,Cocoa,16:10:56.815,2024,10,Tuesday,16,Afternoon,Medium
2024-10-29,card,ANON-0000-0000-0225,35.76,Cocoa,16:17:33.443,2024,10,Tuesday,16,Afternoon,Medium
2024-10-29,card,ANON-0000-0000-0835,30.86,Americano with Milk,18:02:04.368,2024,10,Tuesday,18,Evening,Medium
2024-10-29,card,ANON-0000-0000-0835,30.86,Americano with Milk,18:02:57.432,2024,10,Tuesday,18,Evening,Medium
2024-10-29,card,ANON-0000-0000-0836,30.86,Americano with Milk,19:02:05.362,2024,10,Tuesday,19,Evening,Medium
2024-10-29,card,ANON-0000-0000-0206,35.76,Cappuccino,19:05:44.436,2024,10,Tuesday,19,Evening,Medium
2024-10-29,card,ANON-0000-0000-0507,35.76,Hot Chocolate,19:51:12.926,2024,10,Tuesday,19,Evening,Medium
2024-10-29,card,ANON-0000-0000-0507,35.76,Latte,19:54:02.389,2024,10,Tuesday,19,Evening,Medium
2024-10-29,card,ANON-0000-0000-0799,35.76,Latte,20:07:35.659,2024,10,Tuesday,20,Evening,Medium
2024-10-30,card,ANON-0000-0000-0703,35.76,Latte,07:52:05.489,2024,10,Wednesday,7,Morning,Medium
2024-10-30,card,ANON-0000-0000-0571,30.86,Americano with Milk,08:46:26.777,2024,10,Wednesday,8,Morning,Medium
2024-10-30,card,ANON-0000-0000-0571,30.86,Americano with Milk,08:47:29.281,2024,10,Wednesday,8,Morning,Medium
2024-10-30,card,ANON-0000-0000-0837,35.76,Latte,09:11:29.359,2024,10,Wednesday,9,Morning,Medium
2024-10-30,card,ANON-0000-0000-0838,35.76,Latte,10:31:53.151,2024,10,Wednesday,10,Morning,Medium
2024-10-30,card,ANON-0000-0000-0838,35.76,Latte,10:33:07.699,2024,10,Wednesday,10,Morning,Medium
2024-10-30,card,ANON-0000-0000-0375,35.76,Latte,12:08:45.933,2024,10,Wednesday,12,Afternoon,Medium
2024-10-30,card,ANON-0000-0000-0375,25.96,Americano,12:09:46.789,2024,10,Wednesday,12,Afternoon,Low
2024-10-30,card,ANON-0000-0000-0734,30.86,Americano with Milk,12:10:58.391,2024,10,Wednesday,12,Afternoon,Medium
2024-10-30,card,ANON-0000-0000-0839,25.96,Americano,12:37:00.765,2024,10,Wednesday,12,Afternoon,Low
2024-10-30,card,ANON-0000-0000-0507,35.76,Latte,15:05:15.193,2024,10,Wednesday,15,Afternoon,Medium
2024-10-30,card,ANON-0000-0000-0507,35.76,Latte,15:07:03.043,2024,10,Wednesday,15,Afternoon,Medium
2024-10-30,card,ANON-0000-0000-0840,30.86,Americano with Milk,16:04:48.375,2024,10,Wednesday,16,Afternoon,Medium
2024-10-30,card,ANON-0000-0000-0841,35.76,Hot Chocolate,18:08:12.493,2024,10,Wednesday,18,Evening,Medium
2024-10-30,card,ANON-0000-0000-0819,30.86,Americano with Milk,19:18:31.485,2024,10,Wednesday,19,Evening,Medium
2024-10-30,card,ANON-0000-0000-0842,30.86,Americano with Milk,19:43:21.190,2024,10,Wednesday,19,Evening,Medium
2024-10-31,card,ANON-0000-0000-0703,35.76,Latte,07:54:17.331,2024,10,Thursday,7,Morning,Medium
2024-10-31,card,ANON-0000-0000-0683,35.76,Latte,08:38:53.898,2024,10,Thursday,8,Morning,Medium
2024-10-31,card,ANON-0000-0000-0276,30.86,Americano with Milk,09:18:19.100,2024,10,Thursday,9,Morning,Medium
2024-10-31,card,ANON-0000-0000-0843,35.76,Latte,15:59:26.688,2024,10,Thursday,15,Afternoon,Medium
2024-10-31,card,ANON-0000-0000-0844,30.86,Americano with Milk,16:00:30.983,2024,10,Thursday,16,Afternoon,Medium
2024-11-01,card,ANON-0000-0000-0842,35.76,Cocoa,08:24:03.401,2024,11,Friday,8,Morning,Medium
2024-11-01,card,ANON-0000-0000-0304,25.96,Americano,08:30:57.642,2024,11,Friday,8,Morning,Low
2024-11-01,card,ANON-0000-0000-0612,35.76,Latte,10:54:50.375,2024,11,Friday,10,Morning,Medium
2024-11-01,card,ANON-0000-0000-0012,35.76,Cocoa,12:41:26.535,2024,11,Friday,12,Afternoon,Medium
2024-11-01,card,ANON-0000-0000-0012,35.76,Cocoa,12:42:18.438,2024,11,Friday,12,Afternoon,Medium
2024-11-01,card,ANON-0000-0000-0845,25.96,Cortado,15:55:42.424,2024,11,Friday,15,Afternoon,Low
2024-11-01,card,ANON-0000-0000-0695,30.86,Americano with Milk,22:41:55.896,2024,11,Friday,22,Evening,Medium
2024-11-02,card,ANON-0000-0000-0141,25.96,Cortado,08:19:44.324,2024,11,Saturday,8,Morning,Low
2024-11-02,card,ANON-0000-0000-0828,35.76,Cocoa,10:25:45.967,2024,11,Saturday,10,Morning,Medium
2024-11-02,card,ANON-0000-0000-0097,30.86,Americano with Milk,10:33:09.562,2024,11,Saturday,10,Morning,Medium
2024-11-02,card,ANON-0000-0000-0846,30.86,Americano with Milk,14:54:14.648,2024,11,Saturday,14,Afternoon,Medium
2024-11-02,card,ANON-0000-0000-0507,35.76,Hot Chocolate,16:24:15.855,2024,11,Saturday,16,Afternoon,Medium
2024-11-02,card,ANON-0000-0000-0507,35.76,Latte,16:25:57.012,2024,11,Saturday,16,Afternoon,Medium
2024-11-02,card,ANON-0000-0000-0847,35.76,Latte,16:37:05.005,2024,11,Saturday,16,Afternoon,Medium
2024-11-02,card,ANON-0000-0000-0620,30.86,Americano with Milk,18:18:27.180,2024,11,Saturday,18,Evening,Medium
2024-11-02,card,ANON-0000-0000-0848,25.96,Americano,18:58:23.522,2024,11,Saturday,18,Evening,Low
2024-11-03,card,ANON-0000-0000-0141,25.96,Cortado,08:23:00.362,2024,11,Sunday,8,Morning,Low
2024-11-03,card,ANON-0000-0000-0040,30.86,Americano with Milk,09:47:06.025,2024,11,Sunday,9,Morning,Medium
2024-11-03,card,ANON-0000-0000-0040,30.86,Americano with Milk,09:48:12.017,2024,11,Sunday,9,Morning,Medium
2024-11-03,card,ANON-0000-0000-0849,35.76,Latte,13:13:51.404,2024,11,Sunday,13,Afternoon,Medium
2024-11-03,card,ANON-0000-0000-0849,30.86,Americano with Milk,13:14:56.673,2024,11,Sunday,13,Afternoon,Medium
2024-11-03,card,ANON-0000-0000-0228,35.76,Cocoa,13:18:24.742,2024,11,Sunday,13,Afternoon,Medium
2024-11-03,card,ANON-0000-0000-0850,25.96,Americano,13:44:18.516,2024,11,Sunday,13,Afternoon,Low
2024-11-03,card,ANON-0000-0000-0851,30.86,Americano with Milk,13:59:01.077,2024,11,Sunday,13,Afternoon,Medium
2024-11-03,card,ANON-0000-0000-0622,35.76,Hot Chocolate,16:15:17.705,2024,11,Sunday,16,Afternoon,Medium
2024-11-03,card,ANON-0000-0000-0622,35.76,Hot Chocolate,16:16:43.547,2024,11,Sunday,16,Afternoon,Medium
2024-11-03,card,ANON-0000-0000-0852,25.96,Americano,16:20:37.116,2024,11,Sunday,16,Afternoon,Low
2024-11-03,card,ANON-0000-0000-0852,25.96,Americano,16:21:46.055,2024,11,Sunday,16,Afternoon,Low
2024-11-03,card,ANON-0000-0000-0225,35.76,Cocoa,20:26:14.631,2024,11,Sunday,20,Evening,Medium
2024-11-04,card,ANON-0000-0000-0696,35.76,Latte,07:43:36.879,2024,11,Monday,7,Morning,Medium
2024-11-04,card,ANON-0000-0000-0276,35.76,Latte,08:37:33.340,2024,11,Monday,8,Morning,Medium
2024-11-04,card,ANON-0000-0000-0276,30.86,Americano with Milk,08:38:58.864,2024,11,Monday,8,Morning,Medium
2024-11-04,card,ANON-0000-0000-0853,25.96,Americano,12:33:35.786,2024,11,Monday,12,Afternoon,Low
2024-11-04,card,ANON-0000-0000-0854,30.86,Americano with Milk,12:35:06.061,2024,11,Monday,12,Afternoon,Medium
2024-11-04,card,ANON-0000-0000-0012,35.76,Cocoa,14:44:38.053,2024,11,Monday,14,Afternoon,Medium
2024-11-04,card,ANON-0000-0000-0012,35.76,Cocoa,14:45:20.025,2024,11,Monday,14,Afternoon,Medium
2024-11-05,card,ANON-0000-0000-0696,35.76,Cocoa,07:49:31.614,2024,11,Tuesday,7,Morning,Medium
2024-11-05,card,ANON-0000-0000-0276,30.86,Americano with Milk,09:05:41.810,2024,11,Tuesday,9,Morning,Medium
2024-11-05,card,ANON-0000-0000-0731,35.76,Cappuccino,09:12:12.324,2024,11,Tuesday,9,Morning,Medium
2024-11-05,card,ANON-0000-0000-0731,30.86,Americano with Milk,09:13:40.356,2024,11,Tuesday,9,Morning,Medium
2024-11-05,card,ANON-0000-0000-0012,30.86,Americano with Milk,10:41:44.251,2024,11,Tuesday,10,Morning,Medium
2024-11-05,card,ANON-0000-0000-0855,35.76,Cocoa,11:47:29.859,2024,11,Tuesday,11,Morning,Medium
2024-11-05,card,ANON-0000-0000-0856,35.76,Latte,11:48:22.484,2024,11,Tuesday,11,Morning,Medium
2024-11-05,card,ANON-0000-0000-0857,35.76,Latte,14:36:37.856,2024,11,Tuesday,14,Afternoon,Medium
2024-11-05,card,ANON-0000-0000-0858,35.76,Latte,14:41:48.048,2024,11,Tuesday,14,Afternoon,Medium
2024-11-05,card,ANON-0000-0000-0455,35.76,Cappuccino,18:52:56.274,2024,11,Tuesday,18,Evening,Medium
2024-11-05,card,ANON-0000-0000-0455,35.76,Cappuccino,18:54:10.727,2024,11,Tuesday,18,Evening,Medium
2024-11-05,card,ANON-0000-0000-0455,35.76,Cappuccino,18:55:18.626,2024,11,Tuesday,18,Evening,Medium
2024-11-05,card,ANON-0000-0000-0859,35.76,Cocoa,21:40:44.746,2024,11,Tuesday,21,Evening,Medium
2024-11-05,card,ANON-0000-0000-0859,35.76,Cocoa,21:42:02.751,2024,11,Tuesday,21,Evening,Medium
2024-11-05,card,ANON-0000-0000-0722,35.76,Hot Chocolate,21:54:19.647,2024,11,Tuesday,21,Evening,Medium
2024-11-05,card,ANON-0000-0000-0637,35.76,Hot Chocolate,22:05:50.601,2024,11,Tuesday,22,Evening,Medium
2024-11-05,card,ANON-0000-0000-0637,30.86,Americano with Milk,22:06:38.973,2024,11,Tuesday,22,Evening,Medium
2024-11-06,card,ANON-0000-0000-0570,35.76,Latte,08:11:25.120,2024,11,Wednesday,8,Morning,Medium
2024-11-06,card,ANON-0000-0000-0860,21.06,Espresso,11:45:31.173,2024,11,Wednesday,11,Morning,Low
2024-11-06,card,ANON-0000-0000-0742,25.96,Americano,13:15:32.862,2024,11,Wednesday,13,Afternoon,Low
2024-11-06,card,ANON-0000-0000-0622,35.76,Cappuccino,15:44:16.495,2024,11,Wednesday,15,Afternoon,Medium
2024-11-06,card,ANON-0000-0000-0861,35.76,Latte,16:00:43.813,2024,11,Wednesday,16,Afternoon,Medium
2024-11-06,card,ANON-0000-0000-0862,35.76,Cappuccino,16:02:05.113,2024,11,Wednesday,16,Afternoon,Medium
2024-11-06,card,ANON-0000-0000-0863,35.76,Hot Chocolate,18:40:42.855,2024,11,Wednesday,18,Evening,Medium
2024-11-06,card,ANON-0000-0000-0863,35.76,Hot Chocolate,18:41:30.653,2024,11,Wednesday,18,Evening,Medium
2024-11-07,card,ANON-0000-0000-0864,35.76,Latte,12:17:15.993,2024,11,Thursday,12,Afternoon,Medium
2024-11-07,card,ANON-0000-0000-0865,25.96,Americano,15:50:10.558,2024,11,Thursday,15,Afternoon,Low
2024-11-07,card,ANON-0000-0000-0866,25.96,Americano,16:39:39.407,2024,11,Thursday,16,Afternoon,Low
2024-11-07,card,ANON-0000-0000-0828,35.76,Cocoa,18:17:33.734,2024,11,Thursday,18,Evening,Medium
2024-11-07,card,ANON-0000-0000-0867,35.76,Hot Chocolate,19:20:14.752,2024,11,Thursday,19,Evening,Medium
2024-11-07,card,ANON-0000-0000-0867,35.76,Latte,19:21:38.023,2024,11,Thursday,19,Evening,Medium
2024-11-07,card,ANON-0000-0000-0507,35.76,Latte,20:02:30.672,2024,11,Thursday,20,Evening,Medium
2024-11-08,card,ANON-0000-0000-0276,30.86,Americano with Milk,09:05:42.114,2024,11,Friday,9,Morning,Medium
2024-11-08,card,ANON-0000-0000-0375,25.96,Americano,09:47:30.900,2024,11,Friday,9,Morning,Low
2024-11-08,card,ANON-0000-0000-0375,25.96,Americano,09:48:59.733,2024,11,Friday,9,Morning,Low
2024-11-08,card,ANON-0000-0000-0494,35.76,Cappuccino,11:47:11.390,2024,11,Friday,11,Morning,Medium
2024-11-08,card,ANON-0000-0000-0868,35.76,Latte,13:25:13.447,2024,11,Friday,13,Afternoon,Medium
2024-11-08,card,ANON-0000-0000-0868,35.76,Latte,13:26:17.612,2024,11,Friday,13,Afternoon,Medium
2024-11-08,card,ANON-0000-0000-0869,30.86,Americano with Milk,16:33:02.884,2024,11,Friday,16,Afternoon,Medium
2024-11-08,card,ANON-0000-0000-0870,30.86,Americano with Milk,16:55:28.043,2024,11,Friday,16,Afternoon,Medium
2024-11-08,card,ANON-0000-0000-0871,35.76,Hot Chocolate,20:13:32.167,2024,11,Friday,20,Evening,Medium
2024-11-08,card,ANON-0000-0000-0872,35.76,Hot Chocolate,20:14:24.290,2024,11,Friday,20,Evening,Medium
2024-11-08,card,ANON-0000-0000-0872,35.76,Hot Chocolate,20:15:20.000,2024,11,Friday,20,Evening,Medium
2024-11-08,card,ANON-0000-0000-0690,35.76,Latte,22:27:09.667,2024,11,Friday,22,Evening,Medium
2024-11-09,card,ANON-0000-0000-0276,30.86,Americano with Milk,10:08:18.836,2024,11,Saturday,10,Morning,Medium
2024-11-09,card,ANON-0000-0000-0141,25.96,Cortado,11:02:08.001,2024,11,Saturday,11,Morning,Low
2024-11-09,card,ANON-0000-0000-0141,25.96,Cortado,11:03:00.584,2024,11,Saturday,11,Morning,Low
2024-11-09,card,ANON-0000-0000-0873,35.76,Latte,11:08:44.219,2024,11,Saturday,11,Morning,Medium
2024-11-09,card,ANON-0000-0000-0871,35.76,Hot Chocolate,13:50:14.679,2024,11,Saturday,13,Afternoon,Medium
2024-11-09,card,ANON-0000-0000-0871,35.76,Hot Chocolate,13:50:55.154,2024,11,Saturday,13,Afternoon,Medium
2024-11-09,card,ANON-0000-0000-0874,35.76,Hot Chocolate,14:21:51.604,2024,11,Saturday,14,Afternoon,Medium
2024-11-09,card,ANON-0000-0000-0874,35.76,Hot Chocolate,14:22:50.440,2024,11,Saturday,14,Afternoon,Medium
2024-11-09,card,ANON-0000-0000-0875,25.96,Americano,14:37:33.151,2024,11,Saturday,14,Afternoon,Low
2024-11-09,card,ANON-0000-0000-0276,30.86,Americano with Milk,15:29:50.944,2024,11,Saturday,15,Afternoon,Medium
2024-11-09,card,ANON-0000-0000-0570,35.76,Latte,16:15:47.842,2024,11,Saturday,16,Afternoon,Medium
2024-11-09,card,ANON-0000-0000-0570,35.76,Cocoa,16:16:52.424,2024,11,Saturday,16,Afternoon,Medium
2024-11-09,card,ANON-0000-0000-0876,25.96,Americano,20:42:04.523,2024,11,Saturday,20,Evening,Low
2024-11-09,card,ANON-0000-0000-0876,35.76,Latte,20:43:27.537,2024,11,Saturday,20,Evening,Medium
2024-11-09,card,ANON-0000-0000-0877,35.76,Cocoa,22:13:27.653,2024,11,Saturday,22,Evening,Medium
2024-11-09,card,ANON-0000-0000-0878,25.96,Americano,22:52:58.089,2024,11,Saturday,22,Evening,Low
2024-11-09,card,ANON-0000-0000-0879,25.96,Americano,22:54:19.107,2024,11,Saturday,22,Evening,Low
2024-11-10,card,ANON-0000-0000-0880,25.96,Americano,09:46:21.800,2024,11,Sunday,9,Morning,Low
2024-11-10,card,ANON-0000-0000-0881,35.76,Cocoa,17:52:47.887,2024,11,Sunday,17,Evening,Medium
2024-11-10,card,ANON-0000-0000-0882,35.76,Hot Chocolate,18:12:53.359,2024,11,Sunday,18,Evening,Medium
2024-11-10,card,ANON-0000-0000-0883,35.76,Hot Chocolate,18:14:03.644,2024,11,Sunday,18,Evening,Medium
2024-11-10,card,ANON-0000-0000-0884,35.76,Cappuccino,20:38:08.127,2024,11,Sunday,20,Evening,Medium
2024-11-10,card,ANON-0000-0000-0884,35.76,Cappuccino,20:39:06.846,2024,11,Sunday,20,Evening,Medium
2024-11-11,card,ANON-0000-0000-0696,35.76,Cappuccino,07:48:26.804,2024,11,Monday,7,Morning,Medium
2024-11-11,card,ANON-0000-0000-0276,30.86,Americano with Milk,09:52:25.783,2024,11,Monday,9,Morning,Medium
2024-11-11,card,ANON-0000-0000-0141,25.96,Cortado,10:19:09.500,2024,11,Monday,10,Morning,Low
2024-11-11,card,ANON-0000-0000-0206,35.76,Cappuccino,16:18:44.000,2024,11,Monday,16,Afternoon,Medium
2024-11-11,card,ANON-0000-0000-0206,35.76,Hot Chocolate,16:19:52.667,2024,11,Monday,16,Afternoon,Medium
2024-11-11,card,ANON-0000-0000-0885,35.76,Cappuccino,17:33:32.053,2024,11,Monday,17,Evening,Medium
2024-11-11,card,ANON-0000-0000-0886,35.76,Latte,19:00:46.910,2024,11,Monday,19,Evening,Medium
2024-11-11,card,ANON-0000-0000-0887,35.76,Hot Chocolate,19:04:15.528,2024,11,Monday,19,Evening,Medium
2024-11-11,card,ANON-0000-0000-0888,35.76,Latte,21:08:31.681,2024,11,Monday,21,Evening,Medium
2024-11-11,card,ANON-0000-0000-0888,35.76,Latte,21:09:46.953,2024,11,Monday,21,Evening,Medium
2024-11-12,card,ANON-0000-0000-0889,35.76,Latte,10:03:08.572,2024,11,Tuesday,10,Morning,Medium
2024-11-12,card,ANON-0000-0000-0890,35.76,Latte,13:15:45.394,2024,11,Tuesday,13,Afternoon,Medium
2024-11-12,card,ANON-0000-0000-0691,35.76,Latte,14:39:14.888,2024,11,Tuesday,14,Afternoon,Medium
2024-11-12,card,ANON-0000-0000-0891,35.76,Hot Chocolate,16:47:14.364,2024,11,Tuesday,16,Afternoon,Medium
2024-11-12,card,ANON-0000-0000-0891,35.76,Hot Chocolate,16:48:04.898,2024,11,Tuesday,16,Afternoon,Medium
2024-11-12,card,ANON-0000-0000-0891,35.76,Cocoa,16:49:03.924,2024,11,Tuesday,16,Afternoon,Medium
2024-11-12,card,ANON-0000-0000-0696,35.76,Cappuccino,18:45:14.343,2024,11,Tuesday,18,Evening,Medium
2024-11-12,card,ANON-0000-0000-0892,35.76,Latte,20:07:57.816,2024,11,Tuesday,20,Evening,Medium
2024-11-12,card,ANON-0000-0000-0893,35.76,Cocoa,20:09:21.803,2024,11,Tuesday,20,Evening,Medium
2024-11-13,card,ANON-0000-0000-0894,30.86,Americano with Milk,08:09:10.852,2024,11,Wednesday,8,Morning,Medium
2024-11-13,card,ANON-0000-0000-0892,35.76,Latte,10:37:43.252,2024,11,Wednesday,10,Morning,Medium
2024-11-13,card,ANON-0000-0000-0895,30.86,Americano with Milk,13:19:54.570,2024,11,Wednesday,13,Afternoon,Medium
2024-11-13,card,ANON-0000-0000-0895,30.86,Americano with Milk,13:20:58.477,2024,11,Wednesday,13,Afternoon,Medium
2024-11-13,card,ANON-0000-0000-0896,30.86,Americano with Milk,14:17:30.240,2024,11,Wednesday,14,Afternoon,Medium
2024-11-13,card,ANON-0000-0000-0892,35.76,Latte,14:46:58.381,2024,11,Wednesday,14,Afternoon,Medium
2024-11-14,card,ANON-0000-0000-0892,35.76,Latte,09:36:27.778,2024,11,Thursday,9,Morning,Medium
2024-11-14,card,ANON-0000-0000-0897,25.96,Americano,10:06:42.680,2024,11,Thursday,10,Morning,Low
2024-11-14,card,ANON-0000-0000-0898,21.06,Espresso,12:48:50.479,2024,11,Thursday,12,Afternoon,Low
2024-11-14,card,ANON-0000-0000-0899,35.76,Cappuccino,15:03:45.413,2024,11,Thursday,15,Afternoon,Medium
2024-11-14,card,ANON-0000-0000-0900,35.76,Latte,15:04:56.749,2024,11,Thursday,15,Afternoon,Medium
2024-11-14,card,ANON-0000-0000-0900,35.76,Cappuccino,15:05:49.793,2024,11,Thursday,15,Afternoon,Medium
2024-11-14,card,ANON-0000-0000-0819,30.86,Americano with Milk,16:13:08.309,2024,11,Thursday,16,Afternoon,Medium
2024-11-14,card,ANON-0000-0000-0819,35.76,Cappuccino,16:14:21.556,2024,11,Thursday,16,Afternoon,Medium
2024-11-14,card,ANON-0000-0000-0507,35.76,Hot Chocolate,19:43:26.494,2024,11,Thursday,19,Evening,Medium
2024-11-14,card,ANON-0000-0000-0507,35.76,Hot Chocolate,19:46:37.139,2024,11,Thursday,19,Evening,Medium
2024-11-14,card,ANON-0000-0000-0877,35.76,Cocoa,20:31:30.027,2024,11,Thursday,20,Evening,Medium
2024-11-14,card,ANON-0000-0000-0877,35.76,Hot Chocolate,20:32:30.550,2024,11,Thursday,20,Evening,Medium
2024-11-14,card,ANON-0000-0000-0019,35.76,Latte,21:24:31.586,2024,11,Thursday,21,Evening,Medium
2024-11-14,card,ANON-0000-0000-0901,35.76,Latte,22:40:42.347,2024,11,Thursday,22,Evening,Medium
2024-11-15,card,ANON-0000-0000-0902,30.86,Americano with Milk,08:45:51.139,2024,11,Friday,8,Morning,Medium
2024-11-15,card,ANON-0000-0000-0769,30.86,Americano with Milk,11:05:53.035,2024,11,Friday,11,Morning,Medium
2024-11-15,card,ANON-0000-0000-0903,35.76,Cocoa,12:09:00.460,2024,11,Friday,12,Afternoon,Medium
2024-11-15,card,ANON-0000-0000-0904,35.76,Cocoa,12:14:18.551,2024,11,Friday,12,Afternoon,Medium
2024-11-15,card,ANON-0000-0000-0494,35.76,Latte,13:57:33.894,2024,11,Friday,13,Afternoon,Medium
2024-11-15,card,ANON-0000-0000-0905,25.96,Americano,15:19:50.632,2024,11,Friday,15,Afternoon,Low
2024-11-15,card,ANON-0000-0000-0851,30.86,Americano with Milk,17:35:41.053,2024,11,Friday,17,Evening,Medium
2024-11-15,card,ANON-0000-0000-0906,35.76,Latte,17:55:01.487,2024,11,Friday,17,Evening,Medium
2024-11-15,card,ANON-0000-0000-0907,35.76,Hot Chocolate,18:12:44.931,2024,11,Friday,18,Evening,Medium
2024-11-15,card,ANON-0000-0000-0287,30.86,Americano with Milk,18:42:21.930,2024,11,Friday,18,Evening,Medium
2024-11-15,card,ANON-0000-0000-0287,30.86,Americano with Milk,18:43:21.160,2024,11,Friday,18,Evening,Medium
2024-11-16,card,ANON-0000-0000-0141,25.96,Cortado,10:21:34.870,2024,11,Saturday,10,Morning,Low
2024-11-16,card,ANON-0000-0000-0908,25.96,Cortado,10:45:51.380,2024,11,Saturday,10,Morning,Low
2024-11-16,card,ANON-0000-0000-0909,35.76,Hot Chocolate,11:02:00.746,2024,11,Saturday,11,Morning,Medium
2024-11-16,card,ANON-0000-0000-0910,35.76,Latte,11:03:06.575,2024,11,Saturday,11,Morning,Medium
2024-11-16,card,ANON-0000-0000-0302,25.96,Americano,11:39:24.973,2024,11,Saturday,11,Morning,Low
2024-11-16,card,ANON-0000-0000-0911,35.76,Cappuccino,12:30:14.984,2024,11,Saturday,12,Afternoon,Medium
2024-11-16,card,ANON-0000-0000-0912,30.86,Americano with Milk,12:31:50.556,2024,11,Saturday,12,Afternoon,Medium
2024-11-16,card,ANON-0000-0000-0913,35.76,Latte,12:48:35.846,2024,11,Saturday,12,Afternoon,Medium
2024-11-16,card,ANON-0000-0000-0913,35.76,Latte,12:49:35.127,2024,11,Saturday,12,Afternoon,Medium
2024-11-16,card,ANON-0000-0000-0819,30.86,Americano with Milk,13:16:55.479,2024,11,Saturday,13,Afternoon,Medium
2024-11-16,card,ANON-0000-0000-0914,35.76,Latte,13:18:00.476,2024,11,Saturday,13,Afternoon,Medium
2024-11-16,card,ANON-0000-0000-0914,35.76,Latte,13:19:09.028,2024,11,Saturday,13,Afternoon,Medium
2024-11-16,card,ANON-0000-0000-0915,30.86,Americano with Milk,14:25:47.388,2024,11,Saturday,14,Afternoon,Medium
2024-11-17,card,ANON-0000-0000-0916,30.86,Americano with Milk,10:29:36.983,2024,11,Sunday,10,Morning,Medium
2024-11-17,card,ANON-0000-0000-0917,30.86,Americano with Milk,13:35:19.695,2024,11,Sunday,13,Afternoon,Medium
2024-11-17,card,ANON-0000-0000-0918,25.96,Americano,14:18:41.797,2024,11,Sunday,14,Afternoon,Low
2024-11-17,card,ANON-0000-0000-0919,30.86,Americano with Milk,14:33:40.247,2024,11,Sunday,14,Afternoon,Medium
2024-11-17,card,ANON-0000-0000-0920,35.76,Latte,16:27:26.184,2024,11,Sunday,16,Afternoon,Medium
2024-11-17,card,ANON-0000-0000-0920,35.76,Latte,16:28:35.779,2024,11,Sunday,16,Afternoon,Medium
2024-11-17,card,ANON-0000-0000-0921,35.76,Hot Chocolate,18:10:06.641,2024,11,Sunday,18,Evening,Medium
2024-11-17,card,ANON-0000-0000-0922,35.76,Hot Chocolate,19:17:34.289,2024,11,Sunday,19,Evening,Medium
2024-11-17,card,ANON-0000-0000-0922,35.76,Hot Chocolate,19:18:27.520,2024,11,Sunday,19,Evening,Medium
2024-11-18,card,ANON-0000-0000-0769,30.86,Americano with Milk,07:52:19.619,2024,11,Monday,7,Morning,Medium
2024-11-18,card,ANON-0000-0000-0923,30.86,Americano with Milk,07:53:16.351,2024,11,Monday,7,Morning,Medium
2024-11-18,card,ANON-0000-0000-0570,35.76,Latte,07:57:22.198,2024,11,Monday,7,Morning,Medium
2024-11-18,card,ANON-0000-0000-0924,35.76,Latte,16:44:49.074,2024,11,Monday,16,Afternoon,Medium
2024-11-18,card,ANON-0000-0000-0906,35.76,Latte,16:46:52.894,2024,11,Monday,16,Afternoon,Medium
2024-11-18,card,ANON-0000-0000-0925,35.76,Latte,18:50:54.137,2024,11,Monday,18,Evening,Medium
2024-11-19,card,ANON-0000-0000-0696,35.76,Cocoa,07:49:00.628,2024,11,Tuesday,7,Morning,Medium
2024-11-19,card,ANON-0000-0000-0923,30.86,Americano with Milk,07:51:13.678,2024,11,Tuesday,7,Morning,Medium
2024-11-19,card,ANON-0000-0000-0923,35.76,Latte,07:52:13.414,2024,11,Tuesday,7,Morning,Medium
2024-11-19,card,ANON-0000-0000-0926,21.06,Espresso,07:53:38.393,2024,11,Tuesday,7,Morning,Low
2024-11-19,card,ANON-0000-0000-0927,35.76,Latte,07:54:46.893,2024,11,Tuesday,7,Morning,Medium
2024-11-19,card,ANON-0000-0000-0276,30.86,Americano with Milk,10:29:23.369,2024,11,Tuesday,10,Morning,Medium
2024-11-19,card,ANON-0000-0000-0928,35.76,Latte,11:07:09.017,2024,11,Tuesday,11,Morning,Medium
2024-11-19,card,ANON-0000-0000-0012,35.76,Cocoa,16:22:40.481,2024,11,Tuesday,16,Afternoon,Medium
2024-11-19,card,ANON-0000-0000-0012,35.76,Cocoa,16:23:59.438,2024,11,Tuesday,16,Afternoon,Medium
2024-11-19,card,ANON-0000-0000-0206,35.76,Cappuccino,16:41:03.671,2024,11,Tuesday,16,Afternoon,Medium
2024-11-19,card,ANON-0000-0000-0929,35.76,Cappuccino,16:47:41.234,2024,11,Tuesday,16,Afternoon,Medium
2024-11-20,card,ANON-0000-0000-0930,30.86,Americano with Milk,13:29:38.737,2024,11,Wednesday,13,Afternoon,Medium
2024-11-20,card,ANON-0000-0000-0906,35.76,Latte,16:34:50.147,2024,11,Wednesday,16,Afternoon,Medium
2024-11-20,card,ANON-0000-0000-0931,35.76,Cappuccino,17:49:51.721,2024,11,Wednesday,17,Evening,Medium
2024-11-20,card,ANON-0000-0000-0931,35.76,Hot Chocolate,17:50:49.760,2024,11,Wednesday,17,Evening,Medium
2024-11-21,card,ANON-0000-0000-0141,25.96,Cortado,11:06:11.028,2024,11,Thursday,11,Morning,Low
2024-11-21,card,ANON-0000-0000-0906,35.76,Latte,12:33:36.082,2024,11,Thursday,12,Afternoon,Medium
2024-11-21,card,ANON-0000-0000-0903,35.76,Cocoa,12:59:45.342,2024,11,Thursday,12,Afternoon,Medium
2024-11-21,card,ANON-0000-0000-0932,35.76,Cocoa,13:00:47.390,2024,11,Thursday,13,Afternoon,Medium
2024-11-21,card,ANON-0000-0000-0906,35.76,Latte,16:14:13.567,2024,11,Thursday,16,Afternoon,Medium
2024-11-21,card,ANON-0000-0000-0933,30.86,Americano with Milk,17:35:27.351,2024,11,Thursday,17,Evening,Medium
2024-11-21,card,ANON-0000-0000-0934,25.96,Cortado,17:39:22.972,2024,11,Thursday,17,Evening,Low
2024-11-21,card,ANON-0000-0000-0935,35.76,Hot Chocolate,19:01:02.947,2024,11,Thursday,19,Evening,Medium
2024-11-22,card,ANON-0000-0000-0906,35.76,Latte,07:50:36.322,2024,11,Friday,7,Morning,Medium
2024-11-22,card,ANON-0000-0000-0696,35.76,Cappuccino,10:03:42.504,2024,11,Friday,10,Morning,Medium
2024-11-22,card,ANON-0000-0000-0936,35.76,Latte,11:02:32.401,2024,11,Friday,11,Morning,Medium
2024-11-22,card,ANON-0000-0000-0937,35.76,Cocoa,11:24:26.431,2024,11,Friday,11,Morning,Medium
2024-11-22,card,ANON-0000-0000-0938,35.76,Hot Chocolate,16:33:05.324,2024,11,Friday,16,Afternoon,Medium
2024-11-22,card,ANON-0000-0000-0938,35.76,Latte,16:33:49.898,2024,11,Friday,16,Afternoon,Medium
2024-11-23,card,ANON-0000-0000-0543,25.96,Cortado,09:10:46.265,2024,11,Saturday,9,Morning,Low
2024-11-23,card,ANON-0000-0000-0543,25.96,Cortado,09:11:48.979,2024,11,Saturday,9,Morning,Low
2024-11-23,card,ANON-0000-0000-0683,35.76,Latte,10:05:15.754,2024,11,Saturday,10,Morning,Medium
2024-11-23,card,ANON-0000-0000-0172,35.76,Cappuccino,11:02:59.642,2024,11,Saturday,11,Morning,Medium
2024-11-23,card,ANON-0000-0000-0939,25.96,Americano,11:09:28.024,2024,11,Saturday,11,Morning,Low
2024-11-23,card,ANON-0000-0000-0939,25.96,Americano,11:10:25.846,2024,11,Saturday,11,Morning,Low
2024-11-23,card,ANON-0000-0000-0494,35.76,Hot Chocolate,11:41:27.467,2024,11,Saturday,11,Morning,Medium
2024-11-23,card,ANON-0000-0000-0940,35.76,Latte,22:37:04.182,2024,11,Saturday,22,Evening,Medium
2024-11-24,card,ANON-0000-0000-0570,35.76,Latte,08:17:07.492,2024,11,Sunday,8,Morning,Medium
2024-11-25,card,ANON-0000-0000-0696,35.76,Cappuccino,07:49:17.954,2024,11,Monday,7,Morning,Medium
2024-11-25,card,ANON-0000-0000-0941,35.76,Latte,07:54:23.504,2024,11,Monday,7,Morning,Medium
2024-11-25,card,ANON-0000-0000-0276,30.86,Americano with Milk,09:12:20.988,2024,11,Monday,9,Morning,Medium
2024-11-25,card,ANON-0000-0000-0141,25.96,Cortado,10:38:08.041,2024,11,Monday,10,Morning,Low
2024-11-25,card,ANON-0000-0000-0942,35.76,Latte,12:50:58.199,2024,11,Monday,12,Afternoon,Medium
2024-11-25,card,ANON-0000-0000-0943,35.76,Latte,12:52:41.053,2024,11,Monday,12,Afternoon,Medium
2024-11-25,card,ANON-0000-0000-0871,35.76,Hot Chocolate,16:30:56.470,2024,11,Monday,16,Afternoon,Medium
2024-11-25,card,ANON-0000-0000-0944,30.86,Americano with Milk,19:01:59.097,2024,11,Monday,19,Evening,Medium
2024-11-25,card,ANON-0000-0000-0945,35.76,Hot Chocolate,19:37:58.489,2024,11,Monday,19,Evening,Medium
2024-11-25,card,ANON-0000-0000-0637,35.76,Hot Chocolate,21:42:15.215,2024,11,Monday,21,Evening,Medium
2024-11-25,card,ANON-0000-0000-0637,35.76,Cappuccino,21:43:00.450,2024,11,Monday,21,Evening,Medium
2024-11-26,card,ANON-0000-0000-0570,35.76,Latte,07:54:37.946,2024,11,Tuesday,7,Morning,Medium
2024-11-26,card,ANON-0000-0000-0903,35.76,Cocoa,11:02:56.269,2024,11,Tuesday,11,Morning,Medium
2024-11-26,card,ANON-0000-0000-0946,25.96,Americano,11:03:47.275,2024,11,Tuesday,11,Morning,Low
2024-11-26,card,ANON-0000-0000-0947,35.76,Cocoa,11:06:09.088,2024,11,Tuesday,11,Morning,Medium
2024-11-26,card,ANON-0000-0000-0947,35.76,Cocoa,11:07:09.966,2024,11,Tuesday,11,Morning,Medium
2024-11-26,card,ANON-0000-0000-0948,35.76,Latte,16:03:54.304,2024,11,Tuesday,16,Afternoon,Medium
2024-11-26,card,ANON-0000-0000-0949,35.76,Latte,16:05:00.555,2024,11,Tuesday,16,Afternoon,Medium
2024-11-26,card,ANON-0000-0000-0950,25.96,Americano,17:11:37.726,2024,11,Tuesday,17,Evening,Low
2024-11-26,card,ANON-0000-0000-0950,30.86,Americano with Milk,17:12:34.437,2024,11,Tuesday,17,Evening,Medium
2024-11-26,card,ANON-0000-0000-0951,35.76,Cocoa,19:47:24.665,2024,11,Tuesday,19,Evening,Medium
2024-11-28,card,ANON-0000-0000-0952,35.76,Cappuccino,08:41:16.925,2024,11,Thursday,8,Morning,Medium
2024-11-28,card,ANON-0000-0000-0276,30.86,Americano with Milk,09:14:00.906,2024,11,Thursday,9,Morning,Medium
2024-11-28,card,ANON-0000-0000-0012,30.86,Americano with Milk,20:24:42.030,2024,11,Thursday,20,Evening,Medium
2024-11-28,card,ANON-0000-0000-0019,35.76,Latte,20:25:45.523,2024,11,Thursday,20,Evening,Medium
2024-11-28,card,ANON-0000-0000-0507,35.76,Latte,20:54:59.668,2024,11,Thursday,20,Evening,Medium
2024-11-28,card,ANON-0000-0000-0748,35.76,Cappuccino,22:00:15.694,2024,11,Thursday,22,Evening,Medium
2024-11-29,card,ANON-0000-0000-0696,35.76,Cocoa,07:53:15.838,2024,11,Friday,7,Morning,Medium
2024-11-29,card,ANON-0000-0000-0570,35.76,Latte,07:57:42.151,2024,11,Friday,7,Morning,Medium
2024-11-29,card,ANON-0000-0000-0385,30.86,Americano with Milk,09:07:31.505,2024,11,Friday,9,Morning,Medium
2024-11-29,card,ANON-0000-0000-0385,30.86,Americano with Milk,09:08:30.245,2024,11,Friday,9,Morning,Medium
2024-11-29,card,ANON-0000-0000-0953,30.86,Americano with Milk,15:18:06.860,2024,11,Friday,15,Afternoon,Medium
2024-11-29,card,ANON-0000-0000-0954,35.76,Latte,15:19:20.348,2024,11,Friday,15,Afternoon,Medium
2024-11-29,card,ANON-0000-0000-0955,35.76,Cocoa,20:57:54.667,2024,11,Friday,20,Evening,Medium
2024-11-30,card,ANON-0000-0000-0570,35.76,Cocoa,12:58:12.142,2024,11,Saturday,12,Afternoon,Medium
2024-11-30,card,ANON-0000-0000-0956,25.96,Americano,14:04:55.814,2024,11,Saturday,14,Afternoon,Low
2024-11-30,card,ANON-0000-0000-0956,35.76,Hot Chocolate,14:05:58.078,2024,11,Saturday,14,Afternoon,Medium
2024-11-30,card,ANON-0000-0000-0494,35.76,Cocoa,14:16:52.019,2024,11,Saturday,14,Afternoon,Medium
2024-11-30,card,ANON-0000-0000-0097,30.86,Americano with Milk,15:33:44.296,2024,11,Saturday,15,Afternoon,Medium
2024-11-30,card,ANON-0000-0000-0957,30.86,Americano with Milk,22:03:48.484,2024,11,Saturday,22,Evening,Medium
2024-12-01,card,ANON-0000-0000-0040,30.86,Americano with Milk,10:15:31.697,2024,12,Sunday,10,Morning,Medium
2024-12-01,card,ANON-0000-0000-0040,30.86,Americano with Milk,10:16:31.924,2024,12,Sunday,10,Morning,Medium
2024-12-01,card,ANON-0000-0000-0385,30.86,Americano with Milk,10:22:46.588,2024,12,Sunday,10,Morning,Medium
2024-12-01,card,ANON-0000-0000-0958,30.86,Americano with Milk,14:34:22.870,2024,12,Sunday,14,Afternoon,Medium
2024-12-01,card,ANON-0000-0000-0959,35.76,Cocoa,15:09:12.653,2024,12,Sunday,15,Afternoon,Medium
2024-12-01,card,ANON-0000-0000-0959,35.76,Cocoa,15:09:56.961,2024,12,Sunday,15,Afternoon,Medium
2024-12-01,card,ANON-0000-0000-0960,35.76,Cappuccino,15:43:02.293,2024,12,Sunday,15,Afternoon,Medium
2024-12-01,card,ANON-0000-0000-0961,35.76,Latte,15:56:31.215,2024,12,Sunday,15,Afternoon,Medium
2024-12-01,card,ANON-0000-0000-0962,35.76,Latte,15:57:49.366,2024,12,Sunday,15,Afternoon,Medium
2024-12-01,card,ANON-0000-0000-0963,35.76,Latte,16:32:59.481,2024,12,Sunday,16,Afternoon,Medium
2024-12-01,card,ANON-0000-0000-0964,35.76,Latte,16:34:30.047,2024,12,Sunday,16,Afternoon,Medium
2024-12-01,card,ANON-0000-0000-0965,30.86,Americano with Milk,17:10:23.576,2024,12,Sunday,17,Evening,Medium
2024-12-01,card,ANON-0000-0000-0965,30.86,Americano with Milk,17:11:32.019,2024,12,Sunday,17,Evening,Medium
2024-12-01,card,ANON-0000-0000-0966,30.86,Americano with Milk,18:38:28.685,2024,12,Sunday,18,Evening,Medium
2024-12-02,card,ANON-0000-0000-0696,35.76,Latte,07:50:36.572,2024,12,Monday,7,Morning,Medium
2024-12-02,card,ANON-0000-0000-0967,25.96,Americano,07:51:59.373,2024,12,Monday,7,Morning,Low
2024-12-02,card,ANON-0000-0000-0276,30.86,Americano with Milk,08:21:29.576,2024,12,Monday,8,Morning,Medium
2024-12-02,card,ANON-0000-0000-0968,35.76,Cocoa,08:53:14.454,2024,12,Monday,8,Morning,Medium
2024-12-02,card,ANON-0000-0000-0141,25.96,Cortado,11:04:25.197,2024,12,Monday,11,Morning,Low
2024-12-02,card,ANON-0000-0000-0969,21.06,Espresso,15:28:23.946,2024,12,Monday,15,Afternoon,Low
2024-12-02,card,ANON-0000-0000-0970,35.76,Cappuccino,16:12:23.920,2024,12,Monday,16,Afternoon,Medium
2024-12-02,card,ANON-0000-0000-0971,25.96,Americano,17:34:21.695,2024,12,Monday,17,Evening,Low
2024-12-02,card,ANON-0000-0000-0972,35.76,Cappuccino,18:00:32.300,2024,12,Monday,18,Evening,Medium
2024-12-03,card,ANON-0000-0000-0570,35.76,Latte,08:11:19.139,2024,12,Tuesday,8,Morning,Medium
2024-12-03,card,ANON-0000-0000-0276,30.86,Americano with Milk,09:23:30.556,2024,12,Tuesday,9,Morning,Medium
2024-12-03,card,ANON-0000-0000-0276,30.86,Americano with Milk,09:24:27.071,2024,12,Tuesday,9,Morning,Medium
2024-12-03,card,ANON-0000-0000-0973,25.96,Americano,11:17:58.416,2024,12,Tuesday,11,Morning,Low
2024-12-03,card,ANON-0000-0000-0974,30.86,Americano with Milk,11:42:07.580,2024,12,Tuesday,11,Morning,Medium
2024-12-03,card,ANON-0000-0000-0819,30.86,Americano with Milk,11:43:15.634,2024,12,Tuesday,11,Morning,Medium
2024-12-03,card,ANON-0000-0000-0819,30.86,Americano with Milk,11:45:54.433,2024,12,Tuesday,11,Morning,Medium
2024-12-03,card,ANON-0000-0000-0975,35.76,Cocoa,20:50:55.752,2024,12,Tuesday,20,Evening,Medium
2024-12-03,card,ANON-0000-0000-0685,35.76,Latte,21:33:16.867,2024,12,Tuesday,21,Evening,Medium
2024-12-03,card,ANON-0000-0000-0685,35.76,Cappuccino,21:34:13.125,2024,12,Tuesday,21,Evening,Medium
2024-12-03,card,ANON-0000-0000-0685,35.76,Hot Chocolate,21:35:18.853,2024,12,Tuesday,21,Evening,Medium
2024-12-03,card,ANON-0000-0000-0976,30.86,Americano with Milk,22:19:13.773,2024,12,Tuesday,22,Evening,Medium
2024-12-03,card,ANON-0000-0000-0206,35.76,Cappuccino,22:21:42.084,2024,12,Tuesday,22,Evening,Medium
2024-12-04,card,ANON-0000-0000-0141,25.96,Cortado,08:32:47.920,2024,12,Wednesday,8,Morning,Low
2024-12-04,card,ANON-0000-0000-0977,35.76,Latte,08:50:30.264,2024,12,Wednesday,8,Morning,Medium
2024-12-04,card,ANON-0000-0000-0978,35.76,Latte,08:52:15.008,2024,12,Wednesday,8,Morning,Medium
2024-12-04,card,ANON-0000-0000-0979,25.96,Americano,09:04:14.145,2024,12,Wednesday,9,Morning,Low
2024-12-04,card,ANON-0000-0000-0276,30.86,Americano with Milk,10:23:01.388,2024,12,Wednesday,10,Morning,Medium
2024-12-04,card,ANON-0000-0000-0276,30.86,Americano with Milk,10:24:07.990,2024,12,Wednesday,10,Morning,Medium
2024-12-04,card,ANON-0000-0000-0980,30.86,Americano with Milk,10:26:57.751,2024,12,Wednesday,10,Morning,Medium
2024-12-04,card,ANON-0000-0000-0783,35.76,Hot Chocolate,10:29:47.597,2024,12,Wednesday,10,Morning,Medium
2024-12-04,card,ANON-0000-0000-0981,30.86,Americano with Milk,11:45:57.723,2024,12,Wednesday,11,Morning,Medium
2024-12-04,card,ANON-0000-0000-0982,35.76,Hot Chocolate,14:33:54.707,2024,12,Wednesday,14,Afternoon,Medium
2024-12-05,card,ANON-0000-0000-0983,25.96,Americano,08:53:48.287,2024,12,Thursday,8,Morning,Low
2024-12-05,card,ANON-0000-0000-0141,25.96,Cortado,09:20:28.835,2024,12,Thursday,9,Morning,Low
2024-12-05,card,ANON-0000-0000-0276,30.86,Americano with Milk,10:02:51.253,2024,12,Thursday,10,Morning,Medium
2024-12-05,card,ANON-0000-0000-0276,30.86,Americano with Milk,10:05:05.538,2024,12,Thursday,10,Morning,Medium
2024-12-05,card,ANON-0000-0000-0579,35.76,Latte,11:31:58.259,2024,12,Thursday,11,Morning,Medium
2024-12-05,card,ANON-0000-0000-0984,25.96,Americano,11:50:44.557,2024,12,Thursday,11,Morning,Low
2024-12-05,card,ANON-0000-0000-0985,35.76,Cappuccino,14:30:58.342,2024,12,Thursday,14,Afternoon,Medium
2024-12-05,card,ANON-0000-0000-0906,35.76,Latte,15:21:19.466,2024,12,Thursday,15,Afternoon,Medium
2024-12-05,card,ANON-0000-0000-0771,35.76,Latte,16:02:10.015,2024,12,Thursday,16,Afternoon,Medium
2024-12-06,card,ANON-0000-0000-0906,35.76,Latte,11:42:18.498,2024,12,Friday,11,Morning,Medium
2024-12-06,card,ANON-0000-0000-0938,35.76,Hot Chocolate,16:31:58.025,2024,12,Friday,16,Afternoon,Medium
2024-12-06,card,ANON-0000-0000-0731,35.76,Latte,22:30:33.276,2024,12,Friday,22,Evening,Medium
2024-12-06,card,ANON-0000-0000-0731,35.76,Hot Chocolate,22:31:30.002,2024,12,Friday,22,Evening,Medium
2024-12-07,card,ANON-0000-0000-0986,30.86,Americano with Milk,11:17:10.143,2024,12,Saturday,11,Morning,Medium
2024-12-07,card,ANON-0000-0000-0987,25.96,Americano,14:16:42.893,2024,12,Saturday,14,Afternoon,Low
2024-12-07,card,ANON-0000-0000-0409,35.76,Latte,15:44:04.861,2024,12,Saturday,15,Afternoon,Medium
2024-12-07,card,ANON-0000-0000-0206,35.76,Cappuccino,19:11:13.492,2024,12,Saturday,19,Evening,Medium
2024-12-07,card,ANON-0000-0000-0988,30.86,Americano with Milk,22:00:09.994,2024,12,Saturday,22,Evening,Medium
2024-12-07,card,ANON-0000-0000-0989,25.96,Americano,22:28:17.088,2024,12,Saturday,22,Evening,Low
2024-12-08,card,ANON-0000-0000-0141,25.96,Cortado,08:29:25.273,2024,12,Sunday,8,Morning,Low
2024-12-08,card,ANON-0000-0000-0787,35.76,Latte,10:42:38.160,2024,12,Sunday,10,Morning,Medium
2024-12-08,card,ANON-0000-0000-0787,35.76,Cappuccino,10:43:42.726,2024,12,Sunday,10,Morning,Medium
2024-12-08,card,ANON-0000-0000-0990,25.96,Cortado,12:51:40.875,2024,12,Sunday,12,Afternoon,Low
2024-12-08,card,ANON-0000-0000-0991,30.86,Americano with Milk,13:02:36.202,2024,12,Sunday,13,Afternoon,Medium
2024-12-08,card,ANON-0000-0000-0991,30.86,Americano with Milk,13:03:38.720,2024,12,Sunday,13,Afternoon,Medium
2024-12-08,card,ANON-0000-0000-0206,35.76,Cappuccino,17:26:29.292,2024,12,Sunday,17,Evening,Medium
2024-12-08,card,ANON-0000-0000-0992,21.06,Espresso,18:41:48.753,2024,12,Sunday,18,Evening,Low
2024-12-08,card,ANON-0000-0000-0097,35.76,Cappuccino,20:47:18.935,2024,12,Sunday,20,Evening,Medium
2024-12-08,card,ANON-0000-0000-0993,30.86,Americano with Milk,21:28:30.079,2024,12,Sunday,21,Evening,Medium
2024-12-08,card,ANON-0000-0000-0976,30.86,Americano with Milk,21:41:23.523,2024,12,Sunday,21,Evening,Medium
2024-12-09,card,ANON-0000-0000-0994,35.76,Cappuccino,08:32:40.810,2024,12,Monday,8,Morning,Medium
2024-12-09,card,ANON-0000-0000-0995,25.96,Americano,09:12:25.172,2024,12,Monday,9,Morning,Low
2024-12-09,card,ANON-0000-0000-0276,30.86,Americano with Milk,09:33:57.417,2024,12,Monday,9,Morning,Medium
2024-12-09,card,ANON-0000-0000-0802,25.96,Cortado,13:00:54.913,2024,12,Monday,13,Afternoon,Low
2024-12-09,card,ANON-0000-0000-0996,35.76,Cocoa,21:21:51.269,2024,12,Monday,21,Evening,Medium
2024-12-10,card,ANON-0000-0000-0141,25.96,Cortado,12:25:49.755,2024,12,Tuesday,12,Afternoon,Low
2024-12-10,card,ANON-0000-0000-0938,35.76,Hot Chocolate,18:21:57.841,2024,12,Tuesday,18,Evening,Medium
2024-12-11,card,ANON-0000-0000-0570,35.76,Latte,07:49:45.989,2024,12,Wednesday,7,Morning,Medium
2024-12-11,card,ANON-0000-0000-0141,25.96,Cortado,10:45:47.919,2024,12,Wednesday,10,Morning,Low
2024-12-11,card,ANON-0000-0000-0997,35.76,Hot Chocolate,12:13:06.273,2024,12,Wednesday,12,Afternoon,Medium
2024-12-11,card,ANON-0000-0000-0998,21.06,Espresso,12:56:47.765,2024,12,Wednesday,12,Afternoon,Low
2024-12-11,card,ANON-0000-0000-0999,35.76,Cocoa,17:59:25.455,2024,12,Wednesday,17,Evening,Medium
2024-12-11,card,ANON-0000-0000-0690,35.76,Latte,21:01:07.579,2024,12,Wednesday,21,Evening,Medium
2024-12-11,card,ANON-0000-0000-1000,35.76,Latte,21:18:17.192,2024,12,Wednesday,21,Evening,Medium
2024-12-12,card,ANON-0000-0000-1001,30.86,Americano with Milk,07:58:31.186,2024,12,Thursday,7,Morning,Medium
2024-12-12,card,ANON-0000-0000-1002,25.96,Americano,12:49:23.672,2024,12,Thursday,12,Afternoon,Low
2024-12-12,card,ANON-0000-0000-1003,21.06,Espresso,16:55:02.108,2024,12,Thursday,16,Afternoon,Low
2024-12-12,card,ANON-0000-0000-1003,21.06,Espresso,16:55:49.129,2024,12,Thursday,16,Afternoon,Low
2024-12-12,card,ANON-0000-0000-1003,25.96,Americano,16:57:01.116,2024,12,Thursday,16,Afternoon,Low
2024-12-12,card,ANON-0000-0000-0922,35.76,Cocoa,19:50:00.934,2024,12,Thursday,19,Evening,Medium
2024-12-12,card,ANON-0000-0000-0922,35.76,Cocoa,19:50:57.734,2024,12,Thursday,19,Evening,Medium
2024-12-13,card,ANON-0000-0000-1004,25.96,Americano,12:27:25.453,2024,12,Friday,12,Afternoon,Low
2024-12-13,card,ANON-0000-0000-1003,25.96,Americano,12:53:05.572,2024,12,Friday,12,Afternoon,Low
2024-12-13,card,ANON-0000-0000-1003,35.76,Hot Chocolate,12:54:40.166,2024,12,Friday,12,Afternoon,Medium
2024-12-13,card,ANON-0000-0000-1005,35.76,Hot Chocolate,14:01:58.063,2024,12,Friday,14,Afternoon,Medium
2024-12-13,card,ANON-0000-0000-0494,35.76,Cocoa,16:23:23.898,2024,12,Friday,16,Afternoon,Medium
2024-12-13,card,ANON-0000-0000-0876,35.76,Cappuccino,19:19:03.811,2024,12,Friday,19,Evening,Medium
2024-12-13,card,ANON-0000-0000-0876,35.76,Cappuccino,19:20:10.119,2024,12,Friday,19,Evening,Medium
2024-12-13,card,ANON-0000-0000-0748,35.76,Latte,21:35:41.955,2024,12,Friday,21,Evening,Medium
2024-12-14,card,ANON-0000-0000-1006,30.86,Americano with Milk,08:27:32.054,2024,12,Saturday,8,Morning,Medium
2024-12-14,card,ANON-0000-0000-1007,35.76,Cocoa,09:03:05.572,2024,12,Saturday,9,Morning,Medium
2024-12-14,card,ANON-0000-0000-0664,35.76,Cappuccino,11:41:57.820,2024,12,Saturday,11,Morning,Medium
2024-12-14,card,ANON-0000-0000-1008,25.96,Americano,13:19:07.033,2024,12,Saturday,13,Afternoon,Low
2024-12-14,card,ANON-0000-0000-1008,35.76,Latte,13:20:08.603,2024,12,Saturday,13,Afternoon,Medium
2024-12-14,card,ANON-0000-0000-0612,35.76,Cocoa,16:10:29.983,2024,12,Saturday,16,Afternoon,Medium
2024-12-14,card,ANON-0000-0000-0040,25.96,Americano,16:29:58.935,2024,12,Saturday,16,Afternoon,Low
2024-12-14,card,ANON-0000-0000-0040,25.96,Americano,16:30:49.780,2024,12,Saturday,16,Afternoon,Low
2024-12-14,card,ANON-0000-0000-1003,25.96,Americano,17:00:15.899,2024,12,Saturday,17,Evening,Low
2024-12-14,card,ANON-0000-0000-1003,25.96,Americano,17:01:29.185,2024,12,Saturday,17,Evening,Low
2024-12-14,card,ANON-0000-0000-1009,30.86,Americano with Milk,18:23:44.156,2024,12,Saturday,18,Evening,Medium
2024-12-15,card,ANON-0000-0000-0570,35.76,Latte,11:09:24.807,2024,12,Sunday,11,Morning,Medium
2024-12-15,card,ANON-0000-0000-0570,35.76,Cocoa,11:10:25.693,2024,12,Sunday,11,Morning,Medium
2024-12-15,card,ANON-0000-0000-0798,35.76,Hot Chocolate,17:58:05.386,2024,12,Sunday,17,Evening,Medium
2024-12-16,card,ANON-0000-0000-0570,35.76,Latte,07:52:18.379,2024,12,Monday,7,Morning,Medium
2024-12-16,card,ANON-0000-0000-1010,35.76,Hot Chocolate,08:03:31.099,2024,12,Monday,8,Morning,Medium
2024-12-16,card,ANON-0000-0000-0714,35.76,Cocoa,08:46:53.826,2024,12,Monday,8,Morning,Medium
2024-12-16,card,ANON-0000-0000-1011,30.86,Americano with Milk,12:19:08.131,2024,12,Monday,12,Afternoon,Medium
2024-12-16,card,ANON-0000-0000-0886,35.76,Latte,13:08:52.577,2024,12,Monday,13,Afternoon,Medium
2024-12-16,card,ANON-0000-0000-0896,35.76,Hot Chocolate,14:13:18.149,2024,12,Monday,14,Afternoon,Medium
2024-12-16,card,ANON-0000-0000-0012,35.76,Latte,18:23:07.045,2024,12,Monday,18,Evening,Medium
2024-12-16,card,ANON-0000-0000-0012,30.86,Americano with Milk,18:24:01.414,2024,12,Monday,18,Evening,Medium
2024-12-17,card,ANON-0000-0000-1012,25.96,Cortado,08:48:18.158,2024,12,Tuesday,8,Morning,Low
2024-12-17,card,ANON-0000-0000-1013,35.76,Cappuccino,08:52:32.631,2024,12,Tuesday,8,Morning,Medium
2024-12-17,card,ANON-0000-0000-0276,30.86,Americano with Milk,10:49:05.535,2024,12,Tuesday,10,Morning,Medium
2024-12-17,card,ANON-0000-0000-1014,25.96,Americano,16:22:35.059,2024,12,Tuesday,16,Afternoon,Low
2024-12-17,card,ANON-0000-0000-1014,35.76,Cocoa,16:23:36.605,2024,12,Tuesday,16,Afternoon,Medium
2024-12-17,card,ANON-0000-0000-0664,35.76,Cappuccino,17:14:22.065,2024,12,Tuesday,17,Evening,Medium
2024-12-17,card,ANON-0000-0000-0907,35.76,Cocoa,18:54:57.302,2024,12,Tuesday,18,Evening,Medium
2024-12-18,card,ANON-0000-0000-1015,35.76,Latte,09:30:28.285,2024,12,Wednesday,9,Morning,Medium
2024-12-18,card,ANON-0000-0000-1016,30.86,Americano with Milk,10:01:21.491,2024,12,Wednesday,10,Morning,Medium
2024-12-18,card,ANON-0000-0000-1016,35.76,Latte,10:03:02.068,2024,12,Wednesday,10,Morning,Medium
2024-12-18,card,ANON-0000-0000-1016,35.76,Cappuccino,10:04:03.380,2024,12,Wednesday,10,Morning,Medium
2024-12-19,card,ANON-0000-0000-1017,35.76,Hot Chocolate,10:12:11.185,2024,12,Thursday,10,Morning,Medium
2024-12-19,card,ANON-0000-0000-0276,30.86,Americano with Milk,11:25:43.942,2024,12,Thursday,11,Morning,Medium
2024-12-19,card,ANON-0000-0000-1018,21.06,Espresso,12:10:52.329,2024,12,Thursday,12,Afternoon,Low
2024-12-19,card,ANON-0000-0000-1019,35.76,Hot Chocolate,13:38:56.787,2024,12,Thursday,13,Afternoon,Medium
2024-12-19,card,ANON-0000-0000-0206,35.76,Cappuccino,19:00:56.263,2024,12,Thursday,19,Evening,Medium
2024-12-19,card,ANON-0000-0000-0040,35.76,Cappuccino,19:10:40.561,2024,12,Thursday,19,Evening,Medium
2024-12-19,card,ANON-0000-0000-1020,30.86,Americano with Milk,19:48:18.022,2024,12,Thursday,19,Evening,Medium
2024-12-19,card,ANON-0000-0000-1020,35.76,Hot Chocolate,19:49:42.574,2024,12,Thursday,19,Evening,Medium
2024-12-19,card,ANON-0000-0000-1021,35.76,Latte,21:08:11.811,2024,12,Thursday,21,Evening,Medium
2024-12-19,card,ANON-0000-0000-1021,35.76,Cappuccino,21:09:15.719,2024,12,Thursday,21,Evening,Medium
2024-12-20,card,ANON-0000-0000-0141,25.96,Cortado,08:14:51.955,2024,12,Friday,8,Morning,Low
2024-12-20,card,ANON-0000-0000-0276,30.86,Americano with Milk,09:39:29.862,2024,12,Friday,9,Morning,Medium
2024-12-20,card,ANON-0000-0000-1022,35.76,Cappuccino,10:12:42.831,2024,12,Friday,10,Morning,Medium
2024-12-20,card,ANON-0000-0000-0141,25.96,Cortado,10:55:29.127,2024,12,Friday,10,Morning,Low
2024-12-20,card,ANON-0000-0000-0819,21.06,Espresso,12:21:17.233,2024,12,Friday,12,Afternoon,Low
2024-12-20,card,ANON-0000-0000-0819,30.86,Americano with Milk,12:22:49.372,2024,12,Friday,12,Afternoon,Medium
2024-12-20,card,ANON-0000-0000-1023,25.96,Cortado,14:58:20.349,2024,12,Friday,14,Afternoon,Low
2024-12-20,card,ANON-0000-0000-1024,35.76,Cappuccino,18:28:22.151,2024,12,Friday,18,Evening,Medium
2024-12-20,card,ANON-0000-0000-0206,35.76,Cappuccino,18:57:13.326,2024,12,Friday,18,Evening,Medium
2024-12-21,card,ANON-0000-0000-1025,35.76,Cappuccino,10:19:23.875,2024,12,Saturday,10,Morning,Medium
2024-12-21,card,ANON-0000-0000-1025,35.76,Latte,10:20:41.106,2024,12,Saturday,10,Morning,Medium
2024-12-21,card,ANON-0000-0000-1026,25.96,Americano,10:32:02.796,2024,12,Saturday,10,Morning,Low
2024-12-21,card,ANON-0000-0000-0507,35.76,Hot Chocolate,15:33:03.629,2024,12,Saturday,15,Afternoon,Medium
2024-12-21,card,ANON-0000-0000-0507,35.76,Latte,15:33:49.614,2024,12,Saturday,15,Afternoon,Medium
2024-12-21,card,ANON-0000-0000-0842,30.86,Americano with Milk,15:35:29.373,2024,12,Saturday,15,Afternoon,Medium
2024-12-21,card,ANON-0000-0000-1027,35.76,Latte,15:58:07.022,2024,12,Saturday,15,Afternoon,Medium
2024-12-21,card,ANON-0000-0000-1020,35.76,Cocoa,17:47:27.852,2024,12,Saturday,17,Evening,Medium
2024-12-21,card,ANON-0000-0000-1028,35.76,Hot Chocolate,18:02:36.869,2024,12,Saturday,18,Evening,Medium
2024-12-21,card,ANON-0000-0000-1029,25.96,Cortado,18:08:17.169,2024,12,Saturday,18,Evening,Low
2024-12-21,card,ANON-0000-0000-1030,30.86,Americano with Milk,19:48:13.454,2024,12,Saturday,19,Evening,Medium
2024-12-21,card,ANON-0000-0000-1030,25.96,Cortado,19:49:45.769,2024,12,Saturday,19,Evening,Low
2024-12-21,card,ANON-0000-0000-1029,25.96,Cortado,21:49:47.313,2024,12,Saturday,21,Evening,Low
2024-12-21,card,ANON-0000-0000-1031,35.76,Latte,21:58:48.754,2024,12,Saturday,21,Evening,Medium
2024-12-21,card,ANON-0000-0000-1029,25.96,Cortado,22:16:14.139,2024,12,Saturday,22,Evening,Low
2024-12-22,card,ANON-0000-0000-0333,35.76,Cappuccino,10:42:56.126,2024,12,Sunday,10,Morning,Medium
2024-12-22,card,ANON-0000-0000-0206,35.76,Cappuccino,18:55:44.510,2024,12,Sunday,18,Evening,Medium
2024-12-22,card,ANON-0000-0000-1032,35.76,Hot Chocolate,19:35:45.848,2024,12,Sunday,19,Evening,Medium
2024-12-22,card,ANON-0000-0000-1032,35.76,Hot Chocolate,19:36:29.863,2024,12,Sunday,19,Evening,Medium
2024-12-22,card,ANON-0000-0000-0636,35.76,Hot Chocolate,20:26:36.732,2024,12,Sunday,20,Evening,Medium
2024-12-22,card,ANON-0000-0000-1033,35.76,Cocoa,21:55:18.754,2024,12,Sunday,21,Evening,Medium
2024-12-22,card,ANON-0000-0000-1034,25.96,Cortado,21:56:56.296,2024,12,Sunday,21,Evening,Low
2024-12-23,card,ANON-0000-0000-1029,25.96,Cortado,09:03:21.025,2024,12,Monday,9,Morning,Low
2024-12-23,card,ANON-0000-0000-0276,30.86,Americano with Milk,09:22:17.895,2024,12,Monday,9,Morning,Medium
2024-12-23,card,ANON-0000-0000-0042,30.86,Americano with Milk,10:42:03.416,2024,12,Monday,10,Morning,Medium
2024-12-23,card,ANON-0000-0000-0570,35.76,Cappuccino,11:35:54.428,2024,12,Monday,11,Morning,Medium
2024-12-23,card,ANON-0000-0000-1035,35.76,Latte,14:05:31.735,2024,12,Monday,14,Afternoon,Medium
2024-12-23,card,ANON-0000-0000-1036,30.86,Americano with Milk,15:00:23.679,2024,12,Monday,15,Afternoon,Medium
2024-12-23,card,ANON-0000-0000-0906,35.76,Latte,16:14:50.443,2024,12,Monday,16,Afternoon,Medium
2024-12-23,card,ANON-0000-0000-1037,25.96,Cortado,17:21:20.495,2024,12,Monday,17,Evening,Low
2024-12-23,card,ANON-0000-0000-1037,35.76,Latte,17:22:40.297,2024,12,Monday,17,Evening,Medium
2024-12-23,card,ANON-0000-0000-1029,25.96,Cortado,20:46:07.226,2024,12,Monday,20,Evening,Low
2024-12-24,card,ANON-0000-0000-1038,30.86,Americano with Milk,15:10:43.421,2024,12,Tuesday,15,Afternoon,Medium
2024-12-24,card,ANON-0000-0000-1039,35.76,Hot Chocolate,16:08:38.130,2024,12,Tuesday,16,Afternoon,Medium
2024-12-24,card,ANON-0000-0000-1029,25.96,Cortado,17:55:28.559,2024,12,Tuesday,17,Evening,Low
2024-12-24,card,ANON-0000-0000-1039,35.76,Hot Chocolate,19:10:36.272,2024,12,Tuesday,19,Evening,Medium
2024-12-24,card,ANON-0000-0000-1040,35.76,Latte,19:11:36.864,2024,12,Tuesday,19,Evening,Medium
2024-12-24,card,ANON-0000-0000-1039,21.06,Espresso,19:12:34.982,2024,12,Tuesday,19,Evening,Low
2024-12-24,card,ANON-0000-0000-0097,35.76,Cappuccino,19:36:02.332,2024,12,Tuesday,19,Evening,Medium
2024-12-25,card,ANON-0000-0000-1041,35.76,Latte,10:43:56.819,2024,12,Wednesday,10,Morning,Medium
2024-12-25,card,ANON-0000-0000-1041,35.76,Latte,10:45:02.380,2024,12,Wednesday,10,Morning,Medium
2024-12-25,card,ANON-0000-0000-1042,30.86,Americano with Milk,12:35:03.285,2024,12,Wednesday,12,Afternoon,Medium
2024-12-25,card,ANON-0000-0000-1042,25.96,Americano,12:36:00.079,2024,12,Wednesday,12,Afternoon,Low
2024-12-25,card,ANON-0000-0000-1043,30.86,Americano with Milk,13:17:11.399,2024,12,Wednesday,13,Afternoon,Medium
2024-12-25,card,ANON-0000-0000-1044,25.96,Americano,13:32:47.545,2024,12,Wednesday,13,Afternoon,Low
2024-12-25,card,ANON-0000-0000-0097,35.76,Cappuccino,20:02:40.331,2024,12,Wednesday,20,Evening,Medium
2024-12-25,card,ANON-0000-0000-1045,35.76,Cocoa,21:18:49.844,2024,12,Wednesday,21,Evening,Medium
2024-12-25,card,ANON-0000-0000-1045,35.76,Cocoa,21:19:42.093,2024,12,Wednesday,21,Evening,Medium
2024-12-25,card,ANON-0000-0000-1046,35.76,Latte,21:57:30.270,2024,12,Wednesday,21,Evening,Medium
2024-12-25,card,ANON-0000-0000-0154,35.76,Cappuccino,22:51:02.901,2024,12,Wednesday,22,Evening,Medium
2024-12-25,card,ANON-0000-0000-0154,30.86,Americano with Milk,22:53:06.426,2024,12,Wednesday,22,Evening,Medium
2024-12-26,card,ANON-0000-0000-1047,35.76,Cappuccino,13:12:37.940,2024,12,Thursday,13,Afternoon,Medium
2024-12-26,card,ANON-0000-0000-1048,21.06,Espresso,15:04:34.471,2024,12,Thursday,15,Afternoon,Low
2024-12-27,card,ANON-0000-0000-1049,25.96,Americano,07:50:20.711,2024,12,Friday,7,Morning,Low
2024-12-27,card,ANON-0000-0000-1029,25.96,Cortado,08:57:38.912,2024,12,Friday,8,Morning,Low
2024-12-27,card,ANON-0000-0000-0141,25.96,Cortado,09:09:55.226,2024,12,Friday,9,Morning,Low
2024-12-27,card,ANON-0000-0000-0276,30.86,Americano with Milk,10:12:53.425,2024,12,Friday,10,Morning,Medium
2024-12-27,card,ANON-0000-0000-1050,35.76,Latte,17:12:04.641,2024,12,Friday,17,Evening,Medium
2024-12-27,card,ANON-0000-0000-1051,25.96,Americano,19:47:27.855,2024,12,Friday,19,Evening,Low
2024-12-27,card,ANON-0000-0000-1051,30.86,Americano with Milk,19:48:21.643,2024,12,Friday,19,Evening,Medium
2024-12-27,card,ANON-0000-0000-0701,35.76,Cocoa,22:54:32.893,2024,12,Friday,22,Evening,Medium
2024-12-28,card,ANON-0000-0000-1029,25.96,Cortado,09:00:23.465,2024,12,Saturday,9,Morning,Low
2024-12-28,card,ANON-0000-0000-0141,25.96,Cortado,09:50:37.949,2024,12,Saturday,9,Morning,Low
2024-12-28,card,ANON-0000-0000-0727,30.86,Americano with Milk,10:18:44.226,2024,12,Saturday,10,Morning,Medium
2024-12-28,card,ANON-0000-0000-0570,35.76,Latte,10:52:03.125,2024,12,Saturday,10,Morning,Medium
2024-12-28,card,ANON-0000-0000-1052,35.76,Cappuccino,14:10:01.286,2024,12,Saturday,14,Afternoon,Medium
2024-12-28,card,ANON-0000-0000-1053,35.76,Hot Chocolate,14:13:17.359,2024,12,Saturday,14,Afternoon,Medium
2024-12-28,card,ANON-0000-0000-0507,35.76,Latte,17:23:40.272,2024,12,Saturday,17,Evening,Medium
2024-12-28,card,ANON-0000-0000-1054,35.76,Cappuccino,22:11:01.821,2024,12,Saturday,22,Evening,Medium
2024-12-29,card,ANON-0000-0000-1029,25.96,Cortado,13:46:16.437,2024,12,Sunday,13,Afternoon,Low
2024-12-29,card,ANON-0000-0000-1055,21.06,Espresso,15:04:26.632,2024,12,Sunday,15,Afternoon,Low
2024-12-29,card,ANON-0000-0000-1055,25.96,Americano,15:05:16.323,2024,12,Sunday,15,Afternoon,Low
2024-12-29,card,ANON-0000-0000-1056,25.96,Cortado,17:30:04.513,2024,12,Sunday,17,Evening,Low
2024-12-29,card,ANON-0000-0000-1057,21.06,Espresso,17:31:46.702,2024,12,Sunday,17,Evening,Low
2024-12-29,card,ANON-0000-0000-1029,25.96,Cortado,19:47:43.744,2024,12,Sunday,19,Evening,Low
2024-12-29,card,ANON-0000-0000-1058,35.76,Hot Chocolate,20:25:54.231,2024,12,Sunday,20,Evening,Medium
2024-12-29,card,ANON-0000-0000-0729,35.76,Latte,21:17:19.330,2024,12,Sunday,21,Evening,Medium
2024-12-30,card,ANON-0000-0000-1029,25.96,Cortado,09:02:44.282,2024,12,Monday,9,Morning,Low
2024-12-30,card,ANON-0000-0000-0276,30.86,Americano with Milk,09:44:11.963,2024,12,Monday,9,Morning,Medium
2024-12-30,card,ANON-0000-0000-1059,35.76,Latte,13:52:31.356,2024,12,Monday,13,Afternoon,Medium
2024-12-30,card,ANON-0000-0000-1059,35.76,Hot Chocolate,13:53:39.253,2024,12,Monday,13,Afternoon,Medium
2024-12-30,card,ANON-0000-0000-0920,35.76,Latte,15:12:45.043,2024,12,Monday,15,Afternoon,Medium
2024-12-30,card,ANON-0000-0000-0920,30.86,Americano with Milk,15:13:38.691,2024,12,Monday,15,Afternoon,Medium
2024-12-30,card,ANON-0000-0000-1003,30.86,Americano with Milk,16:29:53.883,2024,12,Monday,16,Afternoon,Medium
2024-12-30,card,ANON-0000-0000-1060,25.96,Americano,16:31:28.727,2024,12,Monday,16,Afternoon,Low
2024-12-30,card,ANON-0000-0000-0886,35.76,Cappuccino,16:36:45.551,2024,12,Monday,16,Afternoon,Medium
2024-12-31,card,ANON-0000-0000-1029,25.96,Cortado,08:52:28.681,2024,12,Tuesday,8,Morning,Low
2024-12-31,card,ANON-0000-0000-1034,35.76,Cappuccino,09:36:50.011,2024,12,Tuesday,9,Morning,Medium
2024-12-31,card,ANON-0000-0000-1034,25.96,Cortado,09:39:41.472,2024,12,Tuesday,9,Morning,Low
2024-12-31,card,ANON-0000-0000-1061,35.76,Cocoa,09:45:28.525,2024,12,Tuesday,9,Morning,Medium
2024-12-31,card,ANON-0000-0000-1062,30.86,Americano with Milk,10:26:52.972,2024,12,Tuesday,10,Morning,Medium
2024-12-31,card,ANON-0000-0000-1062,30.86,Americano with Milk,10:29:28.211,2024,12,Tuesday,10,Morning,Medium
2024-12-31,card,ANON-0000-0000-0195,35.76,Cappuccino,11:11:30.768,2024,12,Tuesday,11,Morning,Medium
2024-12-31,card,ANON-0000-0000-0195,30.86,Americano with Milk,11:12:42.053,2024,12,Tuesday,11,Morning,Medium
2024-12-31,card,ANON-0000-0000-0012,21.06,Espresso,15:42:14.093,2024,12,Tuesday,15,Afternoon,Low
2024-12-31,card,ANON-0000-0000-0012,25.96,Americano,15:43:13.300,2024,12,Tuesday,15,Afternoon,Low
2024-12-31,card,ANON-0000-0000-1063,35.76,Cappuccino,16:07:18.883,2024,12,Tuesday,16,Afternoon,Medium
2024-12-31,card,ANON-0000-0000-0525,35.76,Latte,17:10:17.537,2024,12,Tuesday,17,Evening,Medium
2024-12-31,card,ANON-0000-0000-1064,30.86,Americano with Milk,17:30:52.785,2024,12,Tuesday,17,Evening,Medium
2024-12-31,card,ANON-0000-0000-1065,35.76,Cappuccino,17:31:48.543,2024,12,Tuesday,17,Evening,Medium
2024-12-31,card,ANON-0000-0000-1066,35.76,Latte,19:07:25.413,2024,12,Tuesday,19,Evening,Medium
2024-12-31,card,ANON-0000-0000-1066,35.76,Hot Chocolate,19:08:38.899,2024,12,Tuesday,19,Evening,Medium
2025-01-02,card,ANON-0000-0000-0276,30.86,Americano with Milk,09:58:05.335,2025,1,Thursday,9,Morning,Medium
2025-01-02,card,ANON-0000-0000-1067,35.76,Cocoa,13:29:40.128,2025,1,Thursday,13,Afternoon,Medium
2025-01-02,card,ANON-0000-0000-1067,35.76,Cocoa,13:30:38.720,2025,1,Thursday,13,Afternoon,Medium
2025-01-02,card,ANON-0000-0000-1068,25.96,Cortado,14:41:10.594,2025,1,Thursday,14,Afternoon,Low
2025-01-02,card,ANON-0000-0000-1068,25.96,Cortado,14:42:45.847,2025,1,Thursday,14,Afternoon,Low
2025-01-02,card,ANON-0000-0000-1069,25.96,Americano,16:22:32.387,2025,1,Thursday,16,Afternoon,Low
2025-01-02,card,ANON-0000-0000-0877,35.76,Hot Chocolate,16:34:59.470,2025,1,Thursday,16,Afternoon,Medium
2025-01-02,card,ANON-0000-0000-0877,30.86,Americano with Milk,16:35:44.285,2025,1,Thursday,16,Afternoon,Medium
2025-01-02,card,ANON-0000-0000-0525,35.76,Cappuccino,17:43:10.175,2025,1,Thursday,17,Evening,Medium
2025-01-03,card,ANON-0000-0000-1029,25.96,Cortado,09:03:22.668,2025,1,Friday,9,Morning,Low
2025-01-03,card,ANON-0000-0000-0276,30.86,Americano with Milk,10:10:30.802,2025,1,Friday,10,Morning,Medium
2025-01-03,card,ANON-0000-0000-1070,30.86,Americano with Milk,16:58:09.420,2025,1,Friday,16,Afternoon,Medium
2025-01-03,card,ANON-0000-0000-0620,35.76,Cappuccino,22:13:28.560,2025,1,Friday,22,Evening,Medium
2025-01-03,card,ANON-0000-0000-1071,25.96,Americano,22:18:20.359,2025,1,Friday,22,Evening,Low
2025-01-03,card,ANON-0000-0000-1072,25.96,Americano,22:19:14.354,2025,1,Friday,22,Evening,Low
2025-01-03,card,ANON-0000-0000-0690,35.76,Latte,22:21:25.952,2025,1,Friday,22,Evening,Medium
2025-01-04,card,ANON-0000-0000-1029,25.96,Cortado,08:58:26.502,2025,1,Saturday,8,Morning,Low
2025-01-04,card,ANON-0000-0000-1073,25.96,Americano,09:59:27.784,2025,1,Saturday,9,Morning,Low
2025-01-04,card,ANON-0000-0000-1074,35.76,Cappuccino,13:40:00.286,2025,1,Saturday,13,Afternoon,Medium
2025-01-04,card,ANON-0000-0000-0877,35.76,Cocoa,15:59:33.227,2025,1,Saturday,15,Afternoon,Medium
2025-01-04,card,ANON-0000-0000-1034,30.86,Americano with Milk,16:12:55.200,2025,1,Saturday,16,Afternoon,Medium
2025-01-04,card,ANON-0000-0000-1034,35.76,Cappuccino,16:14:10.198,2025,1,Saturday,16,Afternoon,Medium
2025-01-04,card,ANON-0000-0000-1034,35.76,Cappuccino,16:16:11.225,2025,1,Saturday,16,Afternoon,Medium
2025-01-04,card,ANON-0000-0000-1034,25.96,Cortado,16:18:04.079,2025,1,Saturday,16,Afternoon,Low
2025-01-04,card,ANON-0000-0000-1075,25.96,Americano,18:11:39.258,2025,1,Saturday,18,Evening,Low
2025-01-04,card,ANON-0000-0000-1000,35.76,Latte,22:23:30.720,2025,1,Saturday,22,Evening,Medium
2025-01-05,card,ANON-0000-0000-1076,30.86,Americano with Milk,09:45:57.778,2025,1,Sunday,9,Morning,Medium
2025-01-05,card,ANON-0000-0000-1077,35.76,Latte,10:53:00.842,2025,1,Sunday,10,Morning,Medium
2025-01-05,card,ANON-0000-0000-1078,30.86,Americano with Milk,22:07:16.475,2025,1,Sunday,22,Evening,Medium
2025-01-06,card,ANON-0000-0000-1079,25.96,Americano,19:58:50.688,2025,1,Monday,19,Evening,Low
2025-01-07,card,ANON-0000-0000-1080,35.76,Cappuccino,13:29:02.789,2025,1,Tuesday,13,Afternoon,Medium
2025-01-07,card,ANON-0000-0000-1081,35.76,Cocoa,22:32:45.085,2025,1,Tuesday,22,Evening,Medium
2025-01-07,card,ANON-0000-0000-1081,35.76,Cocoa,22:33:58.886,2025,1,Tuesday,22,Evening,Medium
2025-01-08,card,ANON-0000-0000-1082,30.86,Americano with Milk,07:30:02.019,2025,1,Wednesday,7,Morning,Medium
2025-01-08,card,ANON-0000-0000-1083,35.76,Latte,09:11:15.142,2025,1,Wednesday,9,Morning,Medium
2025-01-08,card,ANON-0000-0000-1034,25.96,Cortado,10:30:28.733,2025,1,Wednesday,10,Morning,Low
2025-01-08,card,ANON-0000-0000-0206,35.76,Cappuccino,17:22:51.605,2025,1,Wednesday,17,Evening,Medium
2025-01-09,card,ANON-0000-0000-1084,25.96,Americano,08:07:07.584,2025,1,Thursday,8,Morning,Low
2025-01-09,card,ANON-0000-0000-0570,35.76,Latte,08:56:34.735,2025,1,Thursday,8,Morning,Medium
2025-01-09,card,ANON-0000-0000-0385,30.86,Americano with Milk,09:02:31.783,2025,1,Thursday,9,Morning,Medium
2025-01-09,card,ANON-0000-0000-0348,21.06,Espresso,14:27:23.682,2025,1,Thursday,14,Afternoon,Low
2025-01-09,card,ANON-0000-0000-1085,35.76,Latte,15:36:58.679,2025,1,Thursday,15,Afternoon,Medium
2025-01-09,card,ANON-0000-0000-0141,30.86,Americano with Milk,15:48:10.012,2025,1,Thursday,15,Afternoon,Medium
2025-01-09,card,ANON-0000-0000-0141,25.96,Cortado,15:49:11.796,2025,1,Thursday,15,Afternoon,Low
2025-01-09,card,ANON-0000-0000-0012,30.86,Americano with Milk,20:30:29.072,2025,1,Thursday,20,Evening,Medium
2025-01-09,card,ANON-0000-0000-0329,35.76,Latte,22:10:20.697,2025,1,Thursday,22,Evening,Medium
2025-01-10,card,ANON-0000-0000-0224,30.86,Americano with Milk,08:49:20.815,2025,1,Friday,8,Morning,Medium
2025-01-10,card,ANON-0000-0000-0385,30.86,Americano with Milk,09:16:36.498,2025,1,Friday,9,Morning,Medium
2025-01-10,card,ANON-0000-0000-1086,35.76,Cappuccino,17:51:18.771,2025,1,Friday,17,Evening,Medium
2025-01-10,card,ANON-0000-0000-1045,35.76,Hot Chocolate,17:55:53.357,2025,1,Friday,17,Evening,Medium
2025-01-10,card,ANON-0000-0000-0224,30.86,Americano with Milk,17:59:39.184,2025,1,Friday,17,Evening,Medium
2025-01-11,card,ANON-0000-0000-0842,30.86,Americano with Milk,07:44:30.450,2025,1,Saturday,7,Morning,Medium
2025-01-11,card,ANON-0000-0000-1087,35.76,Hot Chocolate,10:49:41.291,2025,1,Saturday,10,Morning,Medium
2025-01-11,card,ANON-0000-0000-1088,25.96,Americano,11:13:53.866,2025,1,Saturday,11,Morning,Low
2025-01-11,card,ANON-0000-0000-1089,35.76,Latte,11:20:17.612,2025,1,Saturday,11,Morning,Medium
2025-01-11,card,ANON-0000-0000-1089,35.76,Latte,11:21:25.566,2025,1,Saturday,11,Morning,Medium
2025-01-11,card,ANON-0000-0000-1089,35.76,Latte,12:10:58.739,2025,1,Saturday,12,Afternoon,Medium
2025-01-11,card,ANON-0000-0000-1089,35.76,Latte,12:13:24.784,2025,1,Saturday,12,Afternoon,Medium
2025-01-11,card,ANON-0000-0000-1090,30.86,Americano with Milk,14:12:54.844,2025,1,Saturday,14,Afternoon,Medium
2025-01-11,card,ANON-0000-0000-1091,30.86,Americano with Milk,14:15:38.139,2025,1,Saturday,14,Afternoon,Medium
2025-01-11,card,ANON-0000-0000-1091,35.76,Cappuccino,14:16:43.941,2025,1,Saturday,14,Afternoon,Medium
2025-01-11,card,ANON-0000-0000-1092,35.76,Latte,14:47:02.972,2025,1,Saturday,14,Afternoon,Medium
2025-01-11,card,ANON-0000-0000-1093,25.96,Cortado,17:19:33.968,2025,1,Saturday,17,Evening,Low
2025-01-11,card,ANON-0000-0000-1094,35.76,Latte,17:20:56.780,2025,1,Saturday,17,Evening,Medium
2025-01-11,card,ANON-0000-0000-1093,25.96,Cortado,17:22:05.105,2025,1,Saturday,17,Evening,Low
2025-01-11,card,ANON-0000-0000-1095,30.86,Americano with Milk,18:01:28.479,2025,1,Saturday,18,Evening,Medium
2025-01-12,card,ANON-0000-0000-0842,30.86,Americano with Milk,11:45:32.433,2025,1,Sunday,11,Morning,Medium
2025-01-12,card,ANON-0000-0000-0842,25.96,Americano,11:48:18.729,2025,1,Sunday,11,Morning,Low
2025-01-12,card,ANON-0000-0000-0012,30.86,Americano with Milk,11:49:50.305,2025,1,Sunday,11,Morning,Medium
2025-01-12,card,ANON-0000-0000-1096,35.76,Hot Chocolate,16:15:58.843,2025,1,Sunday,16,Afternoon,Medium
2025-01-12,card,ANON-0000-0000-1097,30.86,Americano with Milk,20:56:04.324,2025,1,Sunday,20,Evening,Medium
2025-01-13,card,ANON-0000-0000-0533,30.86,Americano with Milk,08:08:20.273,2025,1,Monday,8,Morning,Medium
2025-01-13,card,ANON-0000-0000-0276,30.86,Americano with Milk,09:17:19.623,2025,1,Monday,9,Morning,Medium
2025-01-13,card,ANON-0000-0000-1034,25.96,Cortado,13:02:56.645,2025,1,Monday,13,Afternoon,Low
2025-01-13,card,ANON-0000-0000-0906,35.76,Latte,13:50:46.648,2025,1,Monday,13,Afternoon,Medium
2025-01-13,card,ANON-0000-0000-1098,35.76,Latte,14:11:27.333,2025,1,Monday,14,Afternoon,Medium
2025-01-13,card,ANON-0000-0000-1098,35.76,Cappuccino,14:12:28.340,2025,1,Monday,14,Afternoon,Medium
2025-01-13,card,ANON-0000-0000-1099,35.76,Latte,16:25:36.343,2025,1,Monday,16,Afternoon,Medium
2025-01-13,card,ANON-0000-0000-0050,21.06,Espresso,20:51:18.275,2025,1,Monday,20,Evening,Low
2025-01-14,card,ANON-0000-0000-0682,35.76,Latte,07:37:42.461,2025,1,Tuesday,7,Morning,Medium
2025-01-14,card,ANON-0000-0000-1029,25.96,Cortado,09:53:42.812,2025,1,Tuesday,9,Morning,Low
2025-01-14,card,ANON-0000-0000-0276,30.86,Americano with Milk,10:21:45.603,2025,1,Tuesday,10,Morning,Medium
2025-01-14,card,ANON-0000-0000-1100,35.76,Latte,12:49:14.351,2025,1,Tuesday,12,Afternoon,Medium
2025-01-14,card,ANON-0000-0000-1101,30.86,Americano with Milk,16:18:19.288,2025,1,Tuesday,16,Afternoon,Medium
2025-01-14,card,ANON-0000-0000-1101,30.86,Americano with Milk,16:19:26.531,2025,1,Tuesday,16,Afternoon,Medium
2025-01-14,card,ANON-0000-0000-0206,35.76,Cappuccino,19:41:55.896,2025,1,Tuesday,19,Evening,Medium
2025-01-14,card,ANON-0000-0000-1097,35.76,Latte,21:02:35.551,2025,1,Tuesday,21,Evening,Medium
2025-01-15,card,ANON-0000-0000-0419,30.86,Americano with Milk,09:12:04.241,2025,1,Wednesday,9,Morning,Medium
2025-01-15,card,ANON-0000-0000-1102,25.96,Americano,11:10:23.705,2025,1,Wednesday,11,Morning,Low
2025-01-15,card,ANON-0000-0000-0886,35.76,Cappuccino,13:14:14.574,2025,1,Wednesday,13,Afternoon,Medium
2025-01-15,card,ANON-0000-0000-0634,35.76,Latte,15:35:21.923,2025,1,Wednesday,15,Afternoon,Medium
2025-01-15,card,ANON-0000-0000-1103,35.76,Cappuccino,15:36:47.943,2025,1,Wednesday,15,Afternoon,Medium
2025-01-15,card,ANON-0000-0000-0634,35.76,Latte,15:37:55.727,2025,1,Wednesday,15,Afternoon,Medium
2025-01-15,card,ANON-0000-0000-1104,35.76,Latte,16:55:26.025,2025,1,Wednesday,16,Afternoon,Medium
2025-01-15,card,ANON-0000-0000-1105,35.76,Latte,18:06:12.419,2025,1,Wednesday,18,Evening,Medium
2025-01-15,card,ANON-0000-0000-1097,35.76,Latte,19:51:14.105,2025,1,Wednesday,19,Evening,Medium
2025-01-15,card,ANON-0000-0000-0731,35.76,Cappuccino,21:41:14.264,2025,1,Wednesday,21,Evening,Medium
2025-01-16,card,ANON-0000-0000-0886,35.76,Latte,09:32:57.684,2025,1,Thursday,9,Morning,Medium
2025-01-16,card,ANON-0000-0000-0419,30.86,Americano with Milk,09:38:09.359,2025,1,Thursday,9,Morning,Medium
2025-01-16,card,ANON-0000-0000-0012,30.86,Americano with Milk,10:41:40.881,2025,1,Thursday,10,Morning,Medium
2025-01-16,card,ANON-0000-0000-0141,25.96,Cortado,12:12:16.345,2025,1,Thursday,12,Afternoon,Low
2025-01-16,card,ANON-0000-0000-1106,35.76,Latte,15:16:19.190,2025,1,Thursday,15,Afternoon,Medium
2025-01-16,card,ANON-0000-0000-0406,35.76,Latte,16:35:11.006,2025,1,Thursday,16,Afternoon,Medium
2025-01-16,card,ANON-0000-0000-1097,35.76,Cappuccino,18:15:57.449,2025,1,Thursday,18,Evening,Medium
2025-01-16,card,ANON-0000-0000-1045,35.76,Hot Chocolate,21:15:59.720,2025,1,Thursday,21,Evening,Medium
2025-01-16,card,ANON-0000-0000-1045,35.76,Hot Chocolate,21:16:59.177,2025,1,Thursday,21,Evening,Medium
2025-01-16,card,ANON-0000-0000-1107,25.96,Cortado,21:40:12.534,2025,1,Thursday,21,Evening,Low
2025-01-17,card,ANON-0000-0000-1108,35.76,Cocoa,07:38:19.766,2025,1,Friday,7,Morning,Medium
2025-01-17,card,ANON-0000-0000-1109,35.76,Latte,08:26:20.810,2025,1,Friday,8,Morning,Medium
2025-01-17,card,ANON-0000-0000-1109,35.76,Cappuccino,08:27:48.372,2025,1,Friday,8,Morning,Medium
2025-01-17,card,ANON-0000-0000-0276,30.86,Americano with Milk,08:47:56.075,2025,1,Friday,8,Morning,Medium
2025-01-17,card,ANON-0000-0000-0012,30.86,Americano with Milk,09:27:38.418,2025,1,Friday,9,Morning,Medium
2025-01-17,card,ANON-0000-0000-1110,35.76,Cocoa,14:20:53.972,2025,1,Friday,14,Afternoon,Medium
2025-01-17,card,ANON-0000-0000-1110,35.76,Cocoa,14:22:02.670,2025,1,Friday,14,Afternoon,Medium
2025-01-17,card,ANON-0000-0000-0906,35.76,Hot Chocolate,17:39:10.610,2025,1,Friday,17,Evening,Medium
2025-01-17,card,ANON-0000-0000-0877,35.76,Hot Chocolate,21:22:18.959,2025,1,Friday,21,Evening,Medium
2025-01-18,card,ANON-0000-0000-1082,30.86,Americano with Milk,10:12:38.223,2025,1,Saturday,10,Morning,Medium
2025-01-18,card,ANON-0000-0000-0507,35.76,Hot Chocolate,16:33:40.099,2025,1,Saturday,16,Afternoon,Medium
2025-01-18,card,ANON-0000-0000-0507,35.76,Latte,16:35:14.227,2025,1,Saturday,16,Afternoon,Medium
2025-01-18,card,ANON-0000-0000-0507,35.76,Hot Chocolate,16:36:28.970,2025,1,Saturday,16,Afternoon,Medium
2025-01-20,card,ANON-0000-0000-0012,30.86,Americano with Milk,08:29:47.959,2025,1,Monday,8,Morning,Medium
2025-01-20,card,ANON-0000-0000-0276,30.86,Americano with Milk,10:57:25.231,2025,1,Monday,10,Morning,Medium
2025-01-20,card,ANON-0000-0000-0141,25.96,Cortado,11:40:24.031,2025,1,Monday,11,Morning,Low
2025-01-20,card,ANON-0000-0000-1111,25.96,Americano,12:04:49.880,2025,1,Monday,12,Afternoon,Low
2025-01-20,card,ANON-0000-0000-1111,25.96,Cortado,12:06:00.697,2025,1,Monday,12,Afternoon,Low
2025-01-20,card,ANON-0000-0000-1112,30.86,Americano with Milk,13:45:14.114,2025,1,Monday,13,Afternoon,Medium
2025-01-20,card,ANON-0000-0000-1113,35.76,Hot Chocolate,20:08:11.432,2025,1,Monday,20,Evening,Medium
2025-01-20,card,ANON-0000-0000-1114,35.76,Cappuccino,20:26:24.881,2025,1,Monday,20,Evening,Medium
2025-01-20,card,ANON-0000-0000-1114,35.76,Cappuccino,20:27:28.960,2025,1,Monday,20,Evening,Medium
2025-01-20,card,ANON-0000-0000-1115,35.76,Latte,21:13:45.440,2025,1,Monday,21,Evening,Medium
2025-01-21,card,ANON-0000-0000-1010,35.76,Cocoa,08:05:04.269,2025,1,Tuesday,8,Morning,Medium
2025-01-21,card,ANON-0000-0000-0141,25.96,Cortado,08:18:19.291,2025,1,Tuesday,8,Morning,Low
2025-01-21,card,ANON-0000-0000-1082,30.86,Americano with Milk,08:19:28.276,2025,1,Tuesday,8,Morning,Medium
2025-01-21,card,ANON-0000-0000-1116,25.96,Americano,15:35:16.518,2025,1,Tuesday,15,Afternoon,Low
2025-01-21,card,ANON-0000-0000-1117,35.76,Hot Chocolate,18:32:32.699,2025,1,Tuesday,18,Evening,Medium
2025-01-21,card,ANON-0000-0000-0333,35.76,Latte,18:54:13.394,2025,1,Tuesday,18,Evening,Medium
2025-01-21,card,ANON-0000-0000-0333,35.76,Latte,18:56:15.343,2025,1,Tuesday,18,Evening,Medium
2025-01-21,card,ANON-0000-0000-1110,25.96,Americano,19:15:21.123,2025,1,Tuesday,19,Evening,Low
2025-01-22,card,ANON-0000-0000-1118,21.06,Espresso,11:24:45.856,2025,1,Wednesday,11,Morning,Low
2025-01-22,card,ANON-0000-0000-0463,30.86,Americano with Milk,17:32:06.547,2025,1,Wednesday,17,Evening,Medium
2025-01-22,card,ANON-0000-0000-1119,35.76,Cocoa,18:49:59.374,2025,1,Wednesday,18,Evening,Medium
2025-01-22,card,ANON-0000-0000-1051,30.86,Americano with Milk,19:10:26.039,2025,1,Wednesday,19,Evening,Medium
2025-01-22,card,ANON-0000-0000-1051,35.76,Cappuccino,19:11:23.124,2025,1,Wednesday,19,Evening,Medium
2025-01-22,card,ANON-0000-0000-1120,35.76,Latte,19:29:15.703,2025,1,Wednesday,19,Evening,Medium
2025-01-22,card,ANON-0000-0000-1121,30.86,Americano with Milk,20:14:30.728,2025,1,Wednesday,20,Evening,Medium
2025-01-24,card,ANON-0000-0000-1034,35.76,Cappuccino,13:42:16.996,2025,1,Friday,13,Afternoon,Medium
2025-01-24,card,ANON-0000-0000-1034,25.96,Cortado,13:43:37.585,2025,1,Friday,13,Afternoon,Low
2025-01-24,card,ANON-0000-0000-1122,35.76,Cocoa,15:28:38.814,2025,1,Friday,15,Afternoon,Medium
2025-01-24,card,ANON-0000-0000-1123,25.96,Americano,17:41:49.306,2025,1,Friday,17,Evening,Low
2025-01-24,card,ANON-0000-0000-1045,35.76,Cocoa,21:16:26.445,2025,1,Friday,21,Evening,Medium
2025-01-24,card,ANON-0000-0000-1124,35.76,Hot Chocolate,22:31:55.575,2025,1,Friday,22,Evening,Medium
2025-01-24,card,ANON-0000-0000-1124,35.76,Latte,22:32:57.911,2025,1,Friday,22,Evening,Medium
2025-01-25,card,ANON-0000-0000-1114,35.76,Cappuccino,13:21:04.187,2025,1,Saturday,13,Afternoon,Medium
2025-01-25,card,ANON-0000-0000-1125,35.76,Cappuccino,14:38:24.586,2025,1,Saturday,14,Afternoon,Medium
2025-01-25,card,ANON-0000-0000-1126,25.96,Americano,14:39:35.084,2025,1,Saturday,14,Afternoon,Low
2025-01-26,card,ANON-0000-0000-1127,25.96,Americano,12:35:22.994,2025,1,Sunday,12,Afternoon,Low
2025-01-26,card,ANON-0000-0000-1127,21.06,Espresso,12:36:34.041,2025,1,Sunday,12,Afternoon,Low
2025-01-27,card,ANON-0000-0000-0141,25.96,Cortado,08:07:42.406,2025,1,Monday,8,Morning,Low
2025-01-27,card,ANON-0000-0000-0141,25.96,Americano,08:32:43.550,2025,1,Monday,8,Morning,Low
2025-01-27,card,ANON-0000-0000-1128,35.76,Cappuccino,12:05:02.366,2025,1,Monday,12,Afternoon,Medium
2025-01-27,card,ANON-0000-0000-0276,30.86,Americano with Milk,13:45:08.764,2025,1,Monday,13,Afternoon,Medium
2025-01-27,card,ANON-0000-0000-0141,30.86,Americano with Milk,15:27:54.111,2025,1,Monday,15,Afternoon,Medium
2025-01-27,card,ANON-0000-0000-0141,25.96,Cortado,15:29:00.863,2025,1,Monday,15,Afternoon,Low
2025-01-27,card,ANON-0000-0000-0141,30.86,Americano with Milk,15:30:12.668,2025,1,Monday,15,Afternoon,Medium
2025-01-27,card,ANON-0000-0000-1129,35.76,Latte,18:55:19.339,2025,1,Monday,18,Evening,Medium
2025-01-27,card,ANON-0000-0000-1130,35.76,Latte,19:02:40.325,2025,1,Monday,19,Evening,Medium
2025-01-27,card,ANON-0000-0000-1131,35.76,Latte,19:03:45.457,2025,1,Monday,19,Evening,Medium
2025-01-28,card,ANON-0000-0000-0197,35.76,Latte,08:26:36.795,2025,1,Tuesday,8,Morning,Medium
2025-01-28,card,ANON-0000-0000-1132,25.96,Americano,09:33:17.106,2025,1,Tuesday,9,Morning,Low
2025-01-28,card,ANON-0000-0000-0224,30.86,Americano with Milk,11:56:26.851,2025,1,Tuesday,11,Morning,Medium
2025-01-28,card,ANON-0000-0000-1133,25.96,Americano,12:22:01.233,2025,1,Tuesday,12,Afternoon,Low
2025-01-28,card,ANON-0000-0000-1134,35.76,Cocoa,16:19:07.605,2025,1,Tuesday,16,Afternoon,Medium
2025-01-28,card,ANON-0000-0000-1134,25.96,Cortado,16:20:44.658,2025,1,Tuesday,16,Afternoon,Low
2025-01-28,card,ANON-0000-0000-1135,25.96,Americano,17:40:00.932,2025,1,Tuesday,17,Evening,Low
2025-01-28,card,ANON-0000-0000-1136,35.76,Latte,20:11:50.854,2025,1,Tuesday,20,Evening,Medium
2025-01-28,card,ANON-0000-0000-1137,35.76,Cappuccino,20:13:45.162,2025,1,Tuesday,20,Evening,Medium
2025-01-29,card,ANON-0000-0000-1069,25.96,Americano,09:38:47.162,2025,1,Wednesday,9,Morning,Low
2025-01-29,card,ANON-0000-0000-1138,25.96,Americano,16:25:36.760,2025,1,Wednesday,16,Afternoon,Low
2025-01-29,card,ANON-0000-0000-1139,30.86,Americano with Milk,19:19:08.258,2025,1,Wednesday,19,Evening,Medium
2025-01-29,card,ANON-0000-0000-1139,21.06,Espresso,19:20:34.695,2025,1,Wednesday,19,Evening,Low
2025-01-30,card,ANON-0000-0000-0224,30.86,Americano with Milk,09:18:05.538,2025,1,Thursday,9,Morning,Medium
2025-01-30,card,ANON-0000-0000-0276,30.86,Americano with Milk,10:12:33.868,2025,1,Thursday,10,Morning,Medium
2025-01-30,card,ANON-0000-0000-0862,25.96,Cortado,11:26:29.175,2025,1,Thursday,11,Morning,Low
2025-01-30,card,ANON-0000-0000-1140,35.76,Hot Chocolate,12:42:15.712,2025,1,Thursday,12,Afternoon,Medium
2025-01-30,card,ANON-0000-0000-1141,25.96,Americano,13:02:00.748,2025,1,Thursday,13,Afternoon,Low
2025-01-30,card,ANON-0000-0000-1142,30.86,Americano with Milk,14:41:42.277,2025,1,Thursday,14,Afternoon,Medium
2025-01-30,card,ANON-0000-0000-1143,35.76,Hot Chocolate,17:18:48.404,2025,1,Thursday,17,Evening,Medium
2025-01-30,card,ANON-0000-0000-1069,30.86,Americano with Milk,18:24:06.652,2025,1,Thursday,18,Evening,Medium
2025-01-30,card,ANON-0000-0000-1144,25.96,Cortado,18:41:49.658,2025,1,Thursday,18,Evening,Low
2025-01-31,card,ANON-0000-0000-0141,25.96,Americano,08:40:51.449,2025,1,Friday,8,Morning,Low
2025-01-31,card,ANON-0000-0000-0141,30.86,Americano with Milk,08:41:44.730,2025,1,Friday,8,Morning,Medium
2025-01-31,card,ANON-0000-0000-0304,30.86,Americano with Milk,09:17:14.822,2025,1,Friday,9,Morning,Medium
2025-01-31,card,ANON-0000-0000-1145,35.76,Cocoa,09:20:10.981,2025,1,Friday,9,Morning,Medium
2025-01-31,card,ANON-0000-0000-0333,35.76,Cappuccino,09:26:46.766,2025,1,Friday,9,Morning,Medium
2025-01-31,card,ANON-0000-0000-0333,35.76,Cappuccino,09:27:47.738,2025,1,Friday,9,Morning,Medium
2025-01-31,card,ANON-0000-0000-1133,35.76,Latte,12:31:01.241,2025,1,Friday,12,Afternoon,Medium
2025-01-31,card,ANON-0000-0000-0507,35.76,Latte,12:54:25.716,2025,1,Friday,12,Afternoon,Medium
2025-01-31,card,ANON-0000-0000-1146,35.76,Cappuccino,14:02:58.271,2025,1,Friday,14,Afternoon,Medium
2025-01-31,card,ANON-0000-0000-0304,30.86,Americano with Milk,16:48:33.995,2025,1,Friday,16,Afternoon,Medium
2025-01-31,card,ANON-0000-0000-1147,30.86,Americano with Milk,22:35:58.843,2025,1,Friday,22,Evening,Medium
2025-01-31,card,ANON-0000-0000-1148,25.96,Americano,22:37:02.031,2025,1,Friday,22,Evening,Low
2025-02-01,card,ANON-0000-0000-0304,30.86,Americano with Milk,08:50:23.610,2025,2,Saturday,8,Morning,Medium
2025-02-01,card,ANON-0000-0000-0224,30.86,Americano with Milk,10:07:22.849,2025,2,Saturday,10,Morning,Medium
2025-02-01,card,ANON-0000-0000-0141,25.96,Cortado,13:14:46.639,2025,2,Saturday,13,Afternoon,Low
2025-02-01,card,ANON-0000-0000-0141,25.96,Cortado,13:15:29.243,2025,2,Saturday,13,Afternoon,Low
2025-02-01,card,ANON-0000-0000-1149,35.76,Cappuccino,14:35:18.871,2025,2,Saturday,14,Afternoon,Medium
2025-02-01,card,ANON-0000-0000-1149,35.76,Cappuccino,14:36:16.610,2025,2,Saturday,14,Afternoon,Medium
2025-02-01,card,ANON-0000-0000-1069,35.76,Latte,15:49:58.951,2025,2,Saturday,15,Afternoon,Medium
2025-02-01,card,ANON-0000-0000-1114,35.76,Cappuccino,18:57:14.364,2025,2,Saturday,18,Evening,Medium
2025-02-01,card,ANON-0000-0000-0224,30.86,Americano with Milk,19:53:15.503,2025,2,Saturday,19,Evening,Medium
2025-02-01,card,ANON-0000-0000-0224,30.86,Americano with Milk,19:54:24.066,2025,2,Saturday,19,Evening,Medium
2025-02-01,card,ANON-0000-0000-0427,30.86,Americano with Milk,21:37:01.776,2025,2,Saturday,21,Evening,Medium
2025-02-02,card,ANON-0000-0000-1132,35.76,Cappuccino,10:56:21.940,2025,2,Sunday,10,Morning,Medium
2025-02-02,card,ANON-0000-0000-1132,35.76,Cappuccino,10:57:37.780,2025,2,Sunday,10,Morning,Medium
2025-02-02,card,ANON-0000-0000-1150,35.76,Latte,12:54:32.175,2025,2,Sunday,12,Afternoon,Medium
2025-02-02,card,ANON-0000-0000-1151,35.76,Latte,12:56:04.653,2025,2,Sunday,12,Afternoon,Medium
2025-02-02,card,ANON-0000-0000-0265,30.86,Americano with Milk,14:22:57.323,2025,2,Sunday,14,Afternoon,Medium
2025-02-02,card,ANON-0000-0000-0507,35.76,Latte,16:45:07.918,2025,2,Sunday,16,Afternoon,Medium
2025-02-02,card,ANON-0000-0000-1152,35.76,Latte,16:46:57.223,2025,2,Sunday,16,Afternoon,Medium
2025-02-03,card,ANON-0000-0000-1152,35.76,Cappuccino,07:03:24.790,2025,2,Monday,7,Morning,Medium
2025-02-03,card,ANON-0000-0000-1152,30.86,Americano with Milk,07:04:56.569,2025,2,Monday,7,Morning,Medium
2025-02-03,card,ANON-0000-0000-1152,21.06,Espresso,08:04:03.627,2025,2,Monday,8,Morning,Low
2025-02-03,card,ANON-0000-0000-1153,30.86,Americano with Milk,08:09:08.967,2025,2,Monday,8,Morning,Medium
2025-02-03,card,ANON-0000-0000-1154,25.96,Americano,10:15:38.570,2025,2,Monday,10,Morning,Low
2025-02-03,card,ANON-0000-0000-1155,35.76,Cappuccino,10:22:18.416,2025,2,Monday,10,Morning,Medium
2025-02-03,card,ANON-0000-0000-1156,30.86,Americano with Milk,10:49:58.650,2025,2,Monday,10,Morning,Medium
2025-02-03,card,ANON-0000-0000-1157,35.76,Cappuccino,13:25:02.069,2025,2,Monday,13,Afternoon,Medium
2025-02-03,card,ANON-0000-0000-1158,35.76,Cappuccino,13:32:53.672,2025,2,Monday,13,Afternoon,Medium
2025-02-03,card,ANON-0000-0000-1159,25.96,Americano,13:51:03.281,2025,2,Monday,13,Afternoon,Low
2025-02-03,card,ANON-0000-0000-1160,25.96,Americano,14:06:36.519,2025,2,Monday,14,Afternoon,Low
2025-02-03,card,ANON-0000-0000-0019,35.76,Latte,14:47:02.198,2025,2,Monday,14,Afternoon,Medium
2025-02-03,card,ANON-0000-0000-0507,35.76,Latte,14:50:20.575,2025,2,Monday,14,Afternoon,Medium
2025-02-03,card,ANON-0000-0000-1161,35.76,Latte,15:01:44.613,2025,2,Monday,15,Afternoon,Medium
2025-02-03,card,ANON-0000-0000-1110,25.96,Americano,15:41:27.205,2025,2,Monday,15,Afternoon,Low
2025-02-03,card,ANON-0000-0000-1160,35.76,Cocoa,17:01:26.871,2025,2,Monday,17,Evening,Medium
2025-02-03,card,ANON-0000-0000-1162,30.86,Americano with Milk,17:09:55.135,2025,2,Monday,17,Evening,Medium
2025-02-03,card,ANON-0000-0000-1163,30.86,Americano with Milk,17:11:07.189,2025,2,Monday,17,Evening,Medium
2025-02-03,card,ANON-0000-0000-1163,30.86,Americano with Milk,17:12:05.215,2025,2,Monday,17,Evening,Medium
2025-02-03,card,ANON-0000-0000-1164,35.76,Hot Chocolate,17:13:21.519,2025,2,Monday,17,Evening,Medium
2025-02-03,card,ANON-0000-0000-1164,35.76,Latte,17:14:18.374,2025,2,Monday,17,Evening,Medium
2025-02-03,card,ANON-0000-0000-1165,35.76,Hot Chocolate,17:15:40.901,2025,2,Monday,17,Evening,Medium
2025-02-03,card,ANON-0000-0000-1166,30.86,Americano with Milk,17:44:17.695,2025,2,Monday,17,Evening,Medium
2025-02-03,card,ANON-0000-0000-1167,25.96,Americano,18:09:00.486,2025,2,Monday,18,Evening,Low
2025-02-03,card,ANON-0000-0000-1168,35.76,Cocoa,20:44:14.131,2025,2,Monday,20,Evening,Medium
2025-02-04,card,ANON-0000-0000-1163,30.86,Americano with Milk,10:04:56.809,2025,2,Tuesday,10,Morning,Medium
2025-02-04,card,ANON-0000-0000-1110,25.96,Americano,10:11:31.338,2025,2,Tuesday,10,Morning,Low
2025-02-04,card,ANON-0000-0000-1169,30.86,Americano with Milk,12:35:58.283,2025,2,Tuesday,12,Afternoon,Medium
2025-02-04,card,ANON-0000-0000-1160,25.96,Cortado,13:07:39.018,2025,2,Tuesday,13,Afternoon,Low
2025-02-04,card,ANON-0000-0000-1170,25.96,Americano,14:15:14.010,2025,2,Tuesday,14,Afternoon,Low
2025-02-04,card,ANON-0000-0000-1163,30.86,Americano with Milk,14:17:36.486,2025,2,Tuesday,14,Afternoon,Medium
2025-02-04,card,ANON-0000-0000-1171,25.96,Americano,14:19:48.544,2025,2,Tuesday,14,Afternoon,Low
2025-02-04,card,ANON-0000-0000-1157,30.86,Americano with Milk,18:13:41.792,2025,2,Tuesday,18,Evening,Medium
2025-02-04,card,ANON-0000-0000-1172,35.76,Cocoa,19:05:21.915,2025,2,Tuesday,19,Evening,Medium
2025-02-04,card,ANON-0000-0000-1173,35.76,Cocoa,19:09:36.727,2025,2,Tuesday,19,Evening,Medium
2025-02-04,card,ANON-0000-0000-1173,35.76,Cocoa,19:10:27.574,2025,2,Tuesday,19,Evening,Medium
2025-02-04,card,ANON-0000-0000-1174,25.96,Cortado,19:27:27.283,2025,2,Tuesday,19,Evening,Low
2025-02-05,card,ANON-0000-0000-1156,30.86,Americano with Milk,08:42:10.512,2025,2,Wednesday,8,Morning,Medium
2025-02-05,card,ANON-0000-0000-1163,30.86,Americano with Milk,09:10:43.723,2025,2,Wednesday,9,Morning,Medium
2025-02-05,card,ANON-0000-0000-1163,25.96,Americano,11:49:35.788,2025,2,Wednesday,11,Morning,Low
2025-02-05,card,ANON-0000-0000-1163,25.96,Americano,11:50:41.585,2025,2,Wednesday,11,Morning,Low
2025-02-05,card,ANON-0000-0000-1163,25.96,Americano,11:51:45.385,2025,2,Wednesday,11,Morning,Low
2025-02-05,card,ANON-0000-0000-1163,30.86,Americano with Milk,11:58:36.442,2025,2,Wednesday,11,Morning,Medium
2025-02-05,card,ANON-0000-0000-1175,25.96,Americano,12:10:46.876,2025,2,Wednesday,12,Afternoon,Low
2025-02-05,card,ANON-0000-0000-1176,25.96,Americano,13:20:46.169,2025,2,Wednesday,13,Afternoon,Low
2025-02-05,card,ANON-0000-0000-1171,21.06,Espresso,13:43:42.825,2025,2,Wednesday,13,Afternoon,Low
2025-02-05,card,ANON-0000-0000-1171,21.06,Espresso,13:44:29.310,2025,2,Wednesday,13,Afternoon,Low
2025-02-05,card,ANON-0000-0000-1161,35.76,Cappuccino,14:57:52.705,2025,2,Wednesday,14,Afternoon,Medium
2025-02-05,card,ANON-0000-0000-1177,35.76,Cappuccino,15:50:58.774,2025,2,Wednesday,15,Afternoon,Medium
2025-02-05,card,ANON-0000-0000-1165,35.76,Hot Chocolate,16:34:20.397,2025,2,Wednesday,16,Afternoon,Medium
2025-02-05,card,ANON-0000-0000-1164,35.76,Latte,16:35:33.007,2025,2,Wednesday,16,Afternoon,Medium
2025-02-05,card,ANON-0000-0000-1164,35.76,Latte,16:36:34.191,2025,2,Wednesday,16,Afternoon,Medium
2025-02-05,card,ANON-0000-0000-1152,35.76,Cocoa,16:39:01.735,2025,2,Wednesday,16,Afternoon,Medium
2025-02-05,card,ANON-0000-0000-1165,35.76,Hot Chocolate,16:41:09.994,2025,2,Wednesday,16,Afternoon,Medium
2025-02-05,card,ANON-0000-0000-1178,35.76,Cappuccino,18:18:34.427,2025,2,Wednesday,18,Evening,Medium
2025-02-05,card,ANON-0000-0000-1179,35.76,Cappuccino,18:19:49.078,2025,2,Wednesday,18,Evening,Medium
2025-02-05,card,ANON-0000-0000-1180,35.76,Cocoa,18:20:51.486,2025,2,Wednesday,18,Evening,Medium
2025-02-05,card,ANON-0000-0000-1157,30.86,Americano with Milk,18:25:29.322,2025,2,Wednesday,18,Evening,Medium
2025-02-05,card,ANON-0000-0000-1181,35.76,Cappuccino,18:45:42.132,2025,2,Wednesday,18,Evening,Medium
2025-02-05,card,ANON-0000-0000-0507,35.76,Hot Chocolate,19:06:46.262,2025,2,Wednesday,19,Evening,Medium
2025-02-05,card,ANON-0000-0000-1182,35.76,Cocoa,20:03:20.629,2025,2,Wednesday,20,Evening,Medium
2025-02-06,card,ANON-0000-0000-1163,30.86,Americano with Milk,07:16:48.645,2025,2,Thursday,7,Morning,Medium
2025-02-06,card,ANON-0000-0000-1171,25.96,Americano,13:59:21.456,2025,2,Thursday,13,Afternoon,Low
2025-02-06,card,ANON-0000-0000-1162,30.86,Americano with Milk,14:55:31.564,2025,2,Thursday,14,Afternoon,Medium
2025-02-06,card,ANON-0000-0000-1158,35.76,Cappuccino,14:59:22.422,2025,2,Thursday,14,Afternoon,Medium
2025-02-06,card,ANON-0000-0000-1163,35.76,Cocoa,16:14:49.801,2025,2,Thursday,16,Afternoon,Medium
2025-02-06,card,ANON-0000-0000-1170,35.76,Cocoa,17:09:45.604,2025,2,Thursday,17,Evening,Medium
2025-02-06,card,ANON-0000-0000-1183,35.76,Cocoa,17:54:25.041,2025,2,Thursday,17,Evening,Medium
2025-02-06,card,ANON-0000-0000-1158,35.76,Cappuccino,19:53:12.674,2025,2,Thursday,19,Evening,Medium
2025-02-06,card,ANON-0000-0000-1184,21.06,Espresso,19:55:06.501,2025,2,Thursday,19,Evening,Low
2025-02-06,card,ANON-0000-0000-1185,35.76,Cocoa,20:06:59.305,2025,2,Thursday,20,Evening,Medium
2025-02-06,card,ANON-0000-0000-1186,35.76,Cocoa,20:07:47.105,2025,2,Thursday,20,Evening,Medium
2025-02-06,card,ANON-0000-0000-1163,35.76,Latte,20:23:13.537,2025,2,Thursday,20,Evening,Medium
2025-02-07,card,ANON-0000-0000-1152,30.86,Americano with Milk,08:44:49.968,2025,2,Friday,8,Morning,Medium
2025-02-07,card,ANON-0000-0000-1187,30.86,Americano with Milk,09:07:04.654,2025,2,Friday,9,Morning,Medium
2025-02-07,card,ANON-0000-0000-1188,25.96,Americano,10:49:23.202,2025,2,Friday,10,Morning,Low
2025-02-07,card,ANON-0000-0000-1189,35.76,Cocoa,12:09:38.592,2025,2,Friday,12,Afternoon,Medium
2025-02-07,card,ANON-0000-0000-1163,30.86,Americano with Milk,12:51:22.367,2025,2,Friday,12,Afternoon,Medium
2025-02-07,card,ANON-0000-0000-1190,25.96,Americano,12:58:51.777,2025,2,Friday,12,Afternoon,Low
2025-02-07,card,ANON-0000-0000-1170,25.96,Cortado,16:04:10.943,2025,2,Friday,16,Afternoon,Low
2025-02-07,card,ANON-0000-0000-1191,35.76,Latte,16:22:13.091,2025,2,Friday,16,Afternoon,Medium
2025-02-07,card,ANON-0000-0000-1165,35.76,Hot Chocolate,16:23:14.076,2025,2,Friday,16,Afternoon,Medium
2025-02-07,card,ANON-0000-0000-1165,35.76,Latte,16:24:35.194,2025,2,Friday,16,Afternoon,Medium
2025-02-07,card,ANON-0000-0000-1178,35.76,Cocoa,18:42:36.741,2025,2,Friday,18,Evening,Medium
2025-02-07,card,ANON-0000-0000-1179,35.76,Cocoa,18:43:36.084,2025,2,Friday,18,Evening,Medium
2025-02-07,card,ANON-0000-0000-1192,25.96,Cortado,18:44:30.842,2025,2,Friday,18,Evening,Low
2025-02-07,card,ANON-0000-0000-1192,35.76,Cocoa,18:45:23.077,2025,2,Friday,18,Evening,Medium
2025-02-07,card,ANON-0000-0000-1193,35.76,Cocoa,20:10:59.413,2025,2,Friday,20,Evening,Medium
2025-02-07,card,ANON-0000-0000-1161,25.96,Cortado,20:30:56.938,2025,2,Friday,20,Evening,Low
2025-02-08,card,ANON-0000-0000-1163,25.96,Americano,09:01:42.933,2025,2,Saturday,9,Morning,Low
2025-02-08,card,ANON-0000-0000-1153,30.86,Americano with Milk,10:56:17.090,2025,2,Saturday,10,Morning,Medium
2025-02-08,card,ANON-0000-0000-1194,25.96,Cortado,11:02:41.385,2025,2,Saturday,11,Morning,Low
2025-02-08,card,ANON-0000-0000-1195,25.96,Americano,11:39:33.882,2025,2,Saturday,11,Morning,Low
2025-02-08,card,ANON-0000-0000-1167,25.96,Americano,12:46:12.840,2025,2,Saturday,12,Afternoon,Low
2025-02-08,card,ANON-0000-0000-1170,25.96,Americano,13:26:47.588,2025,2,Saturday,13,Afternoon,Low
2025-02-08,card,ANON-0000-0000-1110,25.96,Americano,15:07:04.164,2025,2,Saturday,15,Afternoon,Low
2025-02-08,card,ANON-0000-0000-1110,25.96,Americano,15:08:09.210,2025,2,Saturday,15,Afternoon,Low
2025-02-09,card,ANON-0000-0000-1161,35.76,Cocoa,08:49:24.111,2025,2,Sunday,8,Morning,Medium
2025-02-09,card,ANON-0000-0000-1157,30.86,Americano with Milk,10:31:09.185,2025,2,Sunday,10,Morning,Medium
2025-02-09,card,ANON-0000-0000-1163,25.96,Americano,10:51:28.019,2025,2,Sunday,10,Morning,Low
2025-02-09,card,ANON-0000-0000-1196,35.76,Latte,12:05:05.007,2025,2,Sunday,12,Afternoon,Medium
2025-02-09,card,ANON-0000-0000-1189,35.76,Cocoa,15:13:09.171,2025,2,Sunday,15,Afternoon,Medium
2025-02-09,card,ANON-0000-0000-1189,35.76,Latte,15:14:02.345,2025,2,Sunday,15,Afternoon,Medium
2025-02-09,card,ANON-0000-0000-1178,35.76,Hot Chocolate,15:15:57.899,2025,2,Sunday,15,Afternoon,Medium
2025-02-09,card,ANON-0000-0000-1179,35.76,Cocoa,15:16:52.224,2025,2,Sunday,15,Afternoon,Medium
2025-02-09,card,ANON-0000-0000-1161,25.96,Cortado,16:20:18.825,2025,2,Sunday,16,Afternoon,Low
2025-02-10,card,ANON-0000-0000-1152,25.96,Americano,07:01:46.579,2025,2,Monday,7,Morning,Low
2025-02-10,card,ANON-0000-0000-1110,25.96,Americano,08:16:32.125,2025,2,Monday,8,Morning,Low
2025-02-10,card,ANON-0000-0000-1152,25.96,Americano,08:24:56.389,2025,2,Monday,8,Morning,Low
2025-02-10,card,ANON-0000-0000-1153,30.86,Americano with Milk,11:11:43.020,2025,2,Monday,11,Morning,Medium
2025-02-10,card,ANON-0000-0000-1167,25.96,Americano,13:08:50.162,2025,2,Monday,13,Afternoon,Low
2025-02-10,card,ANON-0000-0000-1168,35.76,Cocoa,13:11:05.976,2025,2,Monday,13,Afternoon,Medium
2025-02-10,card,ANON-0000-0000-1197,30.86,Americano with Milk,13:26:54.671,2025,2,Monday,13,Afternoon,Medium
2025-02-10,card,ANON-0000-0000-1198,25.96,Americano,13:40:13.329,2025,2,Monday,13,Afternoon,Low
2025-02-10,card,ANON-0000-0000-1199,35.76,Latte,14:01:52.039,2025,2,Monday,14,Afternoon,Medium
2025-02-10,card,ANON-0000-0000-1163,25.96,Americano,14:07:41.358,2025,2,Monday,14,Afternoon,Low
2025-02-10,card,ANON-0000-0000-1163,35.76,Cocoa,14:11:46.466,2025,2,Monday,14,Afternoon,Medium
2025-02-10,card,ANON-0000-0000-1163,35.76,Cocoa,14:15:44.582,2025,2,Monday,14,Afternoon,Medium
2025-02-10,card,ANON-0000-0000-1200,35.76,Cappuccino,15:01:54.950,2025,2,Monday,15,Afternoon,Medium
2025-02-10,card,ANON-0000-0000-1166,30.86,Americano with Milk,15:14:01.175,2025,2,Monday,15,Afternoon,Medium
2025-02-10,card,ANON-0000-0000-1191,35.76,Latte,15:46:02.637,2025,2,Monday,15,Afternoon,Medium
2025-02-10,card,ANON-0000-0000-1165,35.76,Hot Chocolate,15:47:44.088,2025,2,Monday,15,Afternoon,Medium
2025-02-10,card,ANON-0000-0000-1170,35.76,Cocoa,16:20:55.047,2025,2,Monday,16,Afternoon,Medium
2025-02-10,card,ANON-0000-0000-0878,25.96,Americano,17:12:02.356,2025,2,Monday,17,Evening,Low
2025-02-10,card,ANON-0000-0000-1157,30.86,Americano with Milk,18:27:14.597,2025,2,Monday,18,Evening,Medium
2025-02-10,card,ANON-0000-0000-1178,35.76,Latte,19:14:01.461,2025,2,Monday,19,Evening,Medium
2025-02-10,card,ANON-0000-0000-1201,35.76,Latte,19:14:53.526,2025,2,Monday,19,Evening,Medium
2025-02-11,card,ANON-0000-0000-1163,25.96,Americano,10:38:26.035,2025,2,Tuesday,10,Morning,Low
2025-02-11,card,ANON-0000-0000-1176,25.96,Americano,11:19:15.478,2025,2,Tuesday,11,Morning,Low
2025-02-11,card,ANON-0000-0000-1166,30.86,Americano with Milk,11:20:12.152,2025,2,Tuesday,11,Morning,Medium
2025-02-11,card,ANON-0000-0000-1189,35.76,Cocoa,11:21:08.002,2025,2,Tuesday,11,Morning,Medium
2025-02-11,card,ANON-0000-0000-1156,35.76,Hot Chocolate,15:56:49.868,2025,2,Tuesday,15,Afternoon,Medium
2025-02-11,card,ANON-0000-0000-1194,30.86,Americano with Milk,16:09:08.439,2025,2,Tuesday,16,Afternoon,Medium
2025-02-11,card,ANON-0000-0000-1202,21.06,Espresso,16:49:40.995,2025,2,Tuesday,16,Afternoon,Low
2025-02-11,card,ANON-0000-0000-1163,35.76,Latte,17:35:34.920,2025,2,Tuesday,17,Evening,Medium
2025-02-11,card,ANON-0000-0000-1163,30.86,Americano with Milk,17:36:42.232,2025,2,Tuesday,17,Evening,Medium
2025-02-11,card,ANON-0000-0000-1203,30.86,Americano with Milk,17:44:12.594,2025,2,Tuesday,17,Evening,Medium
2025-02-11,card,ANON-0000-0000-1110,25.96,Americano,17:50:40.426,2025,2,Tuesday,17,Evening,Low
2025-02-11,card,ANON-0000-0000-1203,30.86,Americano with Milk,17:54:37.833,2025,2,Tuesday,17,Evening,Medium
2025-02-11,card,ANON-0000-0000-1204,35.76,Latte,19:04:11.037,2025,2,Tuesday,19,Evening,Medium
2025-02-11,card,ANON-0000-0000-1204,35.76,Cocoa,19:05:03.830,2025,2,Tuesday,19,Evening,Medium
2025-02-12,card,ANON-0000-0000-1200,35.76,Cappuccino,07:16:57.164,2025,2,Wednesday,7,Morning,Medium
2025-02-12,card,ANON-0000-0000-1163,25.96,Americano,07:35:37.551,2025,2,Wednesday,7,Morning,Low
2025-02-12,card,ANON-0000-0000-1163,35.76,Cocoa,08:54:35.758,2025,2,Wednesday,8,Morning,Medium
2025-02-12,card,ANON-0000-0000-1153,30.86,Americano with Milk,09:19:45.900,2025,2,Wednesday,9,Morning,Medium
2025-02-12,card,ANON-0000-0000-1188,25.96,Americano,10:43:13.475,2025,2,Wednesday,10,Morning,Low
2025-02-12,card,ANON-0000-0000-1205,25.96,Americano,12:43:29.084,2025,2,Wednesday,12,Afternoon,Low
2025-02-12,card,ANON-0000-0000-1206,25.96,Americano,13:08:09.325,2025,2,Wednesday,13,Afternoon,Low
2025-02-12,card,ANON-0000-0000-1160,35.76,Hot Chocolate,13:41:39.723,2025,2,Wednesday,13,Afternoon,Medium
2025-02-12,card,ANON-0000-0000-1164,35.76,Hot Chocolate,15:41:24.777,2025,2,Wednesday,15,Afternoon,Medium
2025-02-12,card,ANON-0000-0000-1191,35.76,Latte,15:42:16.575,2025,2,Wednesday,15,Afternoon,Medium
2025-02-12,card,ANON-0000-0000-1165,35.76,Hot Chocolate,15:43:34.522,2025,2,Wednesday,15,Afternoon,Medium
2025-02-12,card,ANON-0000-0000-1160,25.96,Americano,16:12:58.376,2025,2,Wednesday,16,Afternoon,Low
2025-02-12,card,ANON-0000-0000-1160,25.96,Americano,16:26:08.533,2025,2,Wednesday,16,Afternoon,Low
2025-02-12,card,ANON-0000-0000-1200,35.76,Cappuccino,17:05:31.989,2025,2,Wednesday,17,Evening,Medium
2025-02-12,card,ANON-0000-0000-1110,25.96,Americano,17:42:51.484,2025,2,Wednesday,17,Evening,Low
2025-02-12,card,ANON-0000-0000-0507,35.76,Latte,20:05:40.740,2025,2,Wednesday,20,Evening,Medium
2025-02-12,card,ANON-0000-0000-1178,35.76,Cocoa,20:23:13.374,2025,2,Wednesday,20,Evening,Medium
2025-02-12,card,ANON-0000-0000-1158,35.76,Cappuccino,21:17:04.272,2025,2,Wednesday,21,Evening,Medium
2025-02-13,card,ANON-0000-0000-1153,30.86,Americano with Milk,07:38:47.907,2025,2,Thursday,7,Morning,Medium
2025-02-13,card,ANON-0000-0000-1152,25.96,Americano,08:45:57.062,2025,2,Thursday,8,Morning,Low
2025-02-13,card,ANON-0000-0000-1207,21.06,Espresso,09:17:21.021,2025,2,Thursday,9,Morning,Low
2025-02-13,card,ANON-0000-0000-1168,35.76,Cocoa,09:36:05.130,2025,2,Thursday,9,Morning,Medium
2025-02-13,card,ANON-0000-0000-1156,30.86,Americano with Milk,10:29:32.655,2025,2,Thursday,10,Morning,Medium
2025-02-13,card,ANON-0000-0000-1157,30.86,Americano with Milk,10:59:27.048,2025,2,Thursday,10,Morning,Medium
2025-02-13,card,ANON-0000-0000-1163,25.96,Americano,16:30:39.247,2025,2,Thursday,16,Afternoon,Low
2025-02-13,card,ANON-0000-0000-1163,25.96,Americano,16:31:33.722,2025,2,Thursday,16,Afternoon,Low
2025-02-13,card,ANON-0000-0000-1178,30.86,Americano with Milk,17:16:11.630,2025,2,Thursday,17,Evening,Medium
2025-02-13,card,ANON-0000-0000-1179,30.86,Americano with Milk,17:17:20.197,2025,2,Thursday,17,Evening,Medium
2025-02-13,card,ANON-0000-0000-1208,35.76,Latte,18:01:35.454,2025,2,Thursday,18,Evening,Medium
2025-02-13,card,ANON-0000-0000-0046,35.76,Cappuccino,18:15:08.550,2025,2,Thursday,18,Evening,Medium
2025-02-13,card,ANON-0000-0000-1209,35.76,Latte,19:06:30.373,2025,2,Thursday,19,Evening,Medium
2025-02-14,card,ANON-0000-0000-1163,25.96,Americano,11:38:55.705,2025,2,Friday,11,Morning,Low
2025-02-14,card,ANON-0000-0000-1210,35.76,Hot Chocolate,14:07:09.333,2025,2,Friday,14,Afternoon,Medium
2025-02-14,card,ANON-0000-0000-1198,25.96,Americano,14:45:59.806,2025,2,Friday,14,Afternoon,Low
2025-02-14,card,ANON-0000-0000-1198,21.06,Espresso,14:46:45.108,2025,2,Friday,14,Afternoon,Low
2025-02-14,card,ANON-0000-0000-1211,30.86,Americano with Milk,14:58:12.247,2025,2,Friday,14,Afternoon,Medium
2025-02-14,card,ANON-0000-0000-1200,35.76,Cappuccino,15:00:16.743,2025,2,Friday,15,Afternoon,Medium
2025-02-14,card,ANON-0000-0000-0507,35.76,Cappuccino,15:36:40.857,2025,2,Friday,15,Afternoon,Medium
2025-02-14,card,ANON-0000-0000-0507,35.76,Latte,15:38:47.478,2025,2,Friday,15,Afternoon,Medium
2025-02-14,card,ANON-0000-0000-1212,35.76,Hot Chocolate,15:53:56.467,2025,2,Friday,15,Afternoon,Medium
2025-02-14,card,ANON-0000-0000-1212,35.76,Cappuccino,15:54:57.220,2025,2,Friday,15,Afternoon,Medium
2025-02-14,card,ANON-0000-0000-1160,25.96,Americano,17:03:16.068,2025,2,Friday,17,Evening,Low
2025-02-14,card,ANON-0000-0000-1160,35.76,Cocoa,17:04:29.509,2025,2,Friday,17,Evening,Medium
2025-02-14,card,ANON-0000-0000-1202,21.06,Espresso,17:09:07.646,2025,2,Friday,17,Evening,Low
2025-02-14,card,ANON-0000-0000-1213,30.86,Americano with Milk,17:25:24.871,2025,2,Friday,17,Evening,Medium
2025-02-14,card,ANON-0000-0000-1214,25.96,Americano,21:18:29.956,2025,2,Friday,21,Evening,Low
2025-02-15,card,ANON-0000-0000-1200,35.76,Cappuccino,09:22:51.930,2025,2,Saturday,9,Morning,Medium
2025-02-15,card,ANON-0000-0000-1163,35.76,Cappuccino,12:41:53.830,2025,2,Saturday,12,Afternoon,Medium
2025-02-15,card,ANON-0000-0000-1163,25.96,Americano,12:44:26.571,2025,2,Saturday,12,Afternoon,Low
2025-02-15,card,ANON-0000-0000-0878,30.86,Americano with Milk,13:02:19.867,2025,2,Saturday,13,Afternoon,Medium
2025-02-15,card,ANON-0000-0000-1200,30.86,Americano with Milk,13:32:05.734,2025,2,Saturday,13,Afternoon,Medium
2025-02-15,card,ANON-0000-0000-1184,35.76,Cappuccino,14:01:51.228,2025,2,Saturday,14,Afternoon,Medium
2025-02-15,card,ANON-0000-0000-1215,25.96,Americano,14:11:53.922,2025,2,Saturday,14,Afternoon,Low
2025-02-15,card,ANON-0000-0000-1201,35.76,Hot Chocolate,15:40:07.667,2025,2,Saturday,15,Afternoon,Medium
2025-02-15,card,ANON-0000-0000-1179,35.76,Hot Chocolate,15:40:59.443,2025,2,Saturday,15,Afternoon,Medium
2025-02-16,card,ANON-0000-0000-1216,25.96,Americano,10:46:43.223,2025,2,Sunday,10,Morning,Low
2025-02-16,card,ANON-0000-0000-1169,25.96,Americano,10:50:00.616,2025,2,Sunday,10,Morning,Low
2025-02-16,card,ANON-0000-0000-1169,30.86,Americano with Milk,10:51:03.967,2025,2,Sunday,10,Morning,Medium
2025-02-16,card,ANON-0000-0000-1156,35.76,Hot Chocolate,11:04:47.894,2025,2,Sunday,11,Morning,Medium
2025-02-16,card,ANON-0000-0000-1160,25.96,Americano,11:32:29.055,2025,2,Sunday,11,Morning,Low
2025-02-16,card,ANON-0000-0000-1196,35.76,Hot Chocolate,14:15:37.049,2025,2,Sunday,14,Afternoon,Medium
2025-02-16,card,ANON-0000-0000-1196,35.76,Latte,14:16:41.124,2025,2,Sunday,14,Afternoon,Medium
2025-02-16,card,ANON-0000-0000-1163,35.76,Hot Chocolate,17:12:27.402,2025,2,Sunday,17,Evening,Medium
2025-02-16,card,ANON-0000-0000-1163,30.86,Americano with Milk,17:13:32.973,2025,2,Sunday,17,Evening,Medium
2025-02-16,card,ANON-0000-0000-1217,30.86,Americano with Milk,17:44:32.781,2025,2,Sunday,17,Evening,Medium
2025-02-17,card,ANON-0000-0000-1200,35.76,Cappuccino,06:50:04.455,2025,2,Monday,6,Morning,Medium
2025-02-17,card,ANON-0000-0000-1163,25.96,Americano,08:53:13.808,2025,2,Monday,8,Morning,Low
2025-02-17,card,ANON-0000-0000-1160,25.96,Americano,09:00:55.147,2025,2,Monday,9,Morning,Low
2025-02-17,card,ANON-0000-0000-1218,30.86,Americano with Milk,09:28:06.582,2025,2,Monday,9,Morning,Medium
2025-02-17,card,ANON-0000-0000-1210,35.76,Hot Chocolate,09:56:59.212,2025,2,Monday,9,Morning,Medium
2025-02-17,card,ANON-0000-0000-1219,30.86,Americano with Milk,10:20:12.065,2025,2,Monday,10,Morning,Medium
2025-02-17,card,ANON-0000-0000-1160,25.96,Americano,10:44:48.005,2025,2,Monday,10,Morning,Low
2025-02-17,card,ANON-0000-0000-1203,30.86,Americano with Milk,11:53:58.611,2025,2,Monday,11,Morning,Medium
2025-02-17,card,ANON-0000-0000-1202,21.06,Espresso,11:55:02.203,2025,2,Monday,11,Morning,Low
2025-02-17,card,ANON-0000-0000-1220,35.76,Cappuccino,12:48:58.321,2025,2,Monday,12,Afternoon,Medium
2025-02-17,card,ANON-0000-0000-1221,35.76,Latte,14:23:01.905,2025,2,Monday,14,Afternoon,Medium
2025-02-17,card,ANON-0000-0000-1194,30.86,Americano with Milk,15:05:41.697,2025,2,Monday,15,Afternoon,Medium
2025-02-17,card,ANON-0000-0000-1191,35.76,Latte,15:33:19.567,2025,2,Monday,15,Afternoon,Medium
2025-02-17,card,ANON-0000-0000-1218,21.06,Espresso,16:19:06.398,2025,2,Monday,16,Afternoon,Low
2025-02-17,card,ANON-0000-0000-1170,25.96,Americano,16:22:42.001,2025,2,Monday,16,Afternoon,Low
2025-02-17,card,ANON-0000-0000-1222,30.86,Americano with Milk,17:31:14.111,2025,2,Monday,17,Evening,Medium
2025-02-17,card,ANON-0000-0000-1206,25.96,Americano,18:23:52.638,2025,2,Monday,18,Evening,Low
2025-02-17,card,ANON-0000-0000-1223,25.96,Americano,19:13:51.838,2025,2,Monday,19,Evening,Low
2025-02-17,card,ANON-0000-0000-1223,25.96,Americano,19:15:00.877,2025,2,Monday,19,Evening,Low
2025-02-17,card,ANON-0000-0000-1192,35.76,Latte,20:18:17.498,2025,2,Monday,20,Evening,Medium
2025-02-18,card,ANON-0000-0000-1163,25.96,Americano,08:53:08.743,2025,2,Tuesday,8,Morning,Low
2025-02-18,card,ANON-0000-0000-1163,25.96,Americano,08:54:14.493,2025,2,Tuesday,8,Morning,Low
2025-02-18,card,ANON-0000-0000-1110,25.96,Americano,11:07:35.321,2025,2,Tuesday,11,Morning,Low
2025-02-18,card,ANON-0000-0000-1198,25.96,Americano,11:30:06.156,2025,2,Tuesday,11,Morning,Low
2025-02-18,card,ANON-0000-0000-1203,30.86,Americano with Milk,11:38:23.547,2025,2,Tuesday,11,Morning,Medium
2025-02-18,card,ANON-0000-0000-1218,30.86,Americano with Milk,12:15:26.575,2025,2,Tuesday,12,Afternoon,Medium
2025-02-18,card,ANON-0000-0000-1224,35.76,Cocoa,13:04:27.249,2025,2,Tuesday,13,Afternoon,Medium
2025-02-18,card,ANON-0000-0000-1215,25.96,Americano,13:25:45.108,2025,2,Tuesday,13,Afternoon,Low
2025-02-18,card,ANON-0000-0000-1222,30.86,Americano with Milk,13:27:05.310,2025,2,Tuesday,13,Afternoon,Medium
2025-02-18,card,ANON-0000-0000-1210,35.76,Hot Chocolate,17:05:28.048,2025,2,Tuesday,17,Evening,Medium
2025-02-18,card,ANON-0000-0000-1225,30.86,Americano with Milk,17:08:19.308,2025,2,Tuesday,17,Evening,Medium
2025-02-18,card,ANON-0000-0000-1225,21.06,Espresso,17:09:17.261,2025,2,Tuesday,17,Evening,Low
2025-02-18,card,ANON-0000-0000-1225,35.76,Cocoa,17:10:22.869,2025,2,Tuesday,17,Evening,Medium
2025-02-18,card,ANON-0000-0000-1225,35.76,Cocoa,17:11:35.709,2025,2,Tuesday,17,Evening,Medium
2025-02-18,card,ANON-0000-0000-1226,35.76,Cocoa,19:36:27.317,2025,2,Tuesday,19,Evening,Medium
2025-02-18,card,ANON-0000-0000-1185,35.76,Cocoa,20:06:56.196,2025,2,Tuesday,20,Evening,Medium
2025-02-18,card,ANON-0000-0000-1212,35.76,Hot Chocolate,20:58:12.599,2025,2,Tuesday,20,Evening,Medium
2025-02-18,card,ANON-0000-0000-1222,30.86,Americano with Milk,21:01:59.629,2025,2,Tuesday,21,Evening,Medium
2025-02-19,card,ANON-0000-0000-1161,35.76,Cappuccino,08:08:52.951,2025,2,Wednesday,8,Morning,Medium
2025-02-19,card,ANON-0000-0000-1152,25.96,Americano,08:09:54.081,2025,2,Wednesday,8,Morning,Low
2025-02-19,card,ANON-0000-0000-1170,25.96,Americano,08:47:32.785,2025,2,Wednesday,8,Morning,Low
2025-02-19,card,ANON-0000-0000-1220,35.76,Cappuccino,09:24:31.977,2025,2,Wednesday,9,Morning,Medium
2025-02-19,card,ANON-0000-0000-1167,25.96,Americano,10:09:51.001,2025,2,Wednesday,10,Morning,Low
2025-02-19,card,ANON-0000-0000-1227,35.76,Hot Chocolate,10:19:01.276,2025,2,Wednesday,10,Morning,Medium
2025-02-19,card,ANON-0000-0000-1207,30.86,Americano with Milk,10:40:51.590,2025,2,Wednesday,10,Morning,Medium
2025-02-19,card,ANON-0000-0000-1198,25.96,Americano,12:45:06.072,2025,2,Wednesday,12,Afternoon,Low
2025-02-19,card,ANON-0000-0000-1168,35.76,Cocoa,12:46:03.964,2025,2,Wednesday,12,Afternoon,Medium
2025-02-19,card,ANON-0000-0000-1171,25.96,Americano,13:06:54.382,2025,2,Wednesday,13,Afternoon,Low
2025-02-19,card,ANON-0000-0000-1158,35.76,Cappuccino,15:50:42.815,2025,2,Wednesday,15,Afternoon,Medium
2025-02-19,card,ANON-0000-0000-1110,25.96,Americano,17:04:00.258,2025,2,Wednesday,17,Evening,Low
2025-02-19,card,ANON-0000-0000-1158,35.76,Cappuccino,17:34:49.096,2025,2,Wednesday,17,Evening,Medium
2025-02-19,card,ANON-0000-0000-1217,30.86,Americano with Milk,17:57:52.035,2025,2,Wednesday,17,Evening,Medium
2025-02-19,card,ANON-0000-0000-1228,35.76,Cappuccino,18:35:38.827,2025,2,Wednesday,18,Evening,Medium
2025-02-19,card,ANON-0000-0000-1229,35.76,Latte,19:01:33.088,2025,2,Wednesday,19,Evening,Medium
2025-02-19,card,ANON-0000-0000-1179,35.76,Cocoa,19:11:49.990,2025,2,Wednesday,19,Evening,Medium
2025-02-19,card,ANON-0000-0000-1179,35.76,Hot Chocolate,19:12:42.778,2025,2,Wednesday,19,Evening,Medium
2025-02-19,card,ANON-0000-0000-1191,35.76,Latte,19:26:22.966,2025,2,Wednesday,19,Evening,Medium
2025-02-19,card,ANON-0000-0000-1182,35.76,Cocoa,20:05:28.372,2025,2,Wednesday,20,Evening,Medium
2025-02-20,card,ANON-0000-0000-1161,35.76,Cappuccino,07:56:24.575,2025,2,Thursday,7,Morning,Medium
2025-02-20,card,ANON-0000-0000-1167,25.96,Americano,09:17:53.311,2025,2,Thursday,9,Morning,Low
2025-02-20,card,ANON-0000-0000-1163,35.76,Cappuccino,10:16:40.424,2025,2,Thursday,10,Morning,Medium
2025-02-20,card,ANON-0000-0000-1163,25.96,Americano,10:17:38.671,2025,2,Thursday,10,Morning,Low
2025-02-20,card,ANON-0000-0000-1167,25.96,Americano,10:20:24.946,2025,2,Thursday,10,Morning,Low
2025-02-20,card,ANON-0000-0000-1198,25.96,Americano,10:24:23.547,2025,2,Thursday,10,Morning,Low
2025-02-20,card,ANON-0000-0000-1203,30.86,Americano with Milk,13:02:19.848,2025,2,Thursday,13,Afternoon,Medium
2025-02-20,card,ANON-0000-0000-1196,35.76,Latte,14:20:33.099,2025,2,Thursday,14,Afternoon,Medium
2025-02-20,card,ANON-0000-0000-1163,25.96,Americano,14:37:59.781,2025,2,Thursday,14,Afternoon,Low
2025-02-20,card,ANON-0000-0000-1163,25.96,Americano,14:38:49.319,2025,2,Thursday,14,Afternoon,Low
2025-02-20,card,ANON-0000-0000-1230,21.06,Espresso,15:19:45.555,2025,2,Thursday,15,Afternoon,Low
2025-02-20,card,ANON-0000-0000-1156,35.76,Cappuccino,16:05:49.514,2025,2,Thursday,16,Afternoon,Medium
2025-02-20,card,ANON-0000-0000-1231,35.76,Cappuccino,16:59:06.628,2025,2,Thursday,16,Afternoon,Medium
2025-02-20,card,ANON-0000-0000-1231,35.76,Hot Chocolate,17:00:36.942,2025,2,Thursday,17,Evening,Medium
2025-02-20,card,ANON-0000-0000-1163,25.96,Americano,17:07:27.986,2025,2,Thursday,17,Evening,Low
2025-02-20,card,ANON-0000-0000-1232,25.96,Americano,18:57:34.629,2025,2,Thursday,18,Evening,Low
2025-02-20,card,ANON-0000-0000-1233,35.76,Hot Chocolate,19:01:51.276,2025,2,Thursday,19,Evening,Medium
2025-02-20,card,ANON-0000-0000-1234,35.76,Cocoa,19:07:25.568,2025,2,Thursday,19,Evening,Medium
2025-02-20,card,ANON-0000-0000-1169,35.76,Latte,20:07:03.598,2025,2,Thursday,20,Evening,Medium
2025-02-21,card,ANON-0000-0000-1163,25.96,Americano,06:59:08.408,2025,2,Friday,6,Morning,Low
2025-02-21,card,ANON-0000-0000-1235,35.76,Latte,09:41:29.609,2025,2,Friday,9,Morning,Medium
2025-02-21,card,ANON-0000-0000-1236,35.76,Cappuccino,09:49:20.918,2025,2,Friday,9,Morning,Medium
2025-02-21,card,ANON-0000-0000-1237,21.06,Espresso,09:51:12.605,2025,2,Friday,9,Morning,Low
2025-02-21,card,ANON-0000-0000-1232,25.96,Americano,10:18:10.978,2025,2,Friday,10,Morning,Low
2025-02-21,card,ANON-0000-0000-1163,30.86,Americano with Milk,11:10:07.529,2025,2,Friday,11,Morning,Medium
2025-02-21,card,ANON-0000-0000-1110,25.96,Americano,12:04:49.232,2025,2,Friday,12,Afternoon,Low
2025-02-21,card,ANON-0000-0000-1238,25.96,Americano,12:07:42.766,2025,2,Friday,12,Afternoon,Low
2025-02-21,card,ANON-0000-0000-1198,25.96,Americano,12:56:17.998,2025,2,Friday,12,Afternoon,Low
2025-02-21,card,ANON-0000-0000-1167,25.96,Americano,12:57:02.860,2025,2,Friday,12,Afternoon,Low
2025-02-21,card,ANON-0000-0000-1203,25.96,Americano,13:06:42.927,2025,2,Friday,13,Afternoon,Low
2025-02-21,card,ANON-0000-0000-1203,25.96,Americano,14:17:54.803,2025,2,Friday,14,Afternoon,Low
2025-02-21,card,ANON-0000-0000-1161,35.76,Cappuccino,15:18:31.267,2025,2,Friday,15,Afternoon,Medium
2025-02-21,card,ANON-0000-0000-1163,25.96,Americano,15:45:54.235,2025,2,Friday,15,Afternoon,Low
2025-02-21,card,ANON-0000-0000-1163,25.96,Americano,15:46:48.335,2025,2,Friday,15,Afternoon,Low
2025-02-21,card,ANON-0000-0000-1203,25.96,Americano,15:52:48.020,2025,2,Friday,15,Afternoon,Low
2025-02-21,card,ANON-0000-0000-1239,35.76,Cocoa,16:10:06.125,2025,2,Friday,16,Afternoon,Medium
2025-02-21,card,ANON-0000-0000-1191,35.76,Latte,16:46:58.673,2025,2,Friday,16,Afternoon,Medium
2025-02-21,card,ANON-0000-0000-1165,35.76,Hot Chocolate,16:48:58.515,2025,2,Friday,16,Afternoon,Medium
2025-02-21,card,ANON-0000-0000-1165,35.76,Latte,16:50:13.417,2025,2,Friday,16,Afternoon,Medium
2025-02-21,card,ANON-0000-0000-1178,35.76,Cocoa,19:08:18.825,2025,2,Friday,19,Evening,Medium
2025-02-21,card,ANON-0000-0000-1178,35.76,Cocoa,19:09:09.551,2025,2,Friday,19,Evening,Medium
2025-02-21,card,ANON-0000-0000-1184,35.76,Cappuccino,19:59:24.115,2025,2,Friday,19,Evening,Medium
2025-02-22,card,ANON-0000-0000-1240,35.76,Hot Chocolate,10:52:18.682,2025,2,Saturday,10,Morning,Medium
2025-02-22,card,ANON-0000-0000-1241,25.96,Americano,11:28:30.453,2025,2,Saturday,11,Morning,Low
2025-02-22,card,ANON-0000-0000-1190,25.96,Americano,11:41:12.848,2025,2,Saturday,11,Morning,Low
2025-02-22,card,ANON-0000-0000-0095,21.06,Espresso,12:59:41.853,2025,2,Saturday,12,Afternoon,Low
2025-02-22,card,ANON-0000-0000-1162,30.86,Americano with Milk,15:03:03.270,2025,2,Saturday,15,Afternoon,Medium
2025-02-23,card,ANON-0000-0000-1156,30.86,Americano with Milk,10:33:11.517,2025,2,Sunday,10,Morning,Medium
2025-02-23,card,ANON-0000-0000-1163,30.86,Americano with Milk,12:52:26.405,2025,2,Sunday,12,Afternoon,Medium
2025-02-23,card,ANON-0000-0000-1163,30.86,Americano with Milk,12:54:06.170,2025,2,Sunday,12,Afternoon,Medium
2025-02-23,card,ANON-0000-0000-1242,35.76,Cappuccino,13:50:21.627,2025,2,Sunday,13,Afternoon,Medium
2025-02-23,card,ANON-0000-0000-1156,35.76,Cocoa,14:02:03.441,2025,2,Sunday,14,Afternoon,Medium
2025-02-23,card,ANON-0000-0000-1243,25.96,Americano,17:27:44.922,2025,2,Sunday,17,Evening,Low
2025-02-24,card,ANON-0000-0000-1220,30.86,Americano with Milk,09:14:53.565,2025,2,Monday,9,Morning,Medium
2025-02-24,card,ANON-0000-0000-1244,35.76,Latte,09:45:10.699,2025,2,Monday,9,Morning,Medium
2025-02-24,card,ANON-0000-0000-1163,25.96,Americano,10:02:48.501,2025,2,Monday,10,Morning,Low
2025-02-24,card,ANON-0000-0000-1245,30.86,Americano with Milk,10:09:12.494,2025,2,Monday,10,Morning,Medium
2025-02-24,card,ANON-0000-0000-1245,30.86,Americano with Milk,10:10:21.726,2025,2,Monday,10,Morning,Medium
2025-02-24,card,ANON-0000-0000-1244,35.76,Cocoa,10:47:47.680,2025,2,Monday,10,Morning,Medium
2025-02-24,card,ANON-0000-0000-1191,35.76,Latte,12:58:41.309,2025,2,Monday,12,Afternoon,Medium
2025-02-24,card,ANON-0000-0000-1191,35.76,Cocoa,13:00:01.278,2025,2,Monday,13,Afternoon,Medium
2025-02-24,card,ANON-0000-0000-1163,30.86,Americano with Milk,15:40:01.820,2025,2,Monday,15,Afternoon,Medium
2025-02-24,card,ANON-0000-0000-1246,35.76,Cocoa,16:00:06.327,2025,2,Monday,16,Afternoon,Medium
2025-02-24,card,ANON-0000-0000-1184,35.76,Cappuccino,16:10:23.971,2025,2,Monday,16,Afternoon,Medium
2025-02-24,card,ANON-0000-0000-1177,35.76,Latte,16:28:52.132,2025,2,Monday,16,Afternoon,Medium
2025-02-24,card,ANON-0000-0000-1170,25.96,Americano,16:59:38.528,2025,2,Monday,16,Afternoon,Low
2025-02-24,card,ANON-0000-0000-1170,25.96,Americano,17:00:44.935,2025,2,Monday,17,Evening,Low
2025-02-24,card,ANON-0000-0000-1222,30.86,Americano with Milk,17:37:38.947,2025,2,Monday,17,Evening,Medium
2025-02-24,card,ANON-0000-0000-1162,30.86,Americano with Milk,18:07:01.699,2025,2,Monday,18,Evening,Medium
2025-02-24,card,ANON-0000-0000-1191,35.76,Latte,18:21:57.165,2025,2,Monday,18,Evening,Medium
2025-02-24,card,ANON-0000-0000-0878,30.86,Americano with Milk,19:04:34.437,2025,2,Monday,19,Evening,Medium
2025-02-24,card,ANON-0000-0000-1179,35.76,Hot Chocolate,19:24:10.809,2025,2,Monday,19,Evening,Medium
2025-02-24,card,ANON-0000-0000-1247,35.76,Latte,19:24:54.411,2025,2,Monday,19,Evening,Medium
2025-02-24,card,ANON-0000-0000-1179,35.76,Cocoa,19:26:14.767,2025,2,Monday,19,Evening,Medium
2025-02-24,card,ANON-0000-0000-1156,35.76,Cocoa,20:14:51.303,2025,2,Monday,20,Evening,Medium
2025-02-25,card,ANON-0000-0000-1153,30.86,Americano with Milk,08:00:39.257,2025,2,Tuesday,8,Morning,Medium
2025-02-25,card,ANON-0000-0000-1152,25.96,Americano,08:49:21.068,2025,2,Tuesday,8,Morning,Low
2025-02-25,card,ANON-0000-0000-1152,30.86,Americano with Milk,08:50:14.259,2025,2,Tuesday,8,Morning,Medium
2025-02-25,card,ANON-0000-0000-1237,21.06,Espresso,10:02:44.852,2025,2,Tuesday,10,Morning,Low
2025-02-25,card,ANON-0000-0000-1170,25.96,Americano,11:03:33.850,2025,2,Tuesday,11,Morning,Low
2025-02-25,card,ANON-0000-0000-1152,25.96,Americano,11:04:26.917,2025,2,Tuesday,11,Morning,Low
2025-02-25,card,ANON-0000-0000-1184,35.76,Cappuccino,12:20:41.507,2025,2,Tuesday,12,Afternoon,Medium
2025-02-25,card,ANON-0000-0000-1161,35.76,Cappuccino,14:14:18.541,2025,2,Tuesday,14,Afternoon,Medium
2025-02-25,card,ANON-0000-0000-0019,25.96,Americano,16:49:37.395,2025,2,Tuesday,16,Afternoon,Low
2025-02-25,card,ANON-0000-0000-0019,25.96,Americano,16:50:35.811,2025,2,Tuesday,16,Afternoon,Low
2025-02-25,card,ANON-0000-0000-1234,35.76,Cocoa,18:19:09.057,2025,2,Tuesday,18,Evening,Medium
2025-02-25,card,ANON-0000-0000-1152,35.76,Cappuccino,19:32:40.434,2025,2,Tuesday,19,Evening,Medium
2025-02-26,card,ANON-0000-0000-1170,25.96,Americano,08:57:37.237,2025,2,Wednesday,8,Morning,Low
2025-02-26,card,ANON-0000-0000-1248,30.86,Americano with Milk,10:11:27.140,2025,2,Wednesday,10,Morning,Medium
2025-02-26,card,ANON-0000-0000-1248,30.86,Americano with Milk,10:12:25.513,2025,2,Wednesday,10,Morning,Medium
2025-02-26,card,ANON-0000-0000-1155,35.76,Hot Chocolate,10:16:57.091,2025,2,Wednesday,10,Morning,Medium
2025-02-26,card,ANON-0000-0000-1168,35.76,Cocoa,13:13:26.877,2025,2,Wednesday,13,Afternoon,Medium
2025-02-26,card,ANON-0000-0000-1191,35.76,Latte,13:31:23.611,2025,2,Wednesday,13,Afternoon,Medium
2025-02-26,card,ANON-0000-0000-1110,25.96,Americano,15:01:58.636,2025,2,Wednesday,15,Afternoon,Low
2025-02-26,card,ANON-0000-0000-1249,25.96,Americano,15:14:47.989,2025,2,Wednesday,15,Afternoon,Low
2025-02-26,card,ANON-0000-0000-1247,25.96,Cortado,15:17:24.547,2025,2,Wednesday,15,Afternoon,Low
2025-02-26,card,ANON-0000-0000-1250,35.76,Hot Chocolate,15:20:02.820,2025,2,Wednesday,15,Afternoon,Medium
2025-02-26,card,ANON-0000-0000-1250,25.96,Americano,15:20:48.805,2025,2,Wednesday,15,Afternoon,Low
2025-02-26,card,ANON-0000-0000-1190,25.96,Americano,15:28:45.256,2025,2,Wednesday,15,Afternoon,Low
2025-02-26,card,ANON-0000-0000-1164,35.76,Latte,16:20:46.792,2025,2,Wednesday,16,Afternoon,Medium
2025-02-26,card,ANON-0000-0000-1165,35.76,Hot Chocolate,16:55:13.614,2025,2,Wednesday,16,Afternoon,Medium
2025-02-26,card,ANON-0000-0000-1191,35.76,Latte,16:55:59.649,2025,2,Wednesday,16,Afternoon,Medium
2025-02-26,card,ANON-0000-0000-1166,30.86,Americano with Milk,17:22:44.573,2025,2,Wednesday,17,Evening,Medium
2025-02-26,card,ANON-0000-0000-1163,35.76,Latte,18:11:24.140,2025,2,Wednesday,18,Evening,Medium
2025-02-26,card,ANON-0000-0000-1163,35.76,Cappuccino,18:13:50.419,2025,2,Wednesday,18,Evening,Medium
2025-02-27,card,ANON-0000-0000-1163,35.76,Cappuccino,07:19:00.322,2025,2,Thursday,7,Morning,Medium
2025-02-27,card,ANON-0000-0000-1161,35.76,Cappuccino,07:21:00.583,2025,2,Thursday,7,Morning,Medium
2025-02-27,card,ANON-0000-0000-1237,21.06,Espresso,10:52:29.153,2025,2,Thursday,10,Morning,Low
2025-02-27,card,ANON-0000-0000-1168,35.76,Cocoa,11:08:16.864,2025,2,Thursday,11,Morning,Medium
2025-02-27,card,ANON-0000-0000-1251,35.76,Cocoa,12:48:15.878,2025,2,Thursday,12,Afternoon,Medium
2025-02-27,card,ANON-0000-0000-1252,30.86,Americano with Milk,13:29:48.424,2025,2,Thursday,13,Afternoon,Medium
2025-02-27,card,ANON-0000-0000-1163,25.96,Americano,14:23:16.499,2025,2,Thursday,14,Afternoon,Low
2025-02-27,card,ANON-0000-0000-1253,35.76,Latte,14:43:19.325,2025,2,Thursday,14,Afternoon,Medium
2025-02-27,card,ANON-0000-0000-1170,25.96,Americano,15:47:50.692,2025,2,Thursday,15,Afternoon,Low
2025-02-27,card,ANON-0000-0000-1170,25.96,Americano,16:28:28.103,2025,2,Thursday,16,Afternoon,Low
2025-02-27,card,ANON-0000-0000-1190,25.96,Americano,17:12:55.999,2025,2,Thursday,17,Evening,Low
2025-02-27,card,ANON-0000-0000-1170,25.96,Americano,17:23:10.042,2025,2,Thursday,17,Evening,Low
2025-02-27,card,ANON-0000-0000-1254,35.76,Latte,17:53:13.054,2025,2,Thursday,17,Evening,Medium
2025-02-27,card,ANON-0000-0000-1208,35.76,Latte,18:17:28.969,2025,2,Thursday,18,Evening,Medium
2025-02-27,card,ANON-0000-0000-1184,35.76,Cappuccino,18:38:40.856,2025,2,Thursday,18,Evening,Medium
2025-02-27,card,ANON-0000-0000-1179,35.76,Cocoa,18:40:01.843,2025,2,Thursday,18,Evening,Medium
2025-02-27,card,ANON-0000-0000-1179,35.76,Cocoa,18:40:52.049,2025,2,Thursday,18,Evening,Medium
2025-02-27,card,ANON-0000-0000-1215,35.76,Latte,19:14:15.622,2025,2,Thursday,19,Evening,Medium
2025-02-27,card,ANON-0000-0000-0046,35.76,Cappuccino,20:02:07.207,2025,2,Thursday,20,Evening,Medium
2025-02-28,card,ANON-0000-0000-1163,30.86,Americano with Milk,06:52:45.591,2025,2,Friday,6,Morning,Medium
2025-02-28,card,ANON-0000-0000-1163,30.86,Americano with Milk,06:54:59.973,2025,2,Friday,6,Morning,Medium
2025-02-28,card,ANON-0000-0000-1161,35.76,Cappuccino,07:18:36.920,2025,2,Friday,7,Morning,Medium
2025-02-28,card,ANON-0000-0000-1255,21.06,Espresso,08:09:57.784,2025,2,Friday,8,Morning,Low
2025-02-28,card,ANON-0000-0000-1162,30.86,Americano with Milk,09:02:38.061,2025,2,Friday,9,Morning,Medium
2025-02-28,card,ANON-0000-0000-1110,25.96,Americano,14:44:28.113,2025,2,Friday,14,Afternoon,Low
2025-02-28,card,ANON-0000-0000-1110,25.96,Americano,14:45:22.024,2025,2,Friday,14,Afternoon,Low
2025-02-28,card,ANON-0000-0000-1163,25.96,Americano,14:47:52.342,2025,2,Friday,14,Afternoon,Low
2025-02-28,card,ANON-0000-0000-1191,35.76,Latte,14:52:02.209,2025,2,Friday,14,Afternoon,Medium
2025-02-28,card,ANON-0000-0000-1110,25.96,Americano,15:19:18.675,2025,2,Friday,15,Afternoon,Low
2025-02-28,card,ANON-0000-0000-1156,35.76,Cocoa,16:22:27.380,2025,2,Friday,16,Afternoon,Medium
2025-02-28,card,ANON-0000-0000-1170,25.96,Americano,16:30:06.695,2025,2,Friday,16,Afternoon,Low
2025-02-28,card,ANON-0000-0000-1191,35.76,Latte,17:21:00.889,2025,2,Friday,17,Evening,Medium
2025-02-28,card,ANON-0000-0000-1256,30.86,Americano with Milk,17:31:04.347,2025,2,Friday,17,Evening,Medium
2025-02-28,card,ANON-0000-0000-1170,25.96,Americano,17:32:16.632,2025,2,Friday,17,Evening,Low
2025-02-28,card,ANON-0000-0000-1190,25.96,Americano,17:33:49.148,2025,2,Friday,17,Evening,Low
2025-02-28,card,ANON-0000-0000-1257,35.76,Latte,18:53:49.487,2025,2,Friday,18,Evening,Medium
2025-03-01,card,ANON-0000-0000-1184,35.76,Cappuccino,10:31:45.742,2025,3,Saturday,10,Morning,Medium
2025-03-01,card,ANON-0000-0000-1190,25.96,Americano,11:24:04.507,2025,3,Saturday,11,Morning,Low
2025-03-01,card,ANON-0000-0000-1198,25.96,Americano,11:27:58.402,2025,3,Saturday,11,Morning,Low
2025-03-01,card,ANON-0000-0000-1254,35.76,Latte,14:43:23.827,2025,3,Saturday,14,Afternoon,Medium
2025-03-01,card,ANON-0000-0000-1152,25.96,Americano,15:02:31.500,2025,3,Saturday,15,Afternoon,Low
2025-03-01,card,ANON-0000-0000-1157,30.86,Americano with Milk,15:08:20.223,2025,3,Saturday,15,Afternoon,Medium
2025-03-01,card,ANON-0000-0000-1184,35.76,Cappuccino,16:42:13.049,2025,3,Saturday,16,Afternoon,Medium
2025-03-01,card,ANON-0000-0000-1258,25.96,Americano,17:08:33.502,2025,3,Saturday,17,Evening,Low
2025-03-02,card,ANON-0000-0000-1163,35.76,Cocoa,09:58:15.295,2025,3,Sunday,9,Morning,Medium
2025-03-02,card,ANON-0000-0000-1189,35.76,Latte,12:17:36.376,2025,3,Sunday,12,Afternoon,Medium
2025-03-02,card,ANON-0000-0000-1217,30.86,Americano with Milk,13:36:19.536,2025,3,Sunday,13,Afternoon,Medium
2025-03-02,card,ANON-0000-0000-1152,30.86,Americano with Milk,15:22:17.476,2025,3,Sunday,15,Afternoon,Medium
2025-03-02,card,ANON-0000-0000-1152,25.96,Americano,15:23:15.736,2025,3,Sunday,15,Afternoon,Low
2025-03-02,card,ANON-0000-0000-1190,25.96,Americano,15:24:45.231,2025,3,Sunday,15,Afternoon,Low
2025-03-03,card,ANON-0000-0000-1161,35.76,Cappuccino,08:24:01.942,2025,3,Monday,8,Morning,Medium
2025-03-03,card,ANON-0000-0000-1244,35.76,Cocoa,09:46:51.968,2025,3,Monday,9,Morning,Medium
2025-03-03,card,ANON-0000-0000-1244,35.76,Latte,09:48:39.338,2025,3,Monday,9,Morning,Medium
2025-03-03,card,ANON-0000-0000-1227,35.76,Hot Chocolate,10:21:24.640,2025,3,Monday,10,Morning,Medium
2025-03-03,card,ANON-0000-0000-1259,35.76,Hot Chocolate,10:24:46.716,2025,3,Monday,10,Morning,Medium
2025-03-03,card,ANON-0000-0000-1184,35.76,Cappuccino,12:58:08.052,2025,3,Monday,12,Afternoon,Medium
2025-03-03,card,ANON-0000-0000-1191,35.76,Latte,15:11:01.202,2025,3,Monday,15,Afternoon,Medium
2025-03-03,card,ANON-0000-0000-1167,25.96,Americano,15:47:58.817,2025,3,Monday,15,Afternoon,Low
2025-03-03,card,ANON-0000-0000-1196,35.76,Cocoa,16:14:50.464,2025,3,Monday,16,Afternoon,Medium
2025-03-03,card,ANON-0000-0000-1191,35.76,Latte,16:16:35.240,2025,3,Monday,16,Afternoon,Medium
2025-03-03,card,ANON-0000-0000-1164,35.76,Latte,16:18:27.089,2025,3,Monday,16,Afternoon,Medium
2025-03-03,card,ANON-0000-0000-1158,35.76,Cappuccino,16:40:29.304,2025,3,Monday,16,Afternoon,Medium
2025-03-03,card,ANON-0000-0000-1158,35.76,Cappuccino,16:42:22.611,2025,3,Monday,16,Afternoon,Medium
2025-03-03,card,ANON-0000-0000-1170,25.96,Americano,16:52:11.629,2025,3,Monday,16,Afternoon,Low
2025-03-03,card,ANON-0000-0000-1256,30.86,Americano with Milk,17:28:42.804,2025,3,Monday,17,Evening,Medium
2025-03-03,card,ANON-0000-0000-1198,25.96,Americano,17:31:22.380,2025,3,Monday,17,Evening,Low
2025-03-03,card,ANON-0000-0000-1198,35.76,Hot Chocolate,17:32:18.437,2025,3,Monday,17,Evening,Medium
2025-03-03,card,ANON-0000-0000-1198,25.96,Americano,17:32:58.753,2025,3,Monday,17,Evening,Low
2025-03-03,card,ANON-0000-0000-1179,35.76,Hot Chocolate,17:57:32.688,2025,3,Monday,17,Evening,Medium
2025-03-03,card,ANON-0000-0000-1178,35.76,Hot Chocolate,17:58:27.343,2025,3,Monday,17,Evening,Medium
2025-03-03,card,ANON-0000-0000-1162,30.86,Americano with Milk,18:03:05.008,2025,3,Monday,18,Evening,Medium
2025-03-03,card,ANON-0000-0000-1257,35.76,Latte,18:46:52.609,2025,3,Monday,18,Evening,Medium
2025-03-04,card,ANON-0000-0000-1161,35.76,Cappuccino,07:19:21.939,2025,3,Tuesday,7,Morning,Medium
2025-03-04,card,ANON-0000-0000-1163,25.96,Americano,07:31:55.409,2025,3,Tuesday,7,Morning,Low
2025-03-04,card,ANON-0000-0000-1187,30.86,Americano with Milk,08:51:45.272,2025,3,Tuesday,8,Morning,Medium
2025-03-04,card,ANON-0000-0000-1163,25.96,Americano,09:09:31.929,2025,3,Tuesday,9,Morning,Low
2025-03-04,card,ANON-0000-0000-1163,25.96,Americano,09:10:22.201,2025,3,Tuesday,9,Morning,Low
2025-03-04,card,ANON-0000-0000-1260,25.96,Americano,09:58:37.168,2025,3,Tuesday,9,Morning,Low
2025-03-04,card,ANON-0000-0000-1222,30.86,Americano with Milk,11:04:01.957,2025,3,Tuesday,11,Morning,Medium
2025-03-04,card,ANON-0000-0000-1176,25.96,Americano,11:05:06.974,2025,3,Tuesday,11,Morning,Low
2025-03-04,card,ANON-0000-0000-1167,25.96,Americano,11:46:41.064,2025,3,Tuesday,11,Morning,Low
2025-03-04,card,ANON-0000-0000-1167,25.96,Americano,11:47:24.511,2025,3,Tuesday,11,Morning,Low
2025-03-04,card,ANON-0000-0000-1110,25.96,Americano,11:51:34.795,2025,3,Tuesday,11,Morning,Low
2025-03-04,card,ANON-0000-0000-1189,35.76,Cocoa,12:25:59.172,2025,3,Tuesday,12,Afternoon,Medium
2025-03-04,card,ANON-0000-0000-1167,25.96,Americano,16:48:58.420,2025,3,Tuesday,16,Afternoon,Low
2025-03-04,card,ANON-0000-0000-1234,35.76,Cocoa,18:43:21.868,2025,3,Tuesday,18,Evening,Medium
2025-03-04,card,ANON-0000-0000-1174,35.76,Latte,19:10:09.471,2025,3,Tuesday,19,Evening,Medium
2025-03-04,card,ANON-0000-0000-1246,35.76,Latte,20:09:00.555,2025,3,Tuesday,20,Evening,Medium
2025-03-05,card,ANON-0000-0000-1163,30.86,Americano with Milk,08:39:51.618,2025,3,Wednesday,8,Morning,Medium
2025-03-05,card,ANON-0000-0000-1167,25.96,Americano,09:38:24.258,2025,3,Wednesday,9,Morning,Low
2025-03-05,card,ANON-0000-0000-1198,25.96,Americano,10:01:14.296,2025,3,Wednesday,10,Morning,Low
2025-03-05,card,ANON-0000-0000-1198,25.96,Americano,10:02:04.297,2025,3,Wednesday,10,Morning,Low
2025-03-05,card,ANON-0000-0000-1261,35.76,Cappuccino,10:10:50.521,2025,3,Wednesday,10,Morning,Medium
2025-03-05,card,ANON-0000-0000-1248,30.86,Americano with Milk,10:40:34.821,2025,3,Wednesday,10,Morning,Medium
2025-03-05,card,ANON-0000-0000-1184,35.76,Cappuccino,11:08:31.568,2025,3,Wednesday,11,Morning,Medium
2025-03-05,card,ANON-0000-0000-1262,35.76,Cocoa,11:10:54.165,2025,3,Wednesday,11,Morning,Medium
2025-03-05,card,ANON-0000-0000-1198,25.96,Americano,11:38:51.182,2025,3,Wednesday,11,Morning,Low
2025-03-05,card,ANON-0000-0000-1167,25.96,Americano,11:41:22.429,2025,3,Wednesday,11,Morning,Low
2025-03-05,card,ANON-0000-0000-1110,25.96,Americano,12:12:56.269,2025,3,Wednesday,12,Afternoon,Low
2025-03-05,card,ANON-0000-0000-1191,35.76,Latte,15:07:50.623,2025,3,Wednesday,15,Afternoon,Medium
2025-03-05,card,ANON-0000-0000-1164,35.76,Latte,15:21:35.832,2025,3,Wednesday,15,Afternoon,Medium
2025-03-05,card,ANON-0000-0000-1165,35.76,Hot Chocolate,15:25:11.415,2025,3,Wednesday,15,Afternoon,Medium
2025-03-05,card,ANON-0000-0000-1222,30.86,Americano with Milk,17:09:56.990,2025,3,Wednesday,17,Evening,Medium
2025-03-05,card,ANON-0000-0000-1263,21.06,Espresso,17:16:23.550,2025,3,Wednesday,17,Evening,Low
2025-03-05,card,ANON-0000-0000-1191,35.76,Latte,17:31:40.879,2025,3,Wednesday,17,Evening,Medium
2025-03-05,card,ANON-0000-0000-1158,35.76,Cappuccino,18:13:26.969,2025,3,Wednesday,18,Evening,Medium
2025-03-05,card,ANON-0000-0000-1264,35.76,Cocoa,19:02:56.818,2025,3,Wednesday,19,Evening,Medium
2025-03-06,card,ANON-0000-0000-1210,35.76,Hot Chocolate,09:33:39.296,2025,3,Thursday,9,Morning,Medium
2025-03-06,card,ANON-0000-0000-1207,21.06,Espresso,09:35:52.935,2025,3,Thursday,9,Morning,Low
2025-03-06,card,ANON-0000-0000-1207,30.86,Americano with Milk,10:48:04.907,2025,3,Thursday,10,Morning,Medium
2025-03-06,card,ANON-0000-0000-1163,25.96,Americano,10:56:47.365,2025,3,Thursday,10,Morning,Low
2025-03-06,card,ANON-0000-0000-1163,25.96,Americano,10:57:35.031,2025,3,Thursday,10,Morning,Low
2025-03-06,card,ANON-0000-0000-1198,25.96,Americano,11:05:43.624,2025,3,Thursday,11,Morning,Low
2025-03-06,card,ANON-0000-0000-1265,35.76,Cappuccino,11:17:38.018,2025,3,Thursday,11,Morning,Medium
2025-03-06,card,ANON-0000-0000-1215,35.76,Latte,13:51:33.101,2025,3,Thursday,13,Afternoon,Medium
2025-03-06,card,ANON-0000-0000-1216,30.86,Americano with Milk,16:06:47.303,2025,3,Thursday,16,Afternoon,Medium
2025-03-06,card,ANON-0000-0000-1163,35.76,Cocoa,17:49:11.208,2025,3,Thursday,17,Evening,Medium
2025-03-06,card,ANON-0000-0000-1158,35.76,Cappuccino,18:27:11.724,2025,3,Thursday,18,Evening,Medium
2025-03-06,card,ANON-0000-0000-1153,30.86,Americano with Milk,19:22:10.719,2025,3,Thursday,19,Evening,Medium
2025-03-07,card,ANON-0000-0000-1161,35.76,Cappuccino,07:05:42.321,2025,3,Friday,7,Morning,Medium
2025-03-07,card,ANON-0000-0000-1110,25.96,Americano,08:45:10.887,2025,3,Friday,8,Morning,Low
2025-03-07,card,ANON-0000-0000-1110,25.96,Americano,08:46:03.828,2025,3,Friday,8,Morning,Low
2025-03-07,card,ANON-0000-0000-1163,25.96,Americano,09:02:40.792,2025,3,Friday,9,Morning,Low
2025-03-07,card,ANON-0000-0000-1155,35.76,Hot Chocolate,10:09:57.931,2025,3,Friday,10,Morning,Medium
2025-03-07,card,ANON-0000-0000-1266,30.86,Americano with Milk,10:26:34.938,2025,3,Friday,10,Morning,Medium
2025-03-07,card,ANON-0000-0000-1266,30.86,Americano with Milk,10:27:32.541,2025,3,Friday,10,Morning,Medium
2025-03-07,card,ANON-0000-0000-1262,35.76,Cocoa,10:41:45.791,2025,3,Friday,10,Morning,Medium
2025-03-07,card,ANON-0000-0000-1189,35.76,Cocoa,11:50:59.454,2025,3,Friday,11,Morning,Medium
2025-03-07,card,ANON-0000-0000-1157,30.86,Americano with Milk,12:03:46.247,2025,3,Friday,12,Afternoon,Medium
2025-03-07,card,ANON-0000-0000-1210,35.76,Hot Chocolate,13:43:48.445,2025,3,Friday,13,Afternoon,Medium
2025-03-07,card,ANON-0000-0000-1260,25.96,Americano,13:55:31.605,2025,3,Friday,13,Afternoon,Low
2025-03-07,card,ANON-0000-0000-1184,35.76,Cappuccino,14:53:30.160,2025,3,Friday,14,Afternoon,Medium
2025-03-07,card,ANON-0000-0000-1191,35.76,Latte,15:09:04.325,2025,3,Friday,15,Afternoon,Medium
2025-03-07,card,ANON-0000-0000-1164,35.76,Latte,15:52:52.989,2025,3,Friday,15,Afternoon,Medium
2025-03-07,card,ANON-0000-0000-1191,35.76,Latte,17:10:29.285,2025,3,Friday,17,Evening,Medium
2025-03-07,card,ANON-0000-0000-1165,35.76,Hot Chocolate,17:12:23.608,2025,3,Friday,17,Evening,Medium
2025-03-08,card,ANON-0000-0000-1207,30.86,Americano with Milk,09:23:44.544,2025,3,Saturday,9,Morning,Medium
2025-03-08,card,ANON-0000-0000-1162,30.86,Americano with Milk,09:41:52.900,2025,3,Saturday,9,Morning,Medium
2025-03-08,card,ANON-0000-0000-1163,25.96,Americano,10:54:13.634,2025,3,Saturday,10,Morning,Low
2025-03-08,card,ANON-0000-0000-1190,25.96,Americano,11:19:45.578,2025,3,Saturday,11,Morning,Low
2025-03-08,card,ANON-0000-0000-1190,25.96,Americano,11:20:32.377,2025,3,Saturday,11,Morning,Low
2025-03-08,card,ANON-0000-0000-1267,30.86,Americano with Milk,12:41:19.836,2025,3,Saturday,12,Afternoon,Medium
2025-03-08,card,ANON-0000-0000-1110,25.96,Americano,12:45:05.337,2025,3,Saturday,12,Afternoon,Low
2025-03-08,card,ANON-0000-0000-1162,35.76,Cappuccino,13:40:06.054,2025,3,Saturday,13,Afternoon,Medium
2025-03-09,card,ANON-0000-0000-1268,21.06,Espresso,09:42:03.883,2025,3,Sunday,9,Morning,Low
2025-03-09,card,ANON-0000-0000-1269,30.86,Americano with Milk,11:25:53.184,2025,3,Sunday,11,Morning,Medium
2025-03-09,card,ANON-0000-0000-1184,35.76,Cappuccino,13:51:56.278,2025,3,Sunday,13,Afternoon,Medium
2025-03-09,card,ANON-0000-0000-1163,25.96,Americano,14:18:30.062,2025,3,Sunday,14,Afternoon,Low
2025-03-09,card,ANON-0000-0000-1153,35.76,Cappuccino,15:12:41.404,2025,3,Sunday,15,Afternoon,Medium
2025-03-09,card,ANON-0000-0000-1110,25.96,Americano,15:39:07.132,2025,3,Sunday,15,Afternoon,Low
2025-03-09,card,ANON-0000-0000-1217,30.86,Americano with Milk,15:52:39.328,2025,3,Sunday,15,Afternoon,Medium
2025-03-09,card,ANON-0000-0000-1270,35.76,Cocoa,15:53:40.394,2025,3,Sunday,15,Afternoon,Medium
2025-03-10,card,ANON-0000-0000-1271,25.96,Americano,08:34:43.483,2025,3,Monday,8,Morning,Low
2025-03-10,card,ANON-0000-0000-1271,35.76,Latte,08:35:40.478,2025,3,Monday,8,Morning,Medium
2025-03-10,card,ANON-0000-0000-1153,30.86,Americano with Milk,09:06:27.613,2025,3,Monday,9,Morning,Medium
2025-03-10,card,ANON-0000-0000-1210,35.76,Hot Chocolate,09:19:28.887,2025,3,Monday,9,Morning,Medium
2025-03-10,card,ANON-0000-0000-1272,35.76,Cocoa,09:50:54.123,2025,3,Monday,9,Morning,Medium
2025-03-10,card,ANON-0000-0000-1273,35.76,Hot Chocolate,10:18:57.060,2025,3,Monday,10,Morning,Medium
2025-03-10,card,ANON-0000-0000-1171,25.96,Americano,12:36:14.796,2025,3,Monday,12,Afternoon,Low
2025-03-10,card,ANON-0000-0000-1170,25.96,Americano,15:32:09.477,2025,3,Monday,15,Afternoon,Low
2025-03-10,card,ANON-0000-0000-1212,35.76,Hot Chocolate,15:41:57.873,2025,3,Monday,15,Afternoon,Medium
2025-03-10,card,ANON-0000-0000-1191,35.76,Latte,16:18:00.593,2025,3,Monday,16,Afternoon,Medium
2025-03-10,card,ANON-0000-0000-1165,35.76,Latte,16:18:54.225,2025,3,Monday,16,Afternoon,Medium
2025-03-10,card,ANON-0000-0000-1274,35.76,Cappuccino,16:24:25.439,2025,3,Monday,16,Afternoon,Medium
2025-03-10,card,ANON-0000-0000-1274,30.86,Americano with Milk,16:25:32.458,2025,3,Monday,16,Afternoon,Medium
2025-03-10,card,ANON-0000-0000-1170,25.96,Americano,18:15:54.241,2025,3,Monday,18,Evening,Low
2025-03-10,card,ANON-0000-0000-1257,35.76,Latte,18:48:30.228,2025,3,Monday,18,Evening,Medium
2025-03-10,card,ANON-0000-0000-1257,35.76,Latte,18:49:22.317,2025,3,Monday,18,Evening,Medium
2025-03-10,card,ANON-0000-0000-1157,30.86,Americano with Milk,19:26:42.875,2025,3,Monday,19,Evening,Medium
2025-03-11,card,ANON-0000-0000-1170,25.96,Americano,08:46:25.572,2025,3,Tuesday,8,Morning,Low
2025-03-11,card,ANON-0000-0000-1163,35.76,Cappuccino,09:12:27.690,2025,3,Tuesday,9,Morning,Medium
2025-03-11,card,ANON-0000-0000-1275,35.76,Latte,09:27:04.403,2025,3,Tuesday,9,Morning,Medium
2025-03-11,card,ANON-0000-0000-1170,25.96,Americano,10:26:57.814,2025,3,Tuesday,10,Morning,Low
2025-03-11,card,ANON-0000-0000-1170,25.96,Americano,12:33:20.355,2025,3,Tuesday,12,Afternoon,Low
2025-03-11,card,ANON-0000-0000-1171,25.96,Americano,13:16:54.690,2025,3,Tuesday,13,Afternoon,Low
2025-03-11,card,ANON-0000-0000-1276,35.76,Hot Chocolate,16:29:31.062,2025,3,Tuesday,16,Afternoon,Medium
2025-03-11,card,ANON-0000-0000-1276,35.76,Cocoa,16:30:16.089,2025,3,Tuesday,16,Afternoon,Medium
2025-03-11,card,ANON-0000-0000-1210,35.76,Hot Chocolate,16:49:40.750,2025,3,Tuesday,16,Afternoon,Medium
2025-03-11,card,ANON-0000-0000-1184,35.76,Cappuccino,17:46:50.233,2025,3,Tuesday,17,Evening,Medium
2025-03-11,card,ANON-0000-0000-1157,30.86,Americano with Milk,18:56:52.112,2025,3,Tuesday,18,Evening,Medium
2025-03-11,card,ANON-0000-0000-1209,35.76,Latte,19:07:14.374,2025,3,Tuesday,19,Evening,Medium
2025-03-11,card,ANON-0000-0000-1185,35.76,Cocoa,20:08:56.329,2025,3,Tuesday,20,Evening,Medium
2025-03-12,card,ANON-0000-0000-1277,35.76,Cocoa,11:11:39.446,2025,3,Wednesday,11,Morning,Medium
2025-03-12,card,ANON-0000-0000-1161,30.86,Americano with Milk,11:47:34.257,2025,3,Wednesday,11,Morning,Medium
2025-03-12,card,ANON-0000-0000-1161,35.76,Cappuccino,11:50:15.399,2025,3,Wednesday,11,Morning,Medium
2025-03-12,card,ANON-0000-0000-1163,25.96,Americano,11:55:55.859,2025,3,Wednesday,11,Morning,Low
2025-03-12,card,ANON-0000-0000-1163,25.96,Americano,11:56:48.899,2025,3,Wednesday,11,Morning,Low
2025-03-12,card,ANON-0000-0000-1278,25.96,Americano,12:06:11.058,2025,3,Wednesday,12,Afternoon,Low
2025-03-12,card,ANON-0000-0000-1279,35.76,Hot Chocolate,12:55:38.412,2025,3,Wednesday,12,Afternoon,Medium
2025-03-12,card,ANON-0000-0000-1280,35.76,Latte,13:01:49.309,2025,3,Wednesday,13,Afternoon,Medium
2025-03-12,card,ANON-0000-0000-1199,35.76,Latte,13:56:23.641,2025,3,Wednesday,13,Afternoon,Medium
2025-03-12,card,ANON-0000-0000-1281,35.76,Cappuccino,16:27:37.181,2025,3,Wednesday,16,Afternoon,Medium
2025-03-12,card,ANON-0000-0000-1191,35.76,Latte,16:35:03.980,2025,3,Wednesday,16,Afternoon,Medium
2025-03-12,card,ANON-0000-0000-1165,35.76,Latte,16:36:00.656,2025,3,Wednesday,16,Afternoon,Medium
2025-03-12,card,ANON-0000-0000-1170,25.96,Americano,18:10:34.209,2025,3,Wednesday,18,Evening,Low
2025-03-12,card,ANON-0000-0000-1264,35.76,Cocoa,18:17:17.844,2025,3,Wednesday,18,Evening,Medium
2025-03-12,card,ANON-0000-0000-1282,25.96,Americano,18:24:40.491,2025,3,Wednesday,18,Evening,Low
2025-03-12,card,ANON-0000-0000-1158,35.76,Cappuccino,18:38:56.648,2025,3,Wednesday,18,Evening,Medium
2025-03-12,card,ANON-0000-0000-1170,25.96,Americano,18:42:13.656,2025,3,Wednesday,18,Evening,Low
2025-03-13,card,ANON-0000-0000-1161,35.76,Cappuccino,07:01:36.408,2025,3,Thursday,7,Morning,Medium
2025-03-13,card,ANON-0000-0000-1153,30.86,Americano with Milk,08:23:17.476,2025,3,Thursday,8,Morning,Medium
2025-03-13,card,ANON-0000-0000-1163,30.86,Americano with Milk,09:04:47.284,2025,3,Thursday,9,Morning,Medium
2025-03-13,card,ANON-0000-0000-1168,35.76,Latte,09:20:09.466,2025,3,Thursday,9,Morning,Medium
2025-03-13,card,ANON-0000-0000-1207,21.06,Espresso,09:22:04.621,2025,3,Thursday,9,Morning,Low
2025-03-13,card,ANON-0000-0000-1283,25.96,Americano,09:38:19.627,2025,3,Thursday,9,Morning,Low
2025-03-13,card,ANON-0000-0000-1284,30.86,Americano with Milk,09:39:14.588,2025,3,Thursday,9,Morning,Medium
2025-03-13,card,ANON-0000-0000-1167,25.96,Americano,11:18:02.309,2025,3,Thursday,11,Morning,Low
2025-03-13,card,ANON-0000-0000-1191,35.76,Latte,12:13:37.365,2025,3,Thursday,12,Afternoon,Medium
2025-03-13,card,ANON-0000-0000-1285,30.86,Americano with Milk,14:53:50.007,2025,3,Thursday,14,Afternoon,Medium
2025-03-13,card,ANON-0000-0000-1194,25.96,Americano,14:55:31.554,2025,3,Thursday,14,Afternoon,Low
2025-03-13,card,ANON-0000-0000-1158,35.76,Cappuccino,18:47:43.645,2025,3,Thursday,18,Evening,Medium
2025-03-14,card,ANON-0000-0000-1170,25.96,Americano,07:55:05.952,2025,3,Friday,7,Morning,Low
2025-03-14,card,ANON-0000-0000-1286,30.86,Americano with Milk,08:13:40.184,2025,3,Friday,8,Morning,Medium
2025-03-14,card,ANON-0000-0000-1271,25.96,Americano,08:59:26.828,2025,3,Friday,8,Morning,Low
2025-03-14,card,ANON-0000-0000-1287,35.76,Latte,09:00:29.883,2025,3,Friday,9,Morning,Medium
2025-03-14,card,ANON-0000-0000-1207,21.06,Espresso,09:26:07.904,2025,3,Friday,9,Morning,Low
2025-03-14,card,ANON-0000-0000-1170,25.96,Americano,09:28:37.201,2025,3,Friday,9,Morning,Low
2025-03-14,card,ANON-0000-0000-1110,25.96,Americano,10:20:51.345,2025,3,Friday,10,Morning,Low
2025-03-14,card,ANON-0000-0000-1288,35.76,Latte,10:48:22.804,2025,3,Friday,10,Morning,Medium
2025-03-14,card,ANON-0000-0000-1288,35.76,Cappuccino,10:49:27.796,2025,3,Friday,10,Morning,Medium
2025-03-14,card,ANON-0000-0000-1170,25.96,Americano,14:35:17.282,2025,3,Friday,14,Afternoon,Low
2025-03-14,card,ANON-0000-0000-1165,35.76,Latte,14:36:21.815,2025,3,Friday,14,Afternoon,Medium
2025-03-14,card,ANON-0000-0000-1191,35.76,Latte,15:54:20.979,2025,3,Friday,15,Afternoon,Medium
2025-03-14,card,ANON-0000-0000-1165,35.76,Latte,15:55:40.848,2025,3,Friday,15,Afternoon,Medium
2025-03-14,card,ANON-0000-0000-1170,25.96,Americano,16:27:04.016,2025,3,Friday,16,Afternoon,Low
2025-03-14,card,ANON-0000-0000-1276,35.76,Cocoa,16:31:00.187,2025,3,Friday,16,Afternoon,Medium
2025-03-14,card,ANON-0000-0000-1289,35.76,Cocoa,16:31:55.078,2025,3,Friday,16,Afternoon,Medium
2025-03-14,card,ANON-0000-0000-1289,35.76,Cocoa,16:32:40.221,2025,3,Friday,16,Afternoon,Medium
2025-03-14,card,ANON-0000-0000-1290,25.96,Americano,17:05:24.113,2025,3,Friday,17,Evening,Low
2025-03-14,card,ANON-0000-0000-1167,25.96,Americano,17:22:14.665,2025,3,Friday,17,Evening,Low
2025-03-14,card,ANON-0000-0000-1191,35.76,Latte,17:27:15.280,2025,3,Friday,17,Evening,Medium
2025-03-14,card,ANON-0000-0000-1165,35.76,Latte,17:28:38.332,2025,3,Friday,17,Evening,Medium
2025-03-14,card,ANON-0000-0000-1291,25.96,Americano,20:20:22.022,2025,3,Friday,20,Evening,Low
2025-03-14,card,ANON-0000-0000-1214,25.96,Americano,21:40:43.586,2025,3,Friday,21,Evening,Low
2025-03-15,card,ANON-0000-0000-1163,30.86,Americano with Milk,09:53:22.276,2025,3,Saturday,9,Morning,Medium
2025-03-15,card,ANON-0000-0000-1158,35.76,Cappuccino,10:03:22.542,2025,3,Saturday,10,Morning,Medium
2025-03-15,card,ANON-0000-0000-1167,25.96,Americano,13:55:41.953,2025,3,Saturday,13,Afternoon,Low
2025-03-15,card,ANON-0000-0000-0046,35.76,Cappuccino,17:10:23.402,2025,3,Saturday,17,Evening,Medium
2025-03-15,card,ANON-0000-0000-1152,30.86,Americano with Milk,17:12:08.359,2025,3,Saturday,17,Evening,Medium
2025-03-15,card,ANON-0000-0000-1217,30.86,Americano with Milk,19:30:36.505,2025,3,Saturday,19,Evening,Medium
2025-03-15,card,ANON-0000-0000-1292,35.76,Cappuccino,19:51:27.089,2025,3,Saturday,19,Evening,Medium
2025-03-16,card,ANON-0000-0000-1161,35.76,Cappuccino,09:32:17.307,2025,3,Sunday,9,Morning,Medium
2025-03-16,card,ANON-0000-0000-1293,30.86,Americano with Milk,09:36:23.195,2025,3,Sunday,9,Morning,Medium
2025-03-16,card,ANON-0000-0000-1294,35.76,Latte,10:50:09.372,2025,3,Sunday,10,Morning,Medium
2025-03-16,card,ANON-0000-0000-1294,35.76,Hot Chocolate,12:00:47.135,2025,3,Sunday,12,Afternoon,Medium
2025-03-16,card,ANON-0000-0000-1170,25.96,Americano,14:22:42.633,2025,3,Sunday,14,Afternoon,Low
2025-03-17,card,ANON-0000-0000-1163,25.96,Americano,06:54:40.633,2025,3,Monday,6,Morning,Low
2025-03-17,card,ANON-0000-0000-1110,25.96,Americano,08:09:50.056,2025,3,Monday,8,Morning,Low
2025-03-17,card,ANON-0000-0000-1110,25.96,Americano,08:18:02.658,2025,3,Monday,8,Morning,Low
2025-03-17,card,ANON-0000-0000-1153,30.86,Americano with Milk,09:02:58.954,2025,3,Monday,9,Morning,Medium
2025-03-17,card,ANON-0000-0000-1163,25.96,Americano,10:32:39.537,2025,3,Monday,10,Morning,Low
2025-03-17,card,ANON-0000-0000-1203,25.96,Americano,13:59:00.995,2025,3,Monday,13,Afternoon,Low
2025-03-17,card,ANON-0000-0000-1276,35.76,Cocoa,14:21:24.547,2025,3,Monday,14,Afternoon,Medium
2025-03-17,card,ANON-0000-0000-1276,35.76,Cocoa,14:22:19.742,2025,3,Monday,14,Afternoon,Medium
2025-03-17,card,ANON-0000-0000-1295,35.76,Latte,14:48:03.518,2025,3,Monday,14,Afternoon,Medium
2025-03-17,card,ANON-0000-0000-1158,35.76,Cappuccino,15:11:17.288,2025,3,Monday,15,Afternoon,Medium
2025-03-17,card,ANON-0000-0000-1165,35.76,Latte,15:47:15.913,2025,3,Monday,15,Afternoon,Medium
2025-03-17,card,ANON-0000-0000-1191,35.76,Latte,15:48:58.455,2025,3,Monday,15,Afternoon,Medium
2025-03-17,card,ANON-0000-0000-1167,25.96,Americano,16:46:44.575,2025,3,Monday,16,Afternoon,Low
2025-03-18,card,ANON-0000-0000-1296,30.86,Americano with Milk,08:23:10.985,2025,3,Tuesday,8,Morning,Medium
2025-03-18,card,ANON-0000-0000-1168,35.76,Latte,08:33:49.559,2025,3,Tuesday,8,Morning,Medium
2025-03-18,card,ANON-0000-0000-1215,35.76,Latte,10:49:51.408,2025,3,Tuesday,10,Morning,Medium
2025-03-18,card,ANON-0000-0000-1215,25.96,Americano,10:51:17.714,2025,3,Tuesday,10,Morning,Low
2025-03-18,card,ANON-0000-0000-1297,35.76,Hot Chocolate,11:47:19.969,2025,3,Tuesday,11,Morning,Medium
2025-03-18,card,ANON-0000-0000-1297,35.76,Hot Chocolate,11:48:55.654,2025,3,Tuesday,11,Morning,Medium
2025-03-18,card,ANON-0000-0000-1293,30.86,Americano with Milk,14:43:35.117,2025,3,Tuesday,14,Afternoon,Medium
2025-03-18,card,ANON-0000-0000-1110,25.96,Americano,15:03:53.426,2025,3,Tuesday,15,Afternoon,Low
2025-03-18,card,ANON-0000-0000-1166,30.86,Americano with Milk,15:11:07.394,2025,3,Tuesday,15,Afternoon,Medium
2025-03-18,card,ANON-0000-0000-1203,25.96,Americano,16:09:07.577,2025,3,Tuesday,16,Afternoon,Low
2025-03-18,card,ANON-0000-0000-1165,35.76,Latte,16:11:45.142,2025,3,Tuesday,16,Afternoon,Medium
2025-03-18,card,ANON-0000-0000-1203,21.06,Espresso,16:23:20.622,2025,3,Tuesday,16,Afternoon,Low
2025-03-18,card,ANON-0000-0000-1163,35.76,Cocoa,18:42:30.606,2025,3,Tuesday,18,Evening,Medium
2025-03-18,card,ANON-0000-0000-1163,35.76,Cocoa,18:43:17.494,2025,3,Tuesday,18,Evening,Medium
2025-03-18,card,ANON-0000-0000-1276,35.76,Cocoa,20:00:34.963,2025,3,Tuesday,20,Evening,Medium
2025-03-18,card,ANON-0000-0000-1276,35.76,Cocoa,20:01:37.737,2025,3,Tuesday,20,Evening,Medium
2025-03-18,card,ANON-0000-0000-1298,35.76,Latte,21:20:40.031,2025,3,Tuesday,21,Evening,Medium
2025-03-19,card,ANON-0000-0000-1152,25.96,Americano,07:03:07.073,2025,3,Wednesday,7,Morning,Low
2025-03-19,card,ANON-0000-0000-0261,25.96,Americano,07:04:08.618,2025,3,Wednesday,7,Morning,Low
2025-03-19,card,ANON-0000-0000-1161,35.76,Cappuccino,07:06:34.913,2025,3,Wednesday,7,Morning,Medium
2025-03-19,card,ANON-0000-0000-0019,25.96,Americano,08:03:18.296,2025,3,Wednesday,8,Morning,Low
2025-03-19,card,ANON-0000-0000-1227,35.76,Hot Chocolate,10:18:39.225,2025,3,Wednesday,10,Morning,Medium
2025-03-19,card,ANON-0000-0000-1110,25.96,Americano,11:55:39.825,2025,3,Wednesday,11,Morning,Low
2025-03-19,card,ANON-0000-0000-1299,25.96,Americano,12:58:27.177,2025,3,Wednesday,12,Afternoon,Low
2025-03-19,card,ANON-0000-0000-1295,35.76,Latte,15:12:53.164,2025,3,Wednesday,15,Afternoon,Medium
2025-03-19,card,ANON-0000-0000-1300,35.76,Latte,15:14:23.419,2025,3,Wednesday,15,Afternoon,Medium
2025-03-19,card,ANON-0000-0000-1191,35.76,Latte,16:19:33.938,2025,3,Wednesday,16,Afternoon,Medium
2025-03-19,card,ANON-0000-0000-1167,25.96,Americano,16:29:56.276,2025,3,Wednesday,16,Afternoon,Low
2025-03-19,card,ANON-0000-0000-1158,35.76,Cappuccino,16:40:33.766,2025,3,Wednesday,16,Afternoon,Medium
2025-03-19,card,ANON-0000-0000-1158,35.76,Cappuccino,16:42:16.035,2025,3,Wednesday,16,Afternoon,Medium
2025-03-19,card,ANON-0000-0000-1152,25.96,Americano,16:51:35.154,2025,3,Wednesday,16,Afternoon,Low
2025-03-19,card,ANON-0000-0000-1110,25.96,Americano,16:52:29.653,2025,3,Wednesday,16,Afternoon,Low
2025-03-19,card,ANON-0000-0000-1275,35.76,Cocoa,16:59:59.993,2025,3,Wednesday,16,Afternoon,Medium
2025-03-19,card,ANON-0000-0000-1219,30.86,Americano with Milk,17:09:55.033,2025,3,Wednesday,17,Evening,Medium
2025-03-19,card,ANON-0000-0000-1222,30.86,Americano with Milk,17:27:39.671,2025,3,Wednesday,17,Evening,Medium
2025-03-19,card,ANON-0000-0000-1301,25.96,Cortado,18:29:50.378,2025,3,Wednesday,18,Evening,Low
2025-03-19,card,ANON-0000-0000-1302,21.06,Espresso,18:30:44.007,2025,3,Wednesday,18,Evening,Low
2025-03-19,card,ANON-0000-0000-1303,21.06,Espresso,18:31:25.990,2025,3,Wednesday,18,Evening,Low
2025-03-20,card,ANON-0000-0000-1304,30.86,Americano with Milk,08:13:16.283,2025,3,Thursday,8,Morning,Medium
2025-03-20,card,ANON-0000-0000-1152,30.86,Americano with Milk,09:52:04.770,2025,3,Thursday,9,Morning,Medium
2025-03-20,card,ANON-0000-0000-1293,30.86,Americano with Milk,10:06:44.316,2025,3,Thursday,10,Morning,Medium
2025-03-20,card,ANON-0000-0000-1305,25.96,Americano,10:45:44.187,2025,3,Thursday,10,Morning,Low
2025-03-20,card,ANON-0000-0000-1110,25.96,Americano,10:55:17.442,2025,3,Thursday,10,Morning,Low
2025-03-20,card,ANON-0000-0000-1306,25.96,Americano,12:48:24.389,2025,3,Thursday,12,Afternoon,Low
2025-03-20,card,ANON-0000-0000-1152,25.96,Americano,14:04:43.871,2025,3,Thursday,14,Afternoon,Low
2025-03-20,card,ANON-0000-0000-1290,25.96,Americano,14:20:37.878,2025,3,Thursday,14,Afternoon,Low
2025-03-20,card,ANON-0000-0000-1290,21.06,Espresso,14:21:41.901,2025,3,Thursday,14,Afternoon,Low
2025-03-20,card,ANON-0000-0000-1307,25.96,Cortado,14:25:04.690,2025,3,Thursday,14,Afternoon,Low
2025-03-20,card,ANON-0000-0000-1308,35.76,Cappuccino,14:26:46.715,2025,3,Thursday,14,Afternoon,Medium
2025-03-20,card,ANON-0000-0000-1161,35.76,Cappuccino,14:59:47.451,2025,3,Thursday,14,Afternoon,Medium
2025-03-20,card,ANON-0000-0000-1170,25.96,Americano,15:05:22.395,2025,3,Thursday,15,Afternoon,Low
2025-03-20,card,ANON-0000-0000-1276,25.96,Americano,15:21:51.822,2025,3,Thursday,15,Afternoon,Low
2025-03-20,card,ANON-0000-0000-1158,35.76,Cappuccino,16:45:44.972,2025,3,Thursday,16,Afternoon,Medium
2025-03-20,card,ANON-0000-0000-1309,25.96,Americano,17:23:51.421,2025,3,Thursday,17,Evening,Low
2025-03-20,card,ANON-0000-0000-1233,35.76,Hot Chocolate,18:55:58.672,2025,3,Thursday,18,Evening,Medium
2025-03-20,card,ANON-0000-0000-1310,35.76,Cocoa,19:36:41.600,2025,3,Thursday,19,Evening,Medium
2025-03-20,card,ANON-0000-0000-1158,35.76,Cappuccino,19:57:48.479,2025,3,Thursday,19,Evening,Medium
2025-03-20,card,ANON-0000-0000-1298,35.76,Latte,21:50:15.613,2025,3,Thursday,21,Evening,Medium
2025-03-21,card,ANON-0000-0000-1163,30.86,Americano with Milk,07:06:11.979,2025,3,Friday,7,Morning,Medium
2025-03-21,card,ANON-0000-0000-1163,30.86,Americano with Milk,07:09:08.106,2025,3,Friday,7,Morning,Medium
2025-03-21,card,ANON-0000-0000-1306,25.96,Americano,08:16:43.719,2025,3,Friday,8,Morning,Low
2025-03-21,card,ANON-0000-0000-1110,25.96,Americano,08:28:36.520,2025,3,Friday,8,Morning,Low
2025-03-21,card,ANON-0000-0000-1110,25.96,Americano,08:29:20.898,2025,3,Friday,8,Morning,Low
2025-03-21,card,ANON-0000-0000-1311,35.76,Cappuccino,08:35:18.996,2025,3,Friday,8,Morning,Medium
2025-03-21,card,ANON-0000-0000-1163,25.96,Americano,11:50:09.303,2025,3,Friday,11,Morning,Low
2025-03-21,card,ANON-0000-0000-0019,35.76,Latte,11:51:07.530,2025,3,Friday,11,Morning,Medium
2025-03-21,card,ANON-0000-0000-1306,25.96,Americano,13:02:48.347,2025,3,Friday,13,Afternoon,Low
2025-03-21,card,ANON-0000-0000-1275,35.76,Latte,13:23:57.002,2025,3,Friday,13,Afternoon,Medium
2025-03-21,card,ANON-0000-0000-1158,35.76,Cappuccino,14:11:44.055,2025,3,Friday,14,Afternoon,Medium
2025-03-21,card,ANON-0000-0000-1312,35.76,Cappuccino,15:09:03.022,2025,3,Friday,15,Afternoon,Medium
2025-03-21,card,ANON-0000-0000-1170,25.96,Americano,15:24:42.515,2025,3,Friday,15,Afternoon,Low
2025-03-21,card,ANON-0000-0000-1110,35.76,Latte,15:28:19.564,2025,3,Friday,15,Afternoon,Medium
2025-03-21,card,ANON-0000-0000-1163,35.76,Cappuccino,15:29:32.330,2025,3,Friday,15,Afternoon,Medium
2025-03-21,card,ANON-0000-0000-1259,35.76,Hot Chocolate,17:01:28.771,2025,3,Friday,17,Evening,Medium
2025-03-21,card,ANON-0000-0000-1165,35.76,Latte,17:21:16.930,2025,3,Friday,17,Evening,Medium
2025-03-21,card,ANON-0000-0000-1191,35.76,Latte,17:22:49.875,2025,3,Friday,17,Evening,Medium
2025-03-21,card,ANON-0000-0000-0507,35.76,Latte,18:52:12.666,2025,3,Friday,18,Evening,Medium
2025-03-21,card,ANON-0000-0000-1170,25.96,Americano,18:59:24.271,2025,3,Friday,18,Evening,Low
2025-03-22,card,ANON-0000-0000-1274,30.86,Americano with Milk,09:05:13.059,2025,3,Saturday,9,Morning,Medium
2025-03-22,card,ANON-0000-0000-1152,30.86,Americano with Milk,10:30:09.403,2025,3,Saturday,10,Morning,Medium
2025-03-22,card,ANON-0000-0000-1259,35.76,Hot Chocolate,11:14:05.960,2025,3,Saturday,11,Morning,Medium
2025-03-22,card,ANON-0000-0000-1279,35.76,Cocoa,11:41:20.579,2025,3,Saturday,11,Morning,Medium
2025-03-22,card,ANON-0000-0000-1313,30.86,Americano with Milk,12:18:27.491,2025,3,Saturday,12,Afternoon,Medium
2025-03-22,card,ANON-0000-0000-1306,25.96,Americano,12:25:59.676,2025,3,Saturday,12,Afternoon,Low
2025-03-22,card,ANON-0000-0000-1309,25.96,Americano,13:06:21.590,2025,3,Saturday,13,Afternoon,Low
2025-03-22,card,ANON-0000-0000-1267,30.86,Americano with Milk,13:23:17.918,2025,3,Saturday,13,Afternoon,Medium
2025-03-22,card,ANON-0000-0000-1302,21.06,Espresso,15:57:58.183,2025,3,Saturday,15,Afternoon,Low
2025-03-22,card,ANON-0000-0000-1274,35.76,Latte,16:26:59.766,2025,3,Saturday,16,Afternoon,Medium
2025-03-22,card,ANON-0000-0000-1274,30.86,Americano with Milk,17:53:35.942,2025,3,Saturday,17,Evening,Medium
2025-03-22,card,ANON-0000-0000-1314,30.86,Americano with Milk,19:16:52.727,2025,3,Saturday,19,Evening,Medium
2025-03-23,card,ANON-0000-0000-1196,35.76,Latte,10:07:11.278,2025,3,Sunday,10,Morning,Medium
2025-03-23,card,ANON-0000-0000-1158,35.76,Cappuccino,10:34:54.894,2025,3,Sunday,10,Morning,Medium
2025-03-23,card,ANON-0000-0000-1315,35.76,Cocoa,14:43:37.362,2025,3,Sunday,14,Afternoon,Medium
2025-03-23,card,ANON-0000-0000-1315,35.76,Cocoa,14:44:16.864,2025,3,Sunday,14,Afternoon,Medium
2025-03-23,card,ANON-0000-0000-1316,25.96,Americano,15:47:28.723,2025,3,Sunday,15,Afternoon,Low
2025-03-23,card,ANON-0000-0000-1275,35.76,Latte,18:11:38.635,2025,3,Sunday,18,Evening,Medium
